// AUTO-GENERATED by sim/build_logo_arrays.py. Do not edit by hand.
#include "logos_data.h"

#include <cstring>

#ifndef LV_ATTRIBUTE_LARGE_CONST
#define LV_ATTRIBUTE_LARGE_CONST
#endif

static const LV_ATTRIBUTE_LARGE_CONST uint8_t logo_ADBE_data[] = {
  0x00, 0x00, 0x00, 0x00, 0x00, 0x00, 0x00, 0x00, 0x00, 0x00, 0x00, 0x00, 0x00, 0x00, 0x00, 0x00,
  0x00, 0x00, 0x00, 0x00, 0x00, 0x00, 0x00, 0x00, 0x00, 0x00, 0x00, 0x00, 0x00, 0x00, 0x00, 0x00,
  0x00, 0x00, 0x00, 0x00, 0x00, 0x00, 0x00, 0x00, 0x00, 0x00, 0x00, 0x00, 0x00, 0x00, 0x00, 0x00,
  0x00, 0x00, 0x00, 0x00, 0x00, 0x00, 0x00, 0x00, 0x00, 0x00, 0x00, 0x00, 0x00, 0x00, 0x00, 0x00,
  0x00, 0x00, 0x00, 0x00, 0x00, 0x00, 0x00, 0x00, 0x00, 0x00, 0x00, 0x00, 0x00, 0x00, 0x00, 0x00,
  0x00, 0x00, 0x00, 0x00, 0x00, 0x00, 0x00, 0x00, 0x00, 0x00, 0x00, 0x00, 0x00, 0x00, 0x00, 0x00,
  0x00, 0x00, 0x00, 0x00, 0x00, 0x00, 0x00, 0x00, 0x00, 0x00, 0x00, 0x00, 0x00, 0x00, 0x00, 0x00,
  0x00, 0x00, 0x00, 0x00, 0x00, 0x00, 0x00, 0x00, 0x00, 0x00, 0x00, 0x00, 0x00, 0x00, 0x00, 0x00,
  0x00, 0x00, 0x00, 0x00, 0x00, 0x00, 0x00, 0x00, 0x00, 0x00, 0x00, 0x00, 0x00, 0x00, 0x00, 0x00,
  0x00, 0x00, 0x00, 0x00, 0x00, 0x00, 0x00, 0x00, 0x00, 0x00, 0x00, 0x00, 0x00, 0x00, 0x00, 0x00,
  0x00, 0x00, 0x00, 0x00, 0x00, 0x00, 0x00, 0x00, 0x00, 0x00, 0x00, 0x00, 0x00, 0x00, 0x00, 0x00,
  0x00, 0x00, 0x00, 0x00, 0x00, 0x00, 0x00, 0x00, 0x00, 0x00, 0x00, 0x00, 0x00, 0x00, 0x00, 0x00,
  0x00, 0x00, 0x00, 0x00, 0xff, 0xff, 0xff, 0x3e, 0xff, 0xff, 0xff, 0x7e, 0xff, 0xff, 0xff, 0x7b,
  0xff, 0xff, 0xff, 0x7e, 0xff, 0xff, 0xff, 0x7e, 0xff, 0xff, 0xff, 0x7e, 0xff, 0xff, 0xff, 0x7e,
  0xff, 0xff, 0xff, 0x7e, 0xff, 0xff, 0xff, 0x7e, 0xff, 0xff, 0xff, 0x7e, 0xff, 0xff, 0xff, 0x7e,
  0xff, 0xff, 0xff, 0x7e, 0xff, 0xff, 0xff, 0x7e, 0xff, 0xff, 0xff, 0x7e, 0xff, 0xff, 0xff, 0x7e,
  0xff, 0xff, 0xff, 0x7e, 0xff, 0xff, 0xff, 0x7e, 0xff, 0xff, 0xff, 0x7e, 0xff, 0xff, 0xff, 0x7e,
  0xff, 0xff, 0xff, 0x7e, 0xff, 0xff, 0xff, 0x7e, 0xff, 0xff, 0xff, 0x7e, 0xff, 0xff, 0xff, 0x7e,
  0xff, 0xff, 0xff, 0x7e, 0xff, 0xff, 0xff, 0x7e, 0xff, 0xff, 0xff, 0x7e, 0xff, 0xff, 0xff, 0x7e,
  0xff, 0xff, 0xff, 0x7e, 0xff, 0xff, 0xff, 0x7e, 0xff, 0xff, 0xff, 0x7e, 0xff, 0xff, 0xff, 0x7e,
  0xff, 0xff, 0xff, 0x7e, 0xff, 0xff, 0xff, 0x7e, 0xff, 0xff, 0xff, 0x7e, 0xff, 0xff, 0xff, 0x7e,
  0xff, 0xff, 0xff, 0x7e, 0xff, 0xff, 0xff, 0x7e, 0xff, 0xff, 0xff, 0x7e, 0xff, 0xff, 0xff, 0x7e,
  0xff, 0xff, 0xff, 0x7e, 0xff, 0xff, 0xff, 0x7e, 0xff, 0xff, 0xff, 0x7e, 0xff, 0xff, 0xff, 0x7e,
  0xff, 0xff, 0xff, 0x7b, 0xff, 0xff, 0xff, 0x7e, 0xff, 0xff, 0xff, 0x3e, 0x00, 0x00, 0x00, 0x00,
  0x00, 0x00, 0x00, 0x00, 0xff, 0xff, 0xff, 0x8a, 0xff, 0xff, 0xff, 0xff, 0xff, 0xff, 0xff, 0xff,
  0xff, 0xff, 0xff, 0xff, 0xff, 0xff, 0xff, 0xff, 0xff, 0xff, 0xff, 0xff, 0xff, 0xff, 0xff, 0xff,
  0xff, 0xff, 0xff, 0xff, 0xff, 0xff, 0xff, 0xff, 0xff, 0xff, 0xff, 0xff, 0xff, 0xff, 0xff, 0xff,
  0xff, 0xff, 0xff, 0xff, 0xff, 0xff, 0xff, 0xff, 0xff, 0xff, 0xff, 0xff, 0xff, 0xff, 0xff, 0xff,
  0xff, 0xff, 0xff, 0xff, 0xff, 0xff, 0xff, 0xff, 0xff, 0xff, 0xff, 0xff, 0xff, 0xff, 0xff, 0xff,
  0xff, 0xff, 0xff, 0xff, 0xff, 0xff, 0xff, 0xff, 0xff, 0xff, 0xff, 0xff, 0xff, 0xff, 0xff, 0xff,
  0xff, 0xff, 0xff, 0xff, 0xff, 0xff, 0xff, 0xff, 0xff, 0xff, 0xff, 0xff, 0xff, 0xff, 0xff, 0xff,
  0xff, 0xff, 0xff, 0xff, 0xff, 0xff, 0xff, 0xff, 0xff, 0xff, 0xff, 0xff, 0xff, 0xff, 0xff, 0xff,
  0xff, 0xff, 0xff, 0xff, 0xff, 0xff, 0xff, 0xff, 0xff, 0xff, 0xff, 0xff, 0xff, 0xff, 0xff, 0xff,
  0xff, 0xff, 0xff, 0xff, 0xff, 0xff, 0xff, 0xff, 0xff, 0xff, 0xff, 0xff, 0xff, 0xff, 0xff, 0xff,
  0xff, 0xff, 0xff, 0xff, 0xff, 0xff, 0xff, 0xff, 0xff, 0xff, 0xff, 0xff, 0xff, 0xff, 0xff, 0xff,
  0xff, 0xff, 0xff, 0xff, 0xff, 0xff, 0xff, 0xff, 0xff, 0xff, 0xff, 0x8a, 0x00, 0x00, 0x00, 0x00,
  0x00, 0x00, 0x00, 0x00, 0xff, 0xff, 0xff, 0x7b, 0xff, 0xff, 0xff, 0xf9, 0xff, 0xff, 0xff, 0xf3,
  0xff, 0xff, 0xff, 0xf9, 0xff, 0xff, 0xff, 0xf9, 0xff, 0xff, 0xff, 0xf9, 0xff, 0xff, 0xff, 0xf9,
  0xff, 0xff, 0xff, 0xf9, 0xff, 0xff, 0xff, 0xf9, 0xff, 0xff, 0xff, 0xf9, 0xff, 0xff, 0xff, 0xf9,
  0xff, 0xff, 0xff, 0xf9, 0xff, 0xff, 0xff, 0xf9, 0xff, 0xff, 0xff, 0xf9, 0xff, 0xff, 0xff, 0xf9,
  0xff, 0xff, 0xff, 0xf9, 0xff, 0xff, 0xff, 0xf9, 0xff, 0xff, 0xff, 0xf9, 0xff, 0xff, 0xff, 0xf9,
  0xff, 0xff, 0xff, 0xf9, 0xff, 0xff, 0xff, 0xf9, 0xff, 0xff, 0xff, 0xf9, 0xff, 0xff, 0xff, 0xf9,
  0xff, 0xff, 0xff, 0xf9, 0xff, 0xff, 0xff, 0xf9, 0xff, 0xff, 0xff, 0xf9, 0xff, 0xff, 0xff, 0xf9,
  0xff, 0xff, 0xff, 0xf9, 0xff, 0xff, 0xff, 0xf9, 0xff, 0xff, 0xff, 0xf9, 0xff, 0xff, 0xff, 0xf9,
  0xff, 0xff, 0xff, 0xf9, 0xff, 0xff, 0xff, 0xf9, 0xff, 0xff, 0xff, 0xf9, 0xff, 0xff, 0xff, 0xf9,
  0xff, 0xff, 0xff, 0xf9, 0xff, 0xff, 0xff, 0xf9, 0xff, 0xff, 0xff, 0xf9, 0xff, 0xff, 0xff, 0xf9,
  0xff, 0xff, 0xff, 0xf9, 0xff, 0xff, 0xff, 0xf9, 0xff, 0xff, 0xff, 0xf9, 0xff, 0xff, 0xff, 0xf9,
  0xff, 0xff, 0xff, 0xf3, 0xff, 0xff, 0xff, 0xf9, 0xff, 0xff, 0xff, 0x7b, 0x00, 0x00, 0x00, 0x00,
  0x00, 0x00, 0x00, 0x00, 0xff, 0xff, 0xff, 0x7e, 0xff, 0xff, 0xff, 0xff, 0xff, 0xff, 0xff, 0xf9,
  0xff, 0xff, 0xff, 0xff, 0xff, 0xff, 0xff, 0xff, 0xff, 0xff, 0xff, 0xff, 0xff, 0xff, 0xff, 0xff,
  0xff, 0xff, 0xff, 0xff, 0xff, 0xff, 0xff, 0xff, 0xff, 0xff, 0xff, 0xff, 0xff, 0xff, 0xff, 0xff,
  0xff, 0xff, 0xff, 0xff, 0xff, 0xff, 0xff, 0xff, 0xff, 0xff, 0xff, 0xff, 0xff, 0xff, 0xff, 0xff,
  0xff, 0xff, 0xff, 0xff, 0xff, 0xff, 0xff, 0xff, 0xff, 0xff, 0xff, 0xff, 0xff, 0xff, 0xff, 0xff,
  0xff, 0xff, 0xff, 0xff, 0xff, 0xff, 0xff, 0xff, 0xff, 0xff, 0xff, 0xff, 0xff, 0xff, 0xff, 0xff,
  0xff, 0xff, 0xff, 0xff, 0xff, 0xff, 0xff, 0xff, 0xff, 0xff, 0xff, 0xff, 0xff, 0xff, 0xff, 0xff,
  0xff, 0xff, 0xff, 0xff, 0xff, 0xff, 0xff, 0xff, 0xff, 0xff, 0xff, 0xff, 0xff, 0xff, 0xff, 0xff,
  0xff, 0xff, 0xff, 0xff, 0xff, 0xff, 0xff, 0xff, 0xff, 0xff, 0xff, 0xff, 0xff, 0xff, 0xff, 0xff,
  0xff, 0xff, 0xff, 0xff, 0xff, 0xff, 0xff, 0xff, 0xff, 0xff, 0xff, 0xff, 0xff, 0xff, 0xff, 0xff,
  0xff, 0xff, 0xff, 0xff, 0xff, 0xff, 0xff, 0xff, 0xff, 0xff, 0xff, 0xff, 0xff, 0xff, 0xff, 0xff,
  0xff, 0xff, 0xff, 0xf9, 0xff, 0xff, 0xff, 0xff, 0xff, 0xff, 0xff, 0x7e, 0x00, 0x00, 0x00, 0x00,
  0x00, 0x00, 0x00, 0x00, 0xff, 0xff, 0xff, 0x7e, 0xff, 0xff, 0xff, 0xff, 0xff, 0xff, 0xff, 0xf9,
  0xff, 0xff, 0xff, 0xff, 0xff, 0xff, 0xff, 0xff, 0xff, 0xff, 0xff, 0xff, 0xff, 0xff, 0xff, 0xff,
  0xff, 0xff, 0xff, 0xff, 0xff, 0xff, 0xff, 0xff, 0xff, 0xff, 0xff, 0xff, 0xff, 0xff, 0xff, 0xff,
  0xff, 0xff, 0xff, 0xff, 0xff, 0xff, 0xff, 0xff, 0xff, 0xff, 0xff, 0xff, 0xff, 0xff, 0xff, 0xff,
  0xff, 0xff, 0xff, 0xff, 0xff, 0xff, 0xff, 0xff, 0xff, 0xff, 0xff, 0xff, 0xfc, 0xfc, 0xff, 0xff,
  0xfb, 0xfb, 0xff, 0xff, 0xfb, 0xfb, 0xff, 0xff, 0xfb, 0xfb, 0xff, 0xff, 0xfb, 0xfb, 0xff, 0xff,
  0xfb, 0xfb, 0xff, 0xff, 0xfb, 0xfb, 0xff, 0xff, 0xfb, 0xfb, 0xff, 0xff, 0xfb, 0xfb, 0xff, 0xff,
  0xfb, 0xfb, 0xff, 0xff, 0xfe, 0xfe, 0xff, 0xff, 0xff, 0xff, 0xff, 0xff, 0xff, 0xff, 0xff, 0xff,
  0xff, 0xff, 0xff, 0xff, 0xff, 0xff, 0xff, 0xff, 0xff, 0xff, 0xff, 0xff, 0xff, 0xff, 0xff, 0xff,
  0xff, 0xff, 0xff, 0xff, 0xff, 0xff, 0xff, 0xff, 0xff, 0xff, 0xff, 0xff, 0xff, 0xff, 0xff, 0xff,
  0xff, 0xff, 0xff, 0xff, 0xff, 0xff, 0xff, 0xff, 0xff, 0xff, 0xff, 0xff, 0xff, 0xff, 0xff, 0xff,
  0xff, 0xff, 0xff, 0xf9, 0xff, 0xff, 0xff, 0xff, 0xff, 0xff, 0xff, 0x7e, 0x00, 0x00, 0x00, 0x00,
  0x00, 0x00, 0x00, 0x00, 0xff, 0xff, 0xff, 0x7e, 0xff, 0xff, 0xff, 0xff, 0xff, 0xff, 0xff, 0xf9,
  0xff, 0xff, 0xff, 0xff, 0xff, 0xff, 0xff, 0xff, 0xff, 0xff, 0xff, 0xff, 0xff, 0xff, 0xff, 0xff,
  0xff, 0xff, 0xff, 0xff, 0xff, 0xff, 0xff, 0xff, 0xff, 0xff, 0xff, 0xff, 0xff, 0xff, 0xff, 0xff,
  0xff, 0xff, 0xff, 0xff, 0xff, 0xff, 0xff, 0xff, 0xff, 0xff, 0xff, 0xff, 0xff, 0xff, 0xff, 0xff,
  0xff, 0xff, 0xff, 0xff, 0xff, 0xff, 0xff, 0xff, 0xff, 0xff, 0xff, 0xff, 0xff, 0xff, 0xff, 0xff,
  0xff, 0xff, 0xff, 0xff, 0xff, 0xff, 0xff, 0xff, 0xff, 0xff, 0xff, 0xff, 0xff, 0xff, 0xff, 0xff,
  0xff, 0xff, 0xff, 0xff, 0xff, 0xff, 0xff, 0xff, 0xff, 0xff, 0xff, 0xff, 0xff, 0xff, 0xff, 0xff,
  0xff, 0xff, 0xff, 0xff, 0xff, 0xff, 0xff, 0xff, 0xff, 0xff, 0xff, 0xff, 0xff, 0xff, 0xff, 0xff,
  0xff, 0xff, 0xff, 0xff, 0xff, 0xff, 0xff, 0xff, 0xff, 0xff, 0xff, 0xff, 0xff, 0xff, 0xff, 0xff,
  0xff, 0xff, 0xff, 0xff, 0xff, 0xff, 0xff, 0xff, 0xff, 0xff, 0xff, 0xff, 0xff, 0xff, 0xff, 0xff,
  0xff, 0xff, 0xff, 0xff, 0xff, 0xff, 0xff, 0xff, 0xff, 0xff, 0xff, 0xff, 0xff, 0xff, 0xff, 0xff,
  0xff, 0xff, 0xff, 0xf9, 0xff, 0xff, 0xff, 0xff, 0xff, 0xff, 0xff, 0x7e, 0x00, 0x00, 0x00, 0x00,
  0x00, 0x00, 0x00, 0x00, 0xff, 0xff, 0xff, 0x7e, 0xff, 0xff, 0xff, 0xff, 0xff, 0xff, 0xff, 0xf9,
  0xff, 0xff, 0xff, 0xff, 0xff, 0xff, 0xff, 0xff, 0xff, 0xff, 0xff, 0xff, 0xff, 0xff, 0xff, 0xff,
  0xff, 0xff, 0xff, 0xff, 0xff, 0xff, 0xff, 0xff, 0xff, 0xff, 0xff, 0xff, 0xff, 0xff, 0xff, 0xff,
  0xff, 0xff, 0xff, 0xff, 0xff, 0xff, 0xff, 0xff, 0xff, 0xff, 0xff, 0xff, 0xff, 0xff, 0xff, 0xff,
  0xff, 0xff, 0xff, 0xff, 0xfe, 0xfe, 0xff, 0xff, 0xff, 0xff, 0xff, 0xff, 0xd3, 0xd2, 0xfb, 0xff,
  0xb4, 0xb5, 0xf8, 0xff, 0xba, 0xbb, 0xf9, 0xff, 0xb9, 0xba, 0xf9, 0xff, 0xb9, 0xba, 0xf9, 0xff,
  0xb9, 0xba, 0xf9, 0xff, 0xb9, 0xba, 0xf9, 0xff, 0xb9, 0xba, 0xf9, 0xff, 0xb8, 0xb9, 0xf9, 0xff,
  0xc0, 0xc0, 0xf9, 0xff, 0xf8, 0xf8, 0xfe, 0xff, 0xff, 0xff, 0xff, 0xff, 0xff, 0xff, 0xff, 0xff,
  0xff, 0xff, 0xff, 0xff, 0xff, 0xff, 0xff, 0xff, 0xff, 0xff, 0xff, 0xff, 0xff, 0xff, 0xff, 0xff,
  0xff, 0xff, 0xff, 0xff, 0xff, 0xff, 0xff, 0xff, 0xff, 0xff, 0xff, 0xff, 0xff, 0xff, 0xff, 0xff,
  0xff, 0xff, 0xff, 0xff, 0xff, 0xff, 0xff, 0xff, 0xff, 0xff, 0xff, 0xff, 0xff, 0xff, 0xff, 0xff,
  0xff, 0xff, 0xff, 0xf9, 0xff, 0xff, 0xff, 0xff, 0xff, 0xff, 0xff, 0x7e, 0x00, 0x00, 0x00, 0x00,
  0x00, 0x00, 0x00, 0x00, 0xff, 0xff, 0xff, 0x7e, 0xff, 0xff, 0xff, 0xff, 0xff, 0xff, 0xff, 0xf9,
  0xff, 0xff, 0xff, 0xff, 0xff, 0xff, 0xff, 0xff, 0xff, 0xff, 0xff, 0xff, 0xff, 0xff, 0xff, 0xff,
  0xff, 0xff, 0xff, 0xff, 0xff, 0xff, 0xff, 0xff, 0xff, 0xff, 0xff, 0xff, 0xff, 0xff, 0xff, 0xff,
  0xff, 0xff, 0xff, 0xff, 0xff, 0xff, 0xff, 0xff, 0xff, 0xff, 0xff, 0xff, 0xff, 0xff, 0xff, 0xff,
  0xfd, 0xfd, 0xff, 0xff, 0xfe, 0xfe, 0xff, 0xff, 0xe4, 0xe5, 0xfd, 0xff, 0x2b, 0x2d, 0xec, 0xff,
  0x06, 0x08, 0xe9, 0xff, 0x0b, 0x0d, 0xea, 0xff, 0x09, 0x0a, 0xea, 0xff, 0x09, 0x0a, 0xea, 0xff,
  0x09, 0x0a, 0xea, 0xff, 0x09, 0x0a, 0xea, 0xff, 0x09, 0x0a, 0xea, 0xff, 0x0c, 0x0c, 0xea, 0xff,
  0x0d, 0x0d, 0xe8, 0xff, 0xb8, 0xb9, 0xf8, 0xff, 0xff, 0xff, 0xff, 0xff, 0xfc, 0xfc, 0xff, 0xff,
  0xff, 0xff, 0xff, 0xff, 0xff, 0xff, 0xff, 0xff, 0xff, 0xff, 0xff, 0xff, 0xff, 0xff, 0xff, 0xff,
  0xff, 0xff, 0xff, 0xff, 0xff, 0xff, 0xff, 0xff, 0xff, 0xff, 0xff, 0xff, 0xff, 0xff, 0xff, 0xff,
  0xff, 0xff, 0xff, 0xff, 0xff, 0xff, 0xff, 0xff, 0xff, 0xff, 0xff, 0xff, 0xff, 0xff, 0xff, 0xff,
  0xff, 0xff, 0xff, 0xf9, 0xff, 0xff, 0xff, 0xff, 0xff, 0xff, 0xff, 0x7e, 0x00, 0x00, 0x00, 0x00,
  0x00, 0x00, 0x00, 0x00, 0xff, 0xff, 0xff, 0x7e, 0xff, 0xff, 0xff, 0xff, 0xff, 0xff, 0xff, 0xf9,
  0xff, 0xff, 0xff, 0xff, 0xff, 0xff, 0xff, 0xff, 0xff, 0xff, 0xff, 0xff, 0xff, 0xff, 0xff, 0xff,
  0xff, 0xff, 0xff, 0xff, 0xff, 0xff, 0xff, 0xff, 0xff, 0xff, 0xff, 0xff, 0xff, 0xff, 0xff, 0xff,
  0xff, 0xff, 0xff, 0xff, 0xff, 0xff, 0xff, 0xff, 0xff, 0xff, 0xff, 0xff, 0xff, 0xff, 0xff, 0xff,
  0xfc, 0xfc, 0xff, 0xff, 0xff, 0xff, 0xff, 0xff, 0x9d, 0x9d, 0xf6, 0xff, 0x00, 0x00, 0xe9, 0xff,
  0x05, 0x16, 0xea, 0xff, 0x01, 0x10, 0xea, 0xff, 0x01, 0x10, 0xea, 0xff, 0x01, 0x10, 0xea, 0xff,
  0x01, 0x10, 0xea, 0xff, 0x01, 0x10, 0xea, 0xff, 0x01, 0x0f, 0xea, 0xff, 0x05, 0x15, 0xea, 0xff,
  0x00, 0x00, 0xe9, 0xff, 0x57, 0x5b, 0xf0, 0xff, 0xff, 0xff, 0xff, 0xff, 0xfd, 0xfd, 0xff, 0xff,
  0xff, 0xff, 0xff, 0xff, 0xff, 0xff, 0xff, 0xff, 0xff, 0xff, 0xff, 0xff, 0xff, 0xff, 0xff, 0xff,
  0xff, 0xff, 0xff, 0xff, 0xff, 0xff, 0xff, 0xff, 0xff, 0xff, 0xff, 0xff, 0xff, 0xff, 0xff, 0xff,
  0xff, 0xff, 0xff, 0xff, 0xff, 0xff, 0xff, 0xff, 0xff, 0xff, 0xff, 0xff, 0xff, 0xff, 0xff, 0xff,
  0xff, 0xff, 0xff, 0xf9, 0xff, 0xff, 0xff, 0xff, 0xff, 0xff, 0xff, 0x7e, 0x00, 0x00, 0x00, 0x00,
  0x00, 0x00, 0x00, 0x00, 0xff, 0xff, 0xff, 0x7e, 0xff, 0xff, 0xff, 0xff, 0xff, 0xff, 0xff, 0xf9,
  0xff, 0xff, 0xff, 0xff, 0xff, 0xff, 0xff, 0xff, 0xff, 0xff, 0xff, 0xff, 0xff, 0xff, 0xff, 0xff,
  0xff, 0xff, 0xff, 0xff, 0xff, 0xff, 0xff, 0xff, 0xff, 0xff, 0xff, 0xff, 0xff, 0xff, 0xff, 0xff,
  0xff, 0xff, 0xff, 0xff, 0xff, 0xff, 0xff, 0xff, 0xff, 0xff, 0xff, 0xff, 0xff, 0xff, 0xff, 0xff,
  0xfe, 0xfe, 0xff, 0xff, 0xfb, 0xfa, 0xfe, 0xff, 0x38, 0x3f, 0xee, 0xff, 0x01, 0x05, 0xea, 0xff,
  0x03, 0x14, 0xea, 0xff, 0x01, 0x11, 0xea, 0xff, 0x01, 0x11, 0xea, 0xff, 0x01, 0x11, 0xea, 0xff,
  0x01, 0x11, 0xea, 0xff, 0x01, 0x11, 0xea, 0xff, 0x01, 0x11, 0xea, 0xff, 0x01, 0x12, 0xea, 0xff,
  0x01, 0x10, 0xea, 0xff, 0x08, 0x11, 0xea, 0xff, 0xd8, 0xd8, 0xfb, 0xff, 0xff, 0xff, 0xff, 0xff,
  0xfd, 0xfd, 0xff, 0xff, 0xff, 0xff, 0xff, 0xff, 0xff, 0xff, 0xff, 0xff, 0xff, 0xff, 0xff, 0xff,
  0xff, 0xff, 0xff, 0xff, 0xff, 0xff, 0xff, 0xff, 0xff, 0xff, 0xff, 0xff, 0xff, 0xff, 0xff, 0xff,
  0xff, 0xff, 0xff, 0xff, 0xff, 0xff, 0xff, 0xff, 0xff, 0xff, 0xff, 0xff, 0xff, 0xff, 0xff, 0xff,
  0xff, 0xff, 0xff, 0xf9, 0xff, 0xff, 0xff, 0xff, 0xff, 0xff, 0xff, 0x7e, 0x00, 0x00, 0x00, 0x00,
  0x00, 0x00, 0x00, 0x00, 0xff, 0xff, 0xff, 0x7e, 0xff, 0xff, 0xff, 0xff, 0xff, 0xff, 0xff, 0xf9,
  0xff, 0xff, 0xff, 0xff, 0xff, 0xff, 0xff, 0xff, 0xff, 0xff, 0xff, 0xff, 0xff, 0xff, 0xff, 0xff,
  0xff, 0xff, 0xff, 0xff, 0xff, 0xff, 0xff, 0xff, 0xff, 0xff, 0xff, 0xff, 0xff, 0xff, 0xff, 0xff,
  0xff, 0xff, 0xff, 0xff, 0xff, 0xff, 0xff, 0xff, 0xff, 0xff, 0xff, 0xff, 0xfc, 0xfc, 0xff, 0xff,
  0xff, 0xff, 0xff, 0xff, 0xbe, 0xbd, 0xf9, 0xff, 0x00, 0x06, 0xe9, 0xff, 0x00, 0x12, 0xea, 0xff,
  0x00, 0x10, 0xea, 0xff, 0x00, 0x10, 0xea, 0xff, 0x00, 0x10, 0xea, 0xff, 0x00, 0x10, 0xea, 0xff,
  0x00, 0x10, 0xea, 0xff, 0x00, 0x10, 0xea, 0xff, 0x00, 0x10, 0xea, 0xff, 0x00, 0x10, 0xea, 0xff,
  0x02, 0x14, 0xea, 0xff, 0x00, 0x00, 0xe9, 0xff, 0x75, 0x7a, 0xf4, 0xff, 0xff, 0xff, 0xff, 0xff,
  0xfc, 0xfc, 0xff, 0xff, 0xff, 0xff, 0xff, 0xff, 0xff, 0xff, 0xff, 0xff, 0xff, 0xff, 0xff, 0xff,
  0xff, 0xff, 0xff, 0xff, 0xff, 0xff, 0xff, 0xff, 0xff, 0xff, 0xff, 0xff, 0xff, 0xff, 0xff, 0xff,
  0xff, 0xff, 0xff, 0xff, 0xff, 0xff, 0xff, 0xff, 0xff, 0xff, 0xff, 0xff, 0xff, 0xff, 0xff, 0xff,
  0xff, 0xff, 0xff, 0xf9, 0xff, 0xff, 0xff, 0xff, 0xff, 0xff, 0xff, 0x7e, 0x00, 0x00, 0x00, 0x00,
  0x00, 0x00, 0x00, 0x00, 0xff, 0xff, 0xff, 0x7e, 0xff, 0xff, 0xff, 0xff, 0xff, 0xff, 0xff, 0xf9,
  0xff, 0xff, 0xff, 0xff, 0xff, 0xff, 0xff, 0xff, 0xff, 0xff, 0xff, 0xff, 0xff, 0xff, 0xff, 0xff,
  0xff, 0xff, 0xff, 0xff, 0xff, 0xff, 0xff, 0xff, 0xff, 0xff, 0xff, 0xff, 0xff, 0xff, 0xff, 0xff,
  0xff, 0xff, 0xff, 0xff, 0xff, 0xff, 0xff, 0xff, 0xff, 0xff, 0xff, 0xff, 0xfd, 0xfd, 0xff, 0xff,
  0xff, 0xff, 0xff, 0xff, 0x58, 0x5e, 0xf1, 0xff, 0x01, 0x02, 0xe8, 0xff, 0x03, 0x14, 0xea, 0xff,
  0x00, 0x10, 0xea, 0xff, 0x00, 0x10, 0xea, 0xff, 0x00, 0x10, 0xea, 0xff, 0x00, 0x10, 0xea, 0xff,
  0x00, 0x10, 0xea, 0xff, 0x00, 0x10, 0xea, 0xff, 0x00, 0x10, 0xea, 0xff, 0x00, 0x10, 0xea, 0xff,
  0x02, 0x12, 0xea, 0xff, 0x00, 0x0a, 0xe9, 0xff, 0x23, 0x27, 0xec, 0xff, 0xea, 0xea, 0xfd, 0xff,
  0xff, 0xff, 0xff, 0xff, 0xfd, 0xfd, 0xff, 0xff, 0xff, 0xff, 0xff, 0xff, 0xff, 0xff, 0xff, 0xff,
  0xff, 0xff, 0xff, 0xff, 0xff, 0xff, 0xff, 0xff, 0xff, 0xff, 0xff, 0xff, 0xff, 0xff, 0xff, 0xff,
  0xff, 0xff, 0xff, 0xff, 0xff, 0xff, 0xff, 0xff, 0xff, 0xff, 0xff, 0xff, 0xff, 0xff, 0xff, 0xff,
  0xff, 0xff, 0xff, 0xf9, 0xff, 0xff, 0xff, 0xff, 0xff, 0xff, 0xff, 0x7e, 0x00, 0x00, 0x00, 0x00,
  0x00, 0x00, 0x00, 0x00, 0xff, 0xff, 0xff, 0x7e, 0xff, 0xff, 0xff, 0xff, 0xff, 0xff, 0xff, 0xf9,
  0xff, 0xff, 0xff, 0xff, 0xff, 0xff, 0xff, 0xff, 0xff, 0xff, 0xff, 0xff, 0xff, 0xff, 0xff, 0xff,
  0xff, 0xff, 0xff, 0xff, 0xff, 0xff, 0xff, 0xff, 0xff, 0xff, 0xff, 0xff, 0xff, 0xff, 0xff, 0xff,
  0xff, 0xff, 0xff, 0xff, 0xff, 0xff, 0xff, 0xff, 0xfc, 0xfc, 0xff, 0xff, 0xff, 0xff, 0xff, 0xff,
  0xd6, 0xd6, 0xfb, 0xff, 0x13, 0x16, 0xea, 0xff, 0x00, 0x0c, 0xea, 0xff, 0x02, 0x11, 0xea, 0xff,
  0x00, 0x10, 0xea, 0xff, 0x00, 0x10, 0xea, 0xff, 0x00, 0x10, 0xea, 0xff, 0x00, 0x10, 0xea, 0xff,
  0x00, 0x10, 0xea, 0xff, 0x00, 0x10, 0xea, 0xff, 0x00, 0x10, 0xea, 0xff, 0x00, 0x10, 0xea, 0xff,
  0x00, 0x10, 0xea, 0xff, 0x03, 0x13, 0xea, 0xff, 0x03, 0x03, 0xe8, 0xff, 0x9b, 0x9e, 0xf6, 0xff,
  0xff, 0xff, 0xff, 0xff, 0xfa, 0xfb, 0xff, 0xff, 0xff, 0xff, 0xff, 0xff, 0xff, 0xff, 0xff, 0xff,
  0xff, 0xff, 0xff, 0xff, 0xff, 0xff, 0xff, 0xff, 0xff, 0xff, 0xff, 0xff, 0xff, 0xff, 0xff, 0xff,
  0xff, 0xff, 0xff, 0xff, 0xff, 0xff, 0xff, 0xff, 0xff, 0xff, 0xff, 0xff, 0xff, 0xff, 0xff, 0xff,
  0xff, 0xff, 0xff, 0xf9, 0xff, 0xff, 0xff, 0xff, 0xff, 0xff, 0xff, 0x7e, 0x00, 0x00, 0x00, 0x00,
  0x00, 0x00, 0x00, 0x00, 0xff, 0xff, 0xff, 0x7e, 0xff, 0xff, 0xff, 0xff, 0xff, 0xff, 0xff, 0xf9,
  0xff, 0xff, 0xff, 0xff, 0xff, 0xff, 0xff, 0xff, 0xff, 0xff, 0xff, 0xff, 0xff, 0xff, 0xff, 0xff,
  0xff, 0xff, 0xff, 0xff, 0xff, 0xff, 0xff, 0xff, 0xff, 0xff, 0xff, 0xff, 0xff, 0xff, 0xff, 0xff,
  0xff, 0xff, 0xff, 0xff, 0xff, 0xff, 0xff, 0xff, 0xfb, 0xfb, 0xff, 0xff, 0xff, 0xff, 0xff, 0xff,
  0x7e, 0x81, 0xf4, 0xff, 0x00, 0x00, 0xe8, 0xff, 0x04, 0x15, 0xea, 0xff, 0x00, 0x10, 0xea, 0xff,
  0x00, 0x10, 0xea, 0xff, 0x00, 0x10, 0xea, 0xff, 0x00, 0x10, 0xea, 0xff, 0x00, 0x10, 0xea, 0xff,
  0x00, 0x10, 0xea, 0xff, 0x00, 0x10, 0xea, 0xff, 0x00, 0x10, 0xea, 0xff, 0x00, 0x10, 0xea, 0xff,
  0x00, 0x10, 0xea, 0xff, 0x04, 0x15, 0xea, 0xff, 0x00, 0x03, 0xe8, 0xff, 0x45, 0x46, 0xef, 0xff,
  0xf5, 0xf6, 0xfe, 0xff, 0xfe, 0xfe, 0xff, 0xff, 0xfe, 0xfe, 0xff, 0xff, 0xff, 0xff, 0xff, 0xff,
  0xff, 0xff, 0xff, 0xff, 0xff, 0xff, 0xff, 0xff, 0xff, 0xff, 0xff, 0xff, 0xff, 0xff, 0xff, 0xff,
  0xff, 0xff, 0xff, 0xff, 0xff, 0xff, 0xff, 0xff, 0xff, 0xff, 0xff, 0xff, 0xff, 0xff, 0xff, 0xff,
  0xff, 0xff, 0xff, 0xf9, 0xff, 0xff, 0xff, 0xff, 0xff, 0xff, 0xff, 0x7e, 0x00, 0x00, 0x00, 0x00,
  0x00, 0x00, 0x00, 0x00, 0xff, 0xff, 0xff, 0x7e, 0xff, 0xff, 0xff, 0xff, 0xff, 0xff, 0xff, 0xf9,
  0xff, 0xff, 0xff, 0xff, 0xff, 0xff, 0xff, 0xff, 0xff, 0xff, 0xff, 0xff, 0xff, 0xff, 0xff, 0xff,
  0xff, 0xff, 0xff, 0xff, 0xff, 0xff, 0xff, 0xff, 0xff, 0xff, 0xff, 0xff, 0xff, 0xff, 0xff, 0xff,
  0xff, 0xff, 0xff, 0xff, 0xfe, 0xfe, 0xff, 0xff, 0xff, 0xff, 0xff, 0xff, 0xea, 0xeb, 0xfd, 0xff,
  0x2b, 0x2d, 0xec, 0xff, 0x00, 0x08, 0xe9, 0xff, 0x03, 0x14, 0xea, 0xff, 0x00, 0x10, 0xea, 0xff,
  0x00, 0x10, 0xea, 0xff, 0x00, 0x10, 0xea, 0xff, 0x00, 0x10, 0xea, 0xff, 0x00, 0x10, 0xea, 0xff,
  0x00, 0x10, 0xea, 0xff, 0x00, 0x10, 0xea, 0xff, 0x00, 0x10, 0xea, 0xff, 0x00, 0x10, 0xea, 0xff,
  0x00, 0x10, 0xea, 0xff, 0x01, 0x11, 0xea, 0xff, 0x02, 0x10, 0xea, 0xff, 0x05, 0x0b, 0xe9, 0xff,
  0xc2, 0xc4, 0xf9, 0xff, 0xff, 0xff, 0xff, 0xff, 0xfc, 0xfc, 0xff, 0xff, 0xff, 0xff, 0xff, 0xff,
  0xff, 0xff, 0xff, 0xff, 0xff, 0xff, 0xff, 0xff, 0xff, 0xff, 0xff, 0xff, 0xff, 0xff, 0xff, 0xff,
  0xff, 0xff, 0xff, 0xff, 0xff, 0xff, 0xff, 0xff, 0xff, 0xff, 0xff, 0xff, 0xff, 0xff, 0xff, 0xff,
  0xff, 0xff, 0xff, 0xf9, 0xff, 0xff, 0xff, 0xff, 0xff, 0xff, 0xff, 0x7e, 0x00, 0x00, 0x00, 0x00,
  0x00, 0x00, 0x00, 0x00, 0xff, 0xff, 0xff, 0x7e, 0xff, 0xff, 0xff, 0xff, 0xff, 0xff, 0xff, 0xf9,
  0xff, 0xff, 0xff, 0xff, 0xff, 0xff, 0xff, 0xff, 0xff, 0xff, 0xff, 0xff, 0xff, 0xff, 0xff, 0xff,
  0xff, 0xff, 0xff, 0xff, 0xff, 0xff, 0xff, 0xff, 0xff, 0xff, 0xff, 0xff, 0xff, 0xff, 0xff, 0xff,
  0xff, 0xff, 0xff, 0xff, 0xfc, 0xfc, 0xff, 0xff, 0xff, 0xff, 0xff, 0xff, 0xa7, 0xa7, 0xf7, 0xff,
  0x00, 0x02, 0xe8, 0xff, 0x03, 0x14, 0xea, 0xff, 0x00, 0x10, 0xea, 0xff, 0x00, 0x10, 0xea, 0xff,
  0x00, 0x10, 0xea, 0xff, 0x00, 0x10, 0xea, 0xff, 0x00, 0x10, 0xea, 0xff, 0x01, 0x11, 0xea, 0xff,
  0x01, 0x11, 0xea, 0xff, 0x00, 0x10, 0xea, 0xff, 0x00, 0x10, 0xea, 0xff, 0x00, 0x10, 0xea, 0xff,
  0x00, 0x10, 0xea, 0xff, 0x00, 0x0f, 0xea, 0xff, 0x03, 0x15, 0xea, 0xff, 0x00, 0x00, 0xe8, 0xff,
  0x63, 0x63, 0xf1, 0xff, 0xff, 0xff, 0xff, 0xff, 0xfd, 0xfd, 0xff, 0xff, 0xff, 0xff, 0xff, 0xff,
  0xff, 0xff, 0xff, 0xff, 0xff, 0xff, 0xff, 0xff, 0xff, 0xff, 0xff, 0xff, 0xff, 0xff, 0xff, 0xff,
  0xff, 0xff, 0xff, 0xff, 0xff, 0xff, 0xff, 0xff, 0xff, 0xff, 0xff, 0xff, 0xff, 0xff, 0xff, 0xff,
  0xff, 0xff, 0xff, 0xf9, 0xff, 0xff, 0xff, 0xff, 0xff, 0xff, 0xff, 0x7e, 0x00, 0x00, 0x00, 0x00,
  0x00, 0x00, 0x00, 0x00, 0xff, 0xff, 0xff, 0x7e, 0xff, 0xff, 0xff, 0xff, 0xff, 0xff, 0xff, 0xf9,
  0xff, 0xff, 0xff, 0xff, 0xff, 0xff, 0xff, 0xff, 0xff, 0xff, 0xff, 0xff, 0xff, 0xff, 0xff, 0xff,
  0xff, 0xff, 0xff, 0xff, 0xff, 0xff, 0xff, 0xff, 0xff, 0xff, 0xff, 0xff, 0xff, 0xff, 0xff, 0xff,
  0xff, 0xff, 0xff, 0xff, 0xfe, 0xfe, 0xff, 0xff, 0xfd, 0xfd, 0xff, 0xff, 0x42, 0x47, 0xef, 0xff,
  0x01, 0x04, 0xe9, 0xff, 0x03, 0x15, 0xea, 0xff, 0x00, 0x0f, 0xea, 0xff, 0x00, 0x10, 0xea, 0xff,
  0x00, 0x10, 0xea, 0xff, 0x00, 0x10, 0xea, 0xff, 0x00, 0x11, 0xea, 0xff, 0x00, 0x0c, 0xea, 0xff,
  0x00, 0x0d, 0xea, 0xff, 0x00, 0x11, 0xea, 0xff, 0x00, 0x10, 0xea, 0xff, 0x00, 0x10, 0xea, 0xff,
  0x00, 0x10, 0xea, 0xff, 0x00, 0x10, 0xea, 0xff, 0x01, 0x11, 0xea, 0xff, 0x00, 0x0d, 0xea, 0xff,
  0x12, 0x17, 0xea, 0xff, 0xe0, 0xe0, 0xfc, 0xff, 0xfe, 0xfe, 0xff, 0xff, 0xfd, 0xfd, 0xff, 0xff,
  0xff, 0xff, 0xff, 0xff, 0xff, 0xff, 0xff, 0xff, 0xff, 0xff, 0xff, 0xff, 0xff, 0xff, 0xff, 0xff,
  0xff, 0xff, 0xff, 0xff, 0xff, 0xff, 0xff, 0xff, 0xff, 0xff, 0xff, 0xff, 0xff, 0xff, 0xff, 0xff,
  0xff, 0xff, 0xff, 0xf9, 0xff, 0xff, 0xff, 0xff, 0xff, 0xff, 0xff, 0x7e, 0x00, 0x00, 0x00, 0x00,
  0x00, 0x00, 0x00, 0x00, 0xff, 0xff, 0xff, 0x7e, 0xff, 0xff, 0xff, 0xff, 0xff, 0xff, 0xff, 0xf9,
  0xff, 0xff, 0xff, 0xff, 0xff, 0xff, 0xff, 0xff, 0xff, 0xff, 0xff, 0xff, 0xff, 0xff, 0xff, 0xff,
  0xff, 0xff, 0xff, 0xff, 0xff, 0xff, 0xff, 0xff, 0xff, 0xff, 0xff, 0xff, 0xff, 0xff, 0xff, 0xff,
  0xfd, 0xfd, 0xff, 0xff, 0xfe, 0xfe, 0xff, 0xff, 0xc4, 0xc4, 0xfa, 0xff, 0x06, 0x0b, 0xe9, 0xff,
  0x01, 0x10, 0xea, 0xff, 0x00, 0x10, 0xea, 0xff, 0x00, 0x10, 0xea, 0xff, 0x00, 0x10, 0xea, 0xff,
  0x00, 0x10, 0xea, 0xff, 0x01, 0x13, 0xea, 0xff, 0x01, 0x08, 0xea, 0xff, 0x34, 0x3b, 0xed, 0xff,
  0x28, 0x30, 0xec, 0xff, 0x00, 0x09, 0xe9, 0xff, 0x01, 0x12, 0xea, 0xff, 0x00, 0x10, 0xea, 0xff,
  0x00, 0x10, 0xea, 0xff, 0x00, 0x10, 0xea, 0xff, 0x00, 0x0f, 0xea, 0xff, 0x03, 0x14, 0xea, 0xff,
  0x00, 0x00, 0xe8, 0xff, 0x80, 0x81, 0xf4, 0xff, 0xff, 0xff, 0xff, 0xff, 0xfb, 0xfb, 0xff, 0xff,
  0xff, 0xff, 0xff, 0xff, 0xff, 0xff, 0xff, 0xff, 0xff, 0xff, 0xff, 0xff, 0xff, 0xff, 0xff, 0xff,
  0xff, 0xff, 0xff, 0xff, 0xff, 0xff, 0xff, 0xff, 0xff, 0xff, 0xff, 0xff, 0xff, 0xff, 0xff, 0xff,
  0xff, 0xff, 0xff, 0xf9, 0xff, 0xff, 0xff, 0xff, 0xff, 0xff, 0xff, 0x7e, 0x00, 0x00, 0x00, 0x00,
  0x00, 0x00, 0x00, 0x00, 0xff, 0xff, 0xff, 0x7e, 0xff, 0xff, 0xff, 0xff, 0xff, 0xff, 0xff, 0xf9,
  0xff, 0xff, 0xff, 0xff, 0xff, 0xff, 0xff, 0xff, 0xff, 0xff, 0xff, 0xff, 0xff, 0xff, 0xff, 0xff,
  0xff, 0xff, 0xff, 0xff, 0xff, 0xff, 0xff, 0xff, 0xff, 0xff, 0xff, 0xff, 0xff, 0xff, 0xff, 0xff,
  0xfb, 0xfb, 0xff, 0xff, 0xff, 0xff, 0xff, 0xff, 0x60, 0x63, 0xf1, 0xff, 0x00, 0x00, 0xe8, 0xff,
  0x03, 0x14, 0xea, 0xff, 0x00, 0x0f, 0xea, 0xff, 0x00, 0x10, 0xea, 0xff, 0x00, 0x10, 0xea, 0xff,
  0x00, 0x10, 0xea, 0xff, 0x03, 0x15, 0xea, 0xff, 0x00, 0x00, 0xe8, 0xff, 0xad, 0xad, 0xf7, 0xff,
  0x99, 0x98, 0xf5, 0xff, 0x00, 0x00, 0xe8, 0xff, 0x04, 0x16, 0xea, 0xff, 0x00, 0x0f, 0xea, 0xff,
  0x00, 0x10, 0xea, 0xff, 0x00, 0x10, 0xea, 0xff, 0x00, 0x10, 0xea, 0xff, 0x03, 0x12, 0xea, 0xff,
  0x00, 0x07, 0xe9, 0xff, 0x2f, 0x32, 0xed, 0xff, 0xf0, 0xf0, 0xfe, 0xff, 0xfd, 0xfd, 0xff, 0xff,
  0xfd, 0xfd, 0xff, 0xff, 0xff, 0xff, 0xff, 0xff, 0xff, 0xff, 0xff, 0xff, 0xff, 0xff, 0xff, 0xff,
  0xff, 0xff, 0xff, 0xff, 0xff, 0xff, 0xff, 0xff, 0xff, 0xff, 0xff, 0xff, 0xff, 0xff, 0xff, 0xff,
  0xff, 0xff, 0xff, 0xf9, 0xff, 0xff, 0xff, 0xff, 0xff, 0xff, 0xff, 0x7e, 0x00, 0x00, 0x00, 0x00,
  0x00, 0x00, 0x00, 0x00, 0xff, 0xff, 0xff, 0x7e, 0xff, 0xff, 0xff, 0xff, 0xff, 0xff, 0xff, 0xf9,
  0xff, 0xff, 0xff, 0xff, 0xff, 0xff, 0xff, 0xff, 0xff, 0xff, 0xff, 0xff, 0xff, 0xff, 0xff, 0xff,
  0xff, 0xff, 0xff, 0xff, 0xff, 0xff, 0xff, 0xff, 0xff, 0xff, 0xff, 0xff, 0xfc, 0xfc, 0xff, 0xff,
  0xfe, 0xfe, 0xff, 0xff, 0xdb, 0xdb, 0xfb, 0xff, 0x1b, 0x1d, 0xeb, 0xff, 0x00, 0x0b, 0xea, 0xff,
  0x01, 0x12, 0xea, 0xff, 0x00, 0x10, 0xea, 0xff, 0x00, 0x10, 0xea, 0xff, 0x00, 0x10, 0xea, 0xff,
  0x02, 0x13, 0xea, 0xff, 0x01, 0x0a, 0xe9, 0xff, 0x1a, 0x1c, 0xeb, 0xff, 0xe8, 0xea, 0xfc, 0xff,
  0xdb, 0xdd, 0xfc, 0xff, 0x0e, 0x11, 0xea, 0xff, 0x01, 0x0d, 0xea, 0xff, 0x02, 0x12, 0xea, 0xff,
  0x00, 0x10, 0xea, 0xff, 0x00, 0x10, 0xea, 0xff, 0x00, 0x10, 0xea, 0xff, 0x00, 0x11, 0xea, 0xff,
  0x03, 0x12, 0xea, 0xff, 0x03, 0x04, 0xe8, 0xff, 0xa6, 0xa8, 0xf7, 0xff, 0xff, 0xff, 0xff, 0xff,
  0xfa, 0xfa, 0xff, 0xff, 0xff, 0xff, 0xff, 0xff, 0xff, 0xff, 0xff, 0xff, 0xff, 0xff, 0xff, 0xff,
  0xff, 0xff, 0xff, 0xff, 0xff, 0xff, 0xff, 0xff, 0xff, 0xff, 0xff, 0xff, 0xff, 0xff, 0xff, 0xff,
  0xff, 0xff, 0xff, 0xf9, 0xff, 0xff, 0xff, 0xff, 0xff, 0xff, 0xff, 0x7e, 0x00, 0x00, 0x00, 0x00,
  0x00, 0x00, 0x00, 0x00, 0xff, 0xff, 0xff, 0x7e, 0xff, 0xff, 0xff, 0xff, 0xff, 0xff, 0xff, 0xf9,
  0xff, 0xff, 0xff, 0xff, 0xff, 0xff, 0xff, 0xff, 0xff, 0xff, 0xff, 0xff, 0xff, 0xff, 0xff, 0xff,
  0xff, 0xff, 0xff, 0xff, 0xff, 0xff, 0xff, 0xff, 0xff, 0xff, 0xff, 0xff, 0xfa, 0xfa, 0xff, 0xff,
  0xff, 0xff, 0xff, 0xff, 0x88, 0x8c, 0xf4, 0xff, 0x00, 0x00, 0xe8, 0xff, 0x04, 0x14, 0xea, 0xff,
  0x00, 0x10, 0xea, 0xff, 0x00, 0x10, 0xea, 0xff, 0x00, 0x10, 0xea, 0xff, 0x00, 0x10, 0xea, 0xff,
  0x04, 0x15, 0xea, 0xff, 0x00, 0x00, 0xe8, 0xff, 0x6b, 0x6e, 0xf2, 0xff, 0xff, 0xff, 0xff, 0xff,
  0xfc, 0xfc, 0xff, 0xff, 0x5a, 0x5c, 0xf1, 0xff, 0x00, 0x00, 0xe8, 0xff, 0x04, 0x15, 0xea, 0xff,
  0x00, 0x10, 0xea, 0xff, 0x00, 0x10, 0xea, 0xff, 0x00, 0x10, 0xea, 0xff, 0x00, 0x10, 0xea, 0xff,
  0x04, 0x15, 0xea, 0xff, 0x00, 0x01, 0xe8, 0xff, 0x4f, 0x52, 0xef, 0xff, 0xfb, 0xfb, 0xff, 0xff,
  0xfd, 0xfd, 0xff, 0xff, 0xfe, 0xfe, 0xff, 0xff, 0xff, 0xff, 0xff, 0xff, 0xff, 0xff, 0xff, 0xff,
  0xff, 0xff, 0xff, 0xff, 0xff, 0xff, 0xff, 0xff, 0xff, 0xff, 0xff, 0xff, 0xff, 0xff, 0xff, 0xff,
  0xff, 0xff, 0xff, 0xf9, 0xff, 0xff, 0xff, 0xff, 0xff, 0xff, 0xff, 0x7e, 0x00, 0x00, 0x00, 0x00,
  0x00, 0x00, 0x00, 0x00, 0xff, 0xff, 0xff, 0x7e, 0xff, 0xff, 0xff, 0xff, 0xff, 0xff, 0xff, 0xf9,
  0xff, 0xff, 0xff, 0xff, 0xff, 0xff, 0xff, 0xff, 0xff, 0xff, 0xff, 0xff, 0xff, 0xff, 0xff, 0xff,
  0xff, 0xff, 0xff, 0xff, 0xff, 0xff, 0xff, 0xff, 0xfe, 0xfd, 0xff, 0xff, 0xfe, 0xfe, 0xff, 0xff,
  0xf1, 0xf1, 0xfe, 0xff, 0x32, 0x35, 0xed, 0xff, 0x00, 0x05, 0xe8, 0xff, 0x03, 0x14, 0xea, 0xff,
  0x00, 0x10, 0xea, 0xff, 0x00, 0x10, 0xea, 0xff, 0x00, 0x10, 0xea, 0xff, 0x01, 0x11, 0xea, 0xff,
  0x02, 0x10, 0xea, 0xff, 0x09, 0x0a, 0xe9, 0xff, 0xbd, 0xbe, 0xf9, 0xff, 0xff, 0xff, 0xff, 0xff,
  0xff, 0xff, 0xff, 0xff, 0xa9, 0xac, 0xf8, 0xff, 0x04, 0x05, 0xe9, 0xff, 0x02, 0x12, 0xea, 0xff,
  0x00, 0x10, 0xea, 0xff, 0x00, 0x10, 0xea, 0xff, 0x00, 0x10, 0xea, 0xff, 0x00, 0x10, 0xea, 0xff,
  0x01, 0x11, 0xea, 0xff, 0x02, 0x0f, 0xea, 0xff, 0x0a, 0x0b, 0xe9, 0xff, 0xc9, 0xca, 0xfa, 0xff,
  0xff, 0xff, 0xff, 0xff, 0xfc, 0xfc, 0xff, 0xff, 0xff, 0xff, 0xff, 0xff, 0xff, 0xff, 0xff, 0xff,
  0xff, 0xff, 0xff, 0xff, 0xff, 0xff, 0xff, 0xff, 0xff, 0xff, 0xff, 0xff, 0xff, 0xff, 0xff, 0xff,
  0xff, 0xff, 0xff, 0xf9, 0xff, 0xff, 0xff, 0xff, 0xff, 0xff, 0xff, 0x7e, 0x00, 0x00, 0x00, 0x00,
  0x00, 0x00, 0x00, 0x00, 0xff, 0xff, 0xff, 0x7e, 0xff, 0xff, 0xff, 0xff, 0xff, 0xff, 0xff, 0xf9,
  0xff, 0xff, 0xff, 0xff, 0xff, 0xff, 0xff, 0xff, 0xff, 0xff, 0xff, 0xff, 0xff, 0xff, 0xff, 0xff,
  0xff, 0xff, 0xff, 0xff, 0xff, 0xff, 0xff, 0xff, 0xfb, 0xfc, 0xff, 0xff, 0xff, 0xff, 0xff, 0xff,
  0xae, 0xaf, 0xf7, 0xff, 0x01, 0x01, 0xe8, 0xff, 0x03, 0x13, 0xea, 0xff, 0x00, 0x10, 0xea, 0xff,
  0x00, 0x10, 0xea, 0xff, 0x00, 0x10, 0xea, 0xff, 0x00, 0x10, 0xea, 0xff, 0x03, 0x13, 0xea, 0xff,
  0x00, 0x04, 0xe9, 0xff, 0x41, 0x44, 0xef, 0xff, 0xfa, 0xfa, 0xfe, 0xff, 0xfc, 0xfc, 0xff, 0xff,
  0xfd, 0xfd, 0xff, 0xff, 0xf2, 0xf2, 0xfd, 0xff, 0x2d, 0x34, 0xed, 0xff, 0x00, 0x06, 0xe9, 0xff,
  0x03, 0x12, 0xea, 0xff, 0x00, 0x10, 0xea, 0xff, 0x00, 0x10, 0xea, 0xff, 0x00, 0x10, 0xea, 0xff,
  0x00, 0x0f, 0xea, 0xff, 0x04, 0x16, 0xea, 0xff, 0x00, 0x00, 0xe8, 0xff, 0x71, 0x72, 0xf2, 0xff,
  0xff, 0xff, 0xff, 0xff, 0xfd, 0xfd, 0xff, 0xff, 0xff, 0xff, 0xff, 0xff, 0xff, 0xff, 0xff, 0xff,
  0xff, 0xff, 0xff, 0xff, 0xff, 0xff, 0xff, 0xff, 0xff, 0xff, 0xff, 0xff, 0xff, 0xff, 0xff, 0xff,
  0xff, 0xff, 0xff, 0xf9, 0xff, 0xff, 0xff, 0xff, 0xff, 0xff, 0xff, 0x7e, 0x00, 0x00, 0x00, 0x00,
  0x00, 0x00, 0x00, 0x00, 0xff, 0xff, 0xff, 0x7e, 0xff, 0xff, 0xff, 0xff, 0xff, 0xff, 0xff, 0xf9,
  0xff, 0xff, 0xff, 0xff, 0xff, 0xff, 0xff, 0xff, 0xff, 0xff, 0xff, 0xff, 0xff, 0xff, 0xff, 0xff,
  0xff, 0xff, 0xff, 0xff, 0xff, 0xff, 0xff, 0xff, 0xfe, 0xfe, 0xff, 0xff, 0xff, 0xff, 0xff, 0xff,
  0x4d, 0x50, 0xf0, 0xff, 0x00, 0x02, 0xe8, 0xff, 0x03, 0x15, 0xea, 0xff, 0x00, 0x0f, 0xea, 0xff,
  0x00, 0x10, 0xea, 0xff, 0x00, 0x10, 0xea, 0xff, 0x00, 0x0f, 0xea, 0xff, 0x02, 0x14, 0xea, 0xff,
  0x00, 0x01, 0xe9, 0xff, 0x98, 0x99, 0xf6, 0xff, 0xff, 0xff, 0xff, 0xff, 0xfc, 0xfc, 0xff, 0xff,
  0xfb, 0xfc, 0xff, 0xff, 0xff, 0xff, 0xff, 0xff, 0x7e, 0x81, 0xf4, 0xff, 0x00, 0x00, 0xe9, 0xff,
  0x03, 0x14, 0xea, 0xff, 0x00, 0x10, 0xea, 0xff, 0x00, 0x10, 0xea, 0xff, 0x00, 0x10, 0xea, 0xff,
  0x00, 0x10, 0xea, 0xff, 0x01, 0x11, 0xea, 0xff, 0x00, 0x0b, 0xea, 0xff, 0x17, 0x1d, 0xeb, 0xff,
  0xe9, 0xe9, 0xfd, 0xff, 0xff, 0xff, 0xff, 0xff, 0xfe, 0xfe, 0xff, 0xff, 0xff, 0xff, 0xff, 0xff,
  0xff, 0xff, 0xff, 0xff, 0xff, 0xff, 0xff, 0xff, 0xff, 0xff, 0xff, 0xff, 0xff, 0xff, 0xff, 0xff,
  0xff, 0xff, 0xff, 0xf9, 0xff, 0xff, 0xff, 0xff, 0xff, 0xff, 0xff, 0x7e, 0x00, 0x00, 0x00, 0x00,
  0x00, 0x00, 0x00, 0x00, 0xff, 0xff, 0xff, 0x7e, 0xff, 0xff, 0xff, 0xff, 0xff, 0xff, 0xff, 0xf9,
  0xff, 0xff, 0xff, 0xff, 0xff, 0xff, 0xff, 0xff, 0xff, 0xff, 0xff, 0xff, 0xff, 0xff, 0xff, 0xff,
  0xff, 0xff, 0xff, 0xff, 0xfd, 0xfd, 0xff, 0xff, 0xff, 0xff, 0xff, 0xff, 0xce, 0xce, 0xfa, 0xff,
  0x06, 0x0d, 0xea, 0xff, 0x01, 0x10, 0xea, 0xff, 0x00, 0x10, 0xea, 0xff, 0x00, 0x10, 0xea, 0xff,
  0x00, 0x10, 0xea, 0xff, 0x00, 0x10, 0xea, 0xff, 0x01, 0x12, 0xea, 0xff, 0x00, 0x0a, 0xea, 0xff,
  0x1e, 0x23, 0xeb, 0xff, 0xec, 0xec, 0xfd, 0xff, 0xff, 0xff, 0xff, 0xff, 0xfe, 0xfe, 0xff, 0xff,
  0xfe, 0xfe, 0xff, 0xff, 0xff, 0xff, 0xff, 0xff, 0xdb, 0xdb, 0xfc, 0xff, 0x0f, 0x16, 0xea, 0xff,
  0x01, 0x0e, 0xea, 0xff, 0x01, 0x11, 0xea, 0xff, 0x00, 0x10, 0xea, 0xff, 0x00, 0x10, 0xea, 0xff,
  0x00, 0x10, 0xea, 0xff, 0x00, 0x10, 0xea, 0xff, 0x02, 0x14, 0xea, 0xff, 0x00, 0x01, 0xe9, 0xff,
  0x92, 0x92, 0xf6, 0xff, 0xff, 0xff, 0xff, 0xff, 0xfb, 0xfb, 0xff, 0xff, 0xff, 0xff, 0xff, 0xff,
  0xff, 0xff, 0xff, 0xff, 0xff, 0xff, 0xff, 0xff, 0xff, 0xff, 0xff, 0xff, 0xff, 0xff, 0xff, 0xff,
  0xff, 0xff, 0xff, 0xf9, 0xff, 0xff, 0xff, 0xff, 0xff, 0xff, 0xff, 0x7e, 0x00, 0x00, 0x00, 0x00,
  0x00, 0x00, 0x00, 0x00, 0xff, 0xff, 0xff, 0x7e, 0xff, 0xff, 0xff, 0xff, 0xff, 0xff, 0xff, 0xf9,
  0xff, 0xff, 0xff, 0xff, 0xff, 0xff, 0xff, 0xff, 0xff, 0xff, 0xff, 0xff, 0xff, 0xff, 0xff, 0xff,
  0xff, 0xff, 0xff, 0xff, 0xfb, 0xfb, 0xff, 0xff, 0xff, 0xff, 0xff, 0xff, 0x6c, 0x6f, 0xf2, 0xff,
  0x00, 0x00, 0xe8, 0xff, 0x03, 0x14, 0xea, 0xff, 0x00, 0x10, 0xea, 0xff, 0x00, 0x10, 0xea, 0xff,
  0x00, 0x10, 0xea, 0xff, 0x00, 0x0f, 0xea, 0xff, 0x04, 0x16, 0xea, 0xff, 0x00, 0x00, 0xe8, 0xff,
  0x75, 0x75, 0xf3, 0xff, 0xff, 0xff, 0xff, 0xff, 0xfd, 0xfd, 0xff, 0xff, 0xff, 0xff, 0xff, 0xff,
  0xff, 0xff, 0xff, 0xff, 0xfd, 0xfd, 0xff, 0xff, 0xff, 0xff, 0xff, 0xff, 0x59, 0x5c, 0xf0, 0xff,
  0x00, 0x00, 0xe8, 0xff, 0x04, 0x15, 0xea, 0xff, 0x00, 0x0f, 0xea, 0xff, 0x00, 0x10, 0xea, 0xff,
  0x00, 0x10, 0xea, 0xff, 0x00, 0x10, 0xea, 0xff, 0x03, 0x13, 0xea, 0xff, 0x00, 0x05, 0xe9, 0xff,
  0x34, 0x37, 0xee, 0xff, 0xf5, 0xf4, 0xfe, 0xff, 0xfe, 0xfe, 0xff, 0xff, 0xfe, 0xfe, 0xff, 0xff,
  0xff, 0xff, 0xff, 0xff, 0xff, 0xff, 0xff, 0xff, 0xff, 0xff, 0xff, 0xff, 0xff, 0xff, 0xff, 0xff,
  0xff, 0xff, 0xff, 0xf9, 0xff, 0xff, 0xff, 0xff, 0xff, 0xff, 0xff, 0x7e, 0x00, 0x00, 0x00, 0x00,
  0x00, 0x00, 0x00, 0x00, 0xff, 0xff, 0xff, 0x7e, 0xff, 0xff, 0xff, 0xff, 0xff, 0xff, 0xff, 0xf9,
  0xff, 0xff, 0xff, 0xff, 0xff, 0xff, 0xff, 0xff, 0xff, 0xff, 0xff, 0xff, 0xff, 0xff, 0xff, 0xff,
  0xfd, 0xfd, 0xff, 0xff, 0xfe, 0xfe, 0xff, 0xff, 0xe1, 0xe2, 0xfc, 0xff, 0x1d, 0x20, 0xeb, 0xff,
  0x00, 0x0b, 0xe9, 0xff, 0x02, 0x12, 0xea, 0xff, 0x00, 0x10, 0xea, 0xff, 0x00, 0x10, 0xea, 0xff,
  0x00, 0x10, 0xea, 0xff, 0x01, 0x12, 0xea, 0xff, 0x02, 0x0f, 0xea, 0xff, 0x08, 0x0e, 0xea, 0xff,
  0xca, 0xcc, 0xfa, 0xff, 0xff, 0xff, 0xff, 0xff, 0xfc, 0xfc, 0xff, 0xff, 0xff, 0xff, 0xff, 0xff,
  0xff, 0xff, 0xff, 0xff, 0xfc, 0xfc, 0xff, 0xff, 0xff, 0xff, 0xff, 0xff, 0xb4, 0xb5, 0xf8, 0xff,
  0x03, 0x03, 0xe9, 0xff, 0x03, 0x12, 0xea, 0xff, 0x00, 0x10, 0xea, 0xff, 0x00, 0x10, 0xea, 0xff,
  0x00, 0x10, 0xea, 0xff, 0x00, 0x10, 0xea, 0xff, 0x01, 0x11, 0xea, 0xff, 0x01, 0x11, 0xea, 0xff,
  0x07, 0x08, 0xea, 0xff, 0xb3, 0xb5, 0xf9, 0xff, 0xff, 0xff, 0xff, 0xff, 0xfa, 0xfa, 0xff, 0xff,
  0xff, 0xff, 0xff, 0xff, 0xff, 0xff, 0xff, 0xff, 0xff, 0xff, 0xff, 0xff, 0xff, 0xff, 0xff, 0xff,
  0xff, 0xff, 0xff, 0xf9, 0xff, 0xff, 0xff, 0xff, 0xff, 0xff, 0xff, 0x7e, 0x00, 0x00, 0x00, 0x00,
  0x00, 0x00, 0x00, 0x00, 0xff, 0xff, 0xff, 0x7e, 0xff, 0xff, 0xff, 0xff, 0xff, 0xff, 0xff, 0xf9,
  0xff, 0xff, 0xff, 0xff, 0xff, 0xff, 0xff, 0xff, 0xff, 0xff, 0xff, 0xff, 0xff, 0xff, 0xff, 0xff,
  0xfb, 0xfb, 0xff, 0xff, 0xff, 0xff, 0xff, 0xff, 0x92, 0x94, 0xf5, 0xff, 0x00, 0x02, 0xe8, 0xff,
  0x03, 0x13, 0xea, 0xff, 0x00, 0x10, 0xea, 0xff, 0x00, 0x10, 0xea, 0xff, 0x00, 0x10, 0xea, 0xff,
  0x00, 0x10, 0xea, 0xff, 0x04, 0x15, 0xea, 0xff, 0x00, 0x02, 0xe9, 0xff, 0x4a, 0x4b, 0xef, 0xff,
  0xf7, 0xf8, 0xfe, 0xff, 0xfe, 0xfe, 0xff, 0xff, 0xff, 0xff, 0xff, 0xff, 0xff, 0xff, 0xff, 0xff,
  0xff, 0xff, 0xff, 0xff, 0xfe, 0xfe, 0xff, 0xff, 0xfe, 0xfe, 0xff, 0xff, 0xf1, 0xf2, 0xfe, 0xff,
  0x35, 0x36, 0xed, 0xff, 0x00, 0x04, 0xe8, 0xff, 0x03, 0x14, 0xea, 0xff, 0x00, 0x10, 0xea, 0xff,
  0x00, 0x10, 0xea, 0xff, 0x00, 0x10, 0xea, 0xff, 0x00, 0x10, 0xea, 0xff, 0x05, 0x15, 0xea, 0xff,
  0x00, 0x01, 0xe9, 0xff, 0x5b, 0x5c, 0xf0, 0xff, 0xfa, 0xfa, 0xff, 0xff, 0xfc, 0xfc, 0xff, 0xff,
  0xff, 0xff, 0xff, 0xff, 0xff, 0xff, 0xff, 0xff, 0xff, 0xff, 0xff, 0xff, 0xff, 0xff, 0xff, 0xff,
  0xff, 0xff, 0xff, 0xf9, 0xff, 0xff, 0xff, 0xff, 0xff, 0xff, 0xff, 0x7e, 0x00, 0x00, 0x00, 0x00,
  0x00, 0x00, 0x00, 0x00, 0xff, 0xff, 0xff, 0x7e, 0xff, 0xff, 0xff, 0xff, 0xff, 0xff, 0xff, 0xf9,
  0xff, 0xff, 0xff, 0xff, 0xff, 0xff, 0xff, 0xff, 0xff, 0xff, 0xff, 0xff, 0xfe, 0xfe, 0xff, 0xff,
  0xfe, 0xfe, 0xff, 0xff, 0xf1, 0xf2, 0xfe, 0xff, 0x3b, 0x3c, 0xed, 0xff, 0x00, 0x04, 0xe9, 0xff,
  0x04, 0x14, 0xea, 0xff, 0x00, 0x10, 0xea, 0xff, 0x00, 0x10, 0xea, 0xff, 0x00, 0x10, 0xea, 0xff,
  0x01, 0x11, 0xea, 0xff, 0x03, 0x13, 0xea, 0xff, 0x02, 0x03, 0xe9, 0xff, 0xa0, 0xa3, 0xf6, 0xff,
  0xff, 0xff, 0xff, 0xff, 0xfb, 0xfb, 0xff, 0xff, 0xff, 0xff, 0xff, 0xff, 0xff, 0xff, 0xff, 0xff,
  0xff, 0xff, 0xff, 0xff, 0xff, 0xff, 0xff, 0xff, 0xfa, 0xfa, 0xff, 0xff, 0xff, 0xff, 0xff, 0xff,
  0x87, 0x89, 0xf4, 0xff, 0x00, 0x00, 0xe9, 0xff, 0x04, 0x14, 0xea, 0xff, 0x00, 0x10, 0xea, 0xff,
  0x00, 0x10, 0xea, 0xff, 0x00, 0x10, 0xea, 0xff, 0x00, 0x10, 0xea, 0xff, 0x01, 0x12, 0xea, 0xff,
  0x02, 0x0c, 0xea, 0xff, 0x0f, 0x13, 0xea, 0xff, 0xd5, 0xd6, 0xfb, 0xff, 0xff, 0xff, 0xff, 0xff,
  0xfc, 0xfd, 0xff, 0xff, 0xff, 0xff, 0xff, 0xff, 0xff, 0xff, 0xff, 0xff, 0xff, 0xff, 0xff, 0xff,
  0xff, 0xff, 0xff, 0xf9, 0xff, 0xff, 0xff, 0xff, 0xff, 0xff, 0xff, 0x7e, 0x00, 0x00, 0x00, 0x00,
  0x00, 0x00, 0x00, 0x00, 0xff, 0xff, 0xff, 0x7e, 0xff, 0xff, 0xff, 0xff, 0xff, 0xff, 0xff, 0xf9,
  0xff, 0xff, 0xff, 0xff, 0xff, 0xff, 0xff, 0xff, 0xff, 0xff, 0xff, 0xff, 0xfc, 0xfc, 0xff, 0xff,
  0xff, 0xff, 0xff, 0xff, 0xb8, 0xba, 0xf8, 0xff, 0x00, 0x06, 0xe9, 0xff, 0x02, 0x12, 0xea, 0xff,
  0x01, 0x11, 0xea, 0xff, 0x00, 0x10, 0xea, 0xff, 0x00, 0x10, 0xea, 0xff, 0x00, 0x10, 0xea, 0xff,
  0x02, 0x12, 0xea, 0xff, 0x00, 0x08, 0xe9, 0xff, 0x25, 0x29, 0xec, 0xff, 0xea, 0xeb, 0xfd, 0xff,
  0xfe, 0xfe, 0xff, 0xff, 0xfd, 0xfd, 0xff, 0xff, 0xff, 0xff, 0xff, 0xff, 0xff, 0xff, 0xff, 0xff,
  0xff, 0xff, 0xff, 0xff, 0xff, 0xff, 0xff, 0xff, 0xfc, 0xfc, 0xff, 0xff, 0xfe, 0xfe, 0xff, 0xff,
  0xd9, 0xdb, 0xfb, 0xff, 0x18, 0x1a, 0xeb, 0xff, 0x00, 0x0b, 0xea, 0xff, 0x01, 0x12, 0xea, 0xff,
  0x00, 0x10, 0xea, 0xff, 0x00, 0x10, 0xea, 0xff, 0x00, 0x10, 0xea, 0xff, 0x00, 0x0f, 0xea, 0xff,
  0x04, 0x15, 0xea, 0xff, 0x00, 0x00, 0xe8, 0xff, 0x7e, 0x7d, 0xf4, 0xff, 0xff, 0xff, 0xff, 0xff,
  0xfd, 0xfd, 0xff, 0xff, 0xff, 0xff, 0xff, 0xff, 0xff, 0xff, 0xff, 0xff, 0xff, 0xff, 0xff, 0xff,
  0xff, 0xff, 0xff, 0xf9, 0xff, 0xff, 0xff, 0xff, 0xff, 0xff, 0xff, 0x7e, 0x00, 0x00, 0x00, 0x00,
  0x00, 0x00, 0x00, 0x00, 0xff, 0xff, 0xff, 0x7e, 0xff, 0xff, 0xff, 0xff, 0xff, 0xff, 0xff, 0xf9,
  0xff, 0xff, 0xff, 0xff, 0xff, 0xff, 0xff, 0xff, 0xff, 0xff, 0xff, 0xff, 0xfe, 0xfd, 0xff, 0xff,
  0xff, 0xff, 0xff, 0xff, 0x55, 0x56, 0xf0, 0xff, 0x00, 0x01, 0xe8, 0xff, 0x03, 0x15, 0xea, 0xff,
  0x00, 0x0f, 0xea, 0xff, 0x00, 0x10, 0xea, 0xff, 0x00, 0x10, 0xea, 0xff, 0x00, 0x0f, 0xea, 0xff,
  0x03, 0x14, 0xea, 0xff, 0x00, 0x00, 0xe8, 0xff, 0x74, 0x76, 0xf2, 0xff, 0xff, 0xff, 0xff, 0xff,
  0xfb, 0xfb, 0xff, 0xff, 0xff, 0xff, 0xff, 0xff, 0xff, 0xff, 0xff, 0xff, 0xff, 0xff, 0xff, 0xff,
  0xff, 0xff, 0xff, 0xff, 0xfe, 0xfe, 0xff, 0xff, 0xff, 0xff, 0xff, 0xff, 0xfc, 0xfc, 0xff, 0xff,
  0xff, 0xff, 0xff, 0xff, 0x56, 0x5a, 0xf0, 0xff, 0x00, 0x01, 0xe9, 0xff, 0x03, 0x14, 0xea, 0xff,
  0x00, 0x0f, 0xea, 0xff, 0x00, 0x10, 0xea, 0xff, 0x00, 0x10, 0xea, 0xff, 0x00, 0x0f, 0xea, 0xff,
  0x01, 0x13, 0xea, 0xff, 0x00, 0x09, 0xea, 0xff, 0x1f, 0x24, 0xec, 0xff, 0xef, 0xef, 0xfd, 0xff,
  0xff, 0xff, 0xff, 0xff, 0xfe, 0xfe, 0xff, 0xff, 0xff, 0xff, 0xff, 0xff, 0xff, 0xff, 0xff, 0xff,
  0xff, 0xff, 0xff, 0xf9, 0xff, 0xff, 0xff, 0xff, 0xff, 0xff, 0xff, 0x7e, 0x00, 0x00, 0x00, 0x00,
  0x00, 0x00, 0x00, 0x00, 0xff, 0xff, 0xff, 0x7e, 0xff, 0xff, 0xff, 0xff, 0xff, 0xff, 0xff, 0xf9,
  0xff, 0xff, 0xff, 0xff, 0xff, 0xff, 0xff, 0xff, 0xfd, 0xfd, 0xff, 0xff, 0xfe, 0xfe, 0xff, 0xff,
  0xd7, 0xd8, 0xfc, 0xff, 0x0b, 0x13, 0xea, 0xff, 0x00, 0x0e, 0xea, 0xff, 0x00, 0x10, 0xea, 0xff,
  0x00, 0x10, 0xea, 0xff, 0x00, 0x10, 0xea, 0xff, 0x00, 0x10, 0xea, 0xff, 0x01, 0x10, 0xea, 0xff,
  0x00, 0x0e, 0xea, 0xff, 0x0c, 0x14, 0xea, 0xff, 0xd9, 0xdb, 0xfb, 0xff, 0xfe, 0xff, 0xff, 0xff,
  0xfd, 0xfd, 0xff, 0xff, 0xfe, 0xff, 0xff, 0xff, 0xfe, 0xff, 0xff, 0xff, 0xfe, 0xff, 0xff, 0xff,
  0xfe, 0xfe, 0xff, 0xff, 0xff, 0xff, 0xff, 0xff, 0xff, 0xff, 0xff, 0xff, 0xfc, 0xfc, 0xff, 0xff,
  0xfe, 0xfe, 0xff, 0xff, 0xb9, 0xba, 0xf8, 0xff, 0x01, 0x05, 0xe9, 0xff, 0x01, 0x12, 0xea, 0xff,
  0x00, 0x10, 0xea, 0xff, 0x00, 0x10, 0xea, 0xff, 0x00, 0x10, 0xea, 0xff, 0x00, 0x10, 0xea, 0xff,
  0x00, 0x0f, 0xea, 0xff, 0x02, 0x13, 0xea, 0xff, 0x00, 0x02, 0xe8, 0xff, 0x99, 0x9a, 0xf6, 0xff,
  0xff, 0xff, 0xff, 0xff, 0xfb, 0xfb, 0xff, 0xff, 0xff, 0xff, 0xff, 0xff, 0xff, 0xff, 0xff, 0xff,
  0xff, 0xff, 0xff, 0xf9, 0xff, 0xff, 0xff, 0xff, 0xff, 0xff, 0xff, 0x7e, 0x00, 0x00, 0x00, 0x00,
  0x00, 0x00, 0x00, 0x00, 0xff, 0xff, 0xff, 0x7e, 0xff, 0xff, 0xff, 0xff, 0xff, 0xff, 0xff, 0xf9,
  0xff, 0xff, 0xff, 0xff, 0xff, 0xff, 0xff, 0xff, 0xfb, 0xfb, 0xff, 0xff, 0xff, 0xff, 0xff, 0xff,
  0x73, 0x77, 0xf3, 0xff, 0x00, 0x00, 0xe8, 0xff, 0x03, 0x14, 0xea, 0xff, 0x00, 0x0f, 0xea, 0xff,
  0x00, 0x10, 0xea, 0xff, 0x00, 0x10, 0xea, 0xff, 0x00, 0x10, 0xea, 0xff, 0x01, 0x11, 0xea, 0xff,
  0x00, 0x0e, 0xea, 0xff, 0x0d, 0x19, 0xeb, 0xff, 0x4e, 0x4f, 0xef, 0xff, 0x4e, 0x4d, 0xef, 0xff,
  0x4d, 0x4c, 0xef, 0xff, 0x4d, 0x4c, 0xef, 0xff, 0x4e, 0x4d, 0xef, 0xff, 0x4f, 0x4e, 0xef, 0xff,
  0x4c, 0x4d, 0xee, 0xff, 0xbe, 0xc1, 0xf9, 0xff, 0xff, 0xff, 0xff, 0xff, 0xfc, 0xfc, 0xff, 0xff,
  0xff, 0xff, 0xff, 0xff, 0xf7, 0xf7, 0xfe, 0xff, 0x2e, 0x32, 0xec, 0xff, 0x00, 0x07, 0xe9, 0xff,
  0x02, 0x13, 0xea, 0xff, 0x00, 0x10, 0xea, 0xff, 0x00, 0x10, 0xea, 0xff, 0x00, 0x10, 0xea, 0xff,
  0x00, 0x10, 0xea, 0xff, 0x03, 0x13, 0xea, 0xff, 0x00, 0x04, 0xe9, 0xff, 0x3e, 0x43, 0xee, 0xff,
  0xfa, 0xfa, 0xfe, 0xff, 0xfd, 0xfd, 0xff, 0xff, 0xfe, 0xfe, 0xff, 0xff, 0xff, 0xff, 0xff, 0xff,
  0xff, 0xff, 0xff, 0xf9, 0xff, 0xff, 0xff, 0xff, 0xff, 0xff, 0xff, 0x7e, 0x00, 0x00, 0x00, 0x00,
  0x00, 0x00, 0x00, 0x00, 0xff, 0xff, 0xff, 0x7e, 0xff, 0xff, 0xff, 0xff, 0xff, 0xff, 0xff, 0xf9,
  0xff, 0xff, 0xff, 0xff, 0xfd, 0xfd, 0xff, 0xff, 0xfe, 0xfe, 0xff, 0xff, 0xea, 0xeb, 0xfd, 0xff,
  0x25, 0x29, 0xec, 0xff, 0x00, 0x08, 0xea, 0xff, 0x02, 0x13, 0xea, 0xff, 0x00, 0x10, 0xea, 0xff,
  0x00, 0x10, 0xea, 0xff, 0x00, 0x10, 0xea, 0xff, 0x00, 0x10, 0xea, 0xff, 0x00, 0x10, 0xea, 0xff,
  0x00, 0x11, 0xea, 0xff, 0x00, 0x0e, 0xea, 0xff, 0x00, 0x01, 0xe9, 0xff, 0x00, 0x01, 0xe9, 0xff,
  0x00, 0x01, 0xe9, 0xff, 0x00, 0x01, 0xe9, 0xff, 0x00, 0x01, 0xe9, 0xff, 0x00, 0x06, 0xe9, 0xff,
  0x00, 0x00, 0xe7, 0xff, 0x5e, 0x5f, 0xf1, 0xff, 0xfc, 0xfc, 0xff, 0xff, 0xfc, 0xfc, 0xff, 0xff,
  0xfc, 0xfc, 0xff, 0xff, 0xff, 0xff, 0xff, 0xff, 0x93, 0x94, 0xf5, 0xff, 0x00, 0x00, 0xe8, 0xff,
  0x03, 0x14, 0xea, 0xff, 0x00, 0x10, 0xea, 0xff, 0x00, 0x10, 0xea, 0xff, 0x00, 0x10, 0xea, 0xff,
  0x00, 0x10, 0xea, 0xff, 0x01, 0x11, 0xea, 0xff, 0x02, 0x11, 0xea, 0xff, 0x0a, 0x0a, 0xe9, 0xff,
  0xb9, 0xbc, 0xf9, 0xff, 0xff, 0xff, 0xff, 0xff, 0xfb, 0xfb, 0xff, 0xff, 0xff, 0xff, 0xff, 0xff,
  0xff, 0xff, 0xff, 0xf9, 0xff, 0xff, 0xff, 0xff, 0xff, 0xff, 0xff, 0x7e, 0x00, 0x00, 0x00, 0x00,
  0x00, 0x00, 0x00, 0x00, 0xff, 0xff, 0xff, 0x7e, 0xff, 0xff, 0xff, 0xff, 0xff, 0xff, 0xff, 0xf9,
  0xff, 0xff, 0xff, 0xff, 0xfa, 0xfa, 0xff, 0xff, 0xff, 0xff, 0xff, 0xff, 0x96, 0x9a, 0xf6, 0xff,
  0x02, 0x02, 0xe9, 0xff, 0x04, 0x13, 0xea, 0xff, 0x00, 0x10, 0xea, 0xff, 0x00, 0x10, 0xea, 0xff,
  0x00, 0x10, 0xea, 0xff, 0x00, 0x10, 0xea, 0xff, 0x00, 0x10, 0xea, 0xff, 0x00, 0x10, 0xea, 0xff,
  0x00, 0x10, 0xea, 0xff, 0x00, 0x10, 0xea, 0xff, 0x03, 0x15, 0xea, 0xff, 0x03, 0x15, 0xea, 0xff,
  0x03, 0x15, 0xea, 0xff, 0x03, 0x15, 0xea, 0xff, 0x03, 0x15, 0xea, 0xff, 0x05, 0x18, 0xea, 0xff,
  0x02, 0x0a, 0xe9, 0xff, 0x23, 0x23, 0xec, 0xff, 0xe4, 0xe6, 0xfd, 0xff, 0xff, 0xff, 0xff, 0xff,
  0xfb, 0xfb, 0xff, 0xff, 0xff, 0xff, 0xff, 0xff, 0xda, 0xdc, 0xfc, 0xff, 0x15, 0x19, 0xeb, 0xff,
  0x01, 0x0c, 0xe9, 0xff, 0x02, 0x13, 0xea, 0xff, 0x00, 0x10, 0xea, 0xff, 0x00, 0x10, 0xea, 0xff,
  0x00, 0x10, 0xea, 0xff, 0x00, 0x10, 0xea, 0xff, 0x04, 0x15, 0xea, 0xff, 0x00, 0x00, 0xe8, 0xff,
  0x64, 0x65, 0xf1, 0xff, 0xff, 0xff, 0xff, 0xff, 0xfc, 0xfc, 0xff, 0xff, 0xfe, 0xfe, 0xff, 0xff,
  0xff, 0xff, 0xff, 0xf9, 0xff, 0xff, 0xff, 0xff, 0xff, 0xff, 0xff, 0x7e, 0x00, 0x00, 0x00, 0x00,
  0x00, 0x00, 0x00, 0x00, 0xff, 0xff, 0xff, 0x7e, 0xff, 0xff, 0xff, 0xff, 0xff, 0xff, 0xff, 0xf9,
  0xfe, 0xfe, 0xff, 0xff, 0xfe, 0xfd, 0xff, 0xff, 0xf7, 0xf8, 0xfe, 0xff, 0x43, 0x45, 0xee, 0xff,
  0x00, 0x02, 0xe9, 0xff, 0x04, 0x15, 0xea, 0xff, 0x00, 0x10, 0xea, 0xff, 0x00, 0x10, 0xea, 0xff,
  0x00, 0x10, 0xea, 0xff, 0x00, 0x10, 0xea, 0xff, 0x00, 0x10, 0xea, 0xff, 0x00, 0x10, 0xea, 0xff,
  0x00, 0x10, 0xea, 0xff, 0x00, 0x10, 0xea, 0xff, 0x00, 0x0f, 0xea, 0xff, 0x00, 0x0f, 0xea, 0xff,
  0x00, 0x0f, 0xea, 0xff, 0x00, 0x0f, 0xea, 0xff, 0x00, 0x0f, 0xea, 0xff, 0x00, 0x0f, 0xea, 0xff,
  0x03, 0x14, 0xea, 0xff, 0x00, 0x01, 0xe9, 0xff, 0xaa, 0xa9, 0xf7, 0xff, 0xff, 0xff, 0xff, 0xff,
  0xfb, 0xfb, 0xff, 0xff, 0xfc, 0xfc, 0xff, 0xff, 0xff, 0xff, 0xff, 0xff, 0x64, 0x67, 0xf1, 0xff,
  0x00, 0x00, 0xe8, 0xff, 0x04, 0x15, 0xea, 0xff, 0x00, 0x10, 0xea, 0xff, 0x00, 0x10, 0xea, 0xff,
  0x00, 0x10, 0xea, 0xff, 0x00, 0x10, 0xea, 0xff, 0x02, 0x12, 0xea, 0xff, 0x02, 0x0c, 0xe9, 0xff,
  0x18, 0x1b, 0xea, 0xff, 0xd9, 0xdc, 0xfc, 0xff, 0xff, 0xff, 0xff, 0xff, 0xfd, 0xfd, 0xff, 0xff,
  0xff, 0xff, 0xff, 0xf9, 0xff, 0xff, 0xff, 0xff, 0xff, 0xff, 0xff, 0x7e, 0x00, 0x00, 0x00, 0x00,
  0x00, 0x00, 0x00, 0x00, 0xff, 0xff, 0xff, 0x7e, 0xff, 0xff, 0xff, 0xff, 0xff, 0xff, 0xff, 0xf9,
  0xfc, 0xfc, 0xff, 0xff, 0xff, 0xff, 0xff, 0xff, 0xbe, 0xc0, 0xf9, 0xff, 0x05, 0x07, 0xe9, 0xff,
  0x02, 0x12, 0xea, 0xff, 0x01, 0x11, 0xea, 0xff, 0x00, 0x10, 0xea, 0xff, 0x00, 0x10, 0xea, 0xff,
  0x00, 0x10, 0xea, 0xff, 0x00, 0x10, 0xea, 0xff, 0x00, 0x10, 0xea, 0xff, 0x00, 0x10, 0xea, 0xff,
  0x00, 0x10, 0xea, 0xff, 0x00, 0x10, 0xea, 0xff, 0x00, 0x10, 0xea, 0xff, 0x00, 0x10, 0xea, 0xff,
  0x00, 0x10, 0xea, 0xff, 0x00, 0x10, 0xea, 0xff, 0x00, 0x10, 0xea, 0xff, 0x00, 0x0f, 0xea, 0xff,
  0x03, 0x16, 0xea, 0xff, 0x00, 0x01, 0xe8, 0xff, 0x57, 0x59, 0xf0, 0xff, 0xff, 0xff, 0xff, 0xff,
  0xfe, 0xfe, 0xff, 0xff, 0xfb, 0xfb, 0xff, 0xff, 0xff, 0xff, 0xff, 0xff, 0xb3, 0xb6, 0xf8, 0xff,
  0x07, 0x08, 0xe9, 0xff, 0x02, 0x11, 0xea, 0xff, 0x00, 0x12, 0xea, 0xff, 0x00, 0x10, 0xea, 0xff,
  0x00, 0x10, 0xea, 0xff, 0x00, 0x10, 0xea, 0xff, 0x00, 0x0f, 0xea, 0xff, 0x04, 0x16, 0xea, 0xff,
  0x00, 0x00, 0xe9, 0xff, 0x8a, 0x8b, 0xf5, 0xff, 0xff, 0xff, 0xff, 0xff, 0xfc, 0xfc, 0xff, 0xff,
  0xff, 0xff, 0xff, 0xf9, 0xff, 0xff, 0xff, 0xff, 0xff, 0xff, 0xff, 0x7e, 0x00, 0x00, 0x00, 0x00,
  0x00, 0x00, 0x00, 0x00, 0xff, 0xff, 0xff, 0x7e, 0xff, 0xff, 0xff, 0xff, 0xff, 0xff, 0xff, 0xf9,
  0xfd, 0xfd, 0xff, 0xff, 0xff, 0xff, 0xff, 0xff, 0x66, 0x67, 0xf1, 0xff, 0x04, 0x04, 0xe9, 0xff,
  0x09, 0x1a, 0xea, 0xff, 0x05, 0x14, 0xea, 0xff, 0x05, 0x15, 0xea, 0xff, 0x05, 0x15, 0xea, 0xff,
  0x05, 0x15, 0xea, 0xff, 0x05, 0x15, 0xea, 0xff, 0x05, 0x15, 0xea, 0xff, 0x05, 0x15, 0xea, 0xff,
  0x05, 0x15, 0xea, 0xff, 0x05, 0x15, 0xea, 0xff, 0x05, 0x15, 0xea, 0xff, 0x05, 0x15, 0xea, 0xff,
  0x05, 0x15, 0xea, 0xff, 0x05, 0x15, 0xea, 0xff, 0x05, 0x15, 0xea, 0xff, 0x05, 0x15, 0xea, 0xff,
  0x06, 0x16, 0xea, 0xff, 0x04, 0x11, 0xea, 0xff, 0x1a, 0x1f, 0xeb, 0xff, 0xe8, 0xe7, 0xfc, 0xff,
  0xff, 0xff, 0xff, 0xff, 0xfd, 0xfd, 0xff, 0xff, 0xfd, 0xfd, 0xff, 0xff, 0xf7, 0xf8, 0xfe, 0xff,
  0x38, 0x3e, 0xee, 0xff, 0x04, 0x09, 0xea, 0xff, 0x08, 0x18, 0xea, 0xff, 0x05, 0x15, 0xea, 0xff,
  0x05, 0x15, 0xea, 0xff, 0x05, 0x15, 0xea, 0xff, 0x05, 0x15, 0xea, 0xff, 0x07, 0x17, 0xea, 0xff,
  0x05, 0x0d, 0xe9, 0xff, 0x2d, 0x34, 0xed, 0xff, 0xf8, 0xf8, 0xff, 0xff, 0xff, 0xff, 0xff, 0xff,
  0xfd, 0xfd, 0xff, 0xf9, 0xff, 0xff, 0xff, 0xff, 0xff, 0xff, 0xff, 0x7e, 0x00, 0x00, 0x00, 0x00,
  0x00, 0x00, 0x00, 0x00, 0xff, 0xff, 0xff, 0x7e, 0xff, 0xff, 0xff, 0xff, 0xfc, 0xfc, 0xff, 0xf9,
  0xff, 0xff, 0xff, 0xff, 0xcf, 0xcf, 0xfa, 0xff, 0x00, 0x00, 0xe8, 0xff, 0x00, 0x00, 0xe9, 0xff,
  0x00, 0x00, 0xe9, 0xff, 0x00, 0x00, 0xe9, 0xff, 0x00, 0x00, 0xe9, 0xff, 0x00, 0x00, 0xe9, 0xff,
  0x00, 0x00, 0xe9, 0xff, 0x00, 0x00, 0xe9, 0xff, 0x00, 0x00, 0xe9, 0xff, 0x00, 0x00, 0xe9, 0xff,
  0x00, 0x00, 0xe9, 0xff, 0x00, 0x00, 0xe9, 0xff, 0x00, 0x00, 0xe9, 0xff, 0x00, 0x00, 0xe9, 0xff,
  0x00, 0x00, 0xe9, 0xff, 0x00, 0x00, 0xe9, 0xff, 0x00, 0x00, 0xe9, 0xff, 0x00, 0x00, 0xe9, 0xff,
  0x00, 0x00, 0xe9, 0xff, 0x00, 0x00, 0xe9, 0xff, 0x00, 0x00, 0xe7, 0xff, 0x7f, 0x81, 0xf4, 0xff,
  0xff, 0xff, 0xff, 0xff, 0xfb, 0xfc, 0xff, 0xff, 0xfc, 0xfc, 0xff, 0xff, 0xff, 0xff, 0xff, 0xff,
  0x8d, 0x8e, 0xf5, 0xff, 0x00, 0x00, 0xe7, 0xff, 0x00, 0x00, 0xe9, 0xff, 0x00, 0x00, 0xe9, 0xff,
  0x00, 0x00, 0xe9, 0xff, 0x00, 0x00, 0xe9, 0xff, 0x00, 0x00, 0xe9, 0xff, 0x00, 0x00, 0xe9, 0xff,
  0x00, 0x00, 0xe9, 0xff, 0x00, 0x00, 0xe7, 0xff, 0x98, 0x98, 0xf6, 0xff, 0xff, 0xff, 0xff, 0xff,
  0xfb, 0xfb, 0xff, 0xf9, 0xff, 0xff, 0xff, 0xff, 0xff, 0xff, 0xff, 0x7e, 0x00, 0x00, 0x00, 0x00,
  0x00, 0x00, 0x00, 0x00, 0xff, 0xff, 0xff, 0x7e, 0xff, 0xff, 0xff, 0xff, 0xfc, 0xfc, 0xff, 0xf9,
  0xff, 0xff, 0xff, 0xff, 0xc6, 0xc7, 0xfa, 0xff, 0x77, 0x7a, 0xf3, 0xff, 0x7d, 0x85, 0xf4, 0xff,
  0x7b, 0x82, 0xf4, 0xff, 0x7b, 0x83, 0xf4, 0xff, 0x7b, 0x83, 0xf4, 0xff, 0x7b, 0x83, 0xf4, 0xff,
  0x7b, 0x83, 0xf4, 0xff, 0x7b, 0x83, 0xf4, 0xff, 0x7b, 0x83, 0xf4, 0xff, 0x7b, 0x83, 0xf4, 0xff,
  0x7b, 0x83, 0xf4, 0xff, 0x7b, 0x83, 0xf4, 0xff, 0x7b, 0x83, 0xf4, 0xff, 0x7b, 0x83, 0xf4, 0xff,
  0x7b, 0x83, 0xf4, 0xff, 0x7b, 0x83, 0xf4, 0xff, 0x7b, 0x83, 0xf4, 0xff, 0x7b, 0x83, 0xf4, 0xff,
  0x7b, 0x83, 0xf4, 0xff, 0x7e, 0x85, 0xf4, 0xff, 0x76, 0x7b, 0xf3, 0xff, 0xa5, 0xa7, 0xf7, 0xff,
  0xff, 0xff, 0xff, 0xff, 0xfe, 0xfd, 0xff, 0xff, 0xfe, 0xfe, 0xff, 0xff, 0xfe, 0xfe, 0xff, 0xff,
  0xe9, 0xe8, 0xfd, 0xff, 0x7e, 0x82, 0xf4, 0xff, 0x7b, 0x83, 0xf4, 0xff, 0x7b, 0x83, 0xf4, 0xff,
  0x7b, 0x83, 0xf4, 0xff, 0x7b, 0x83, 0xf4, 0xff, 0x7b, 0x83, 0xf4, 0xff, 0x7b, 0x83, 0xf4, 0xff,
  0x7d, 0x85, 0xf4, 0xff, 0x76, 0x7a, 0xf4, 0xff, 0xa8, 0xab, 0xf7, 0xff, 0xff, 0xff, 0xff, 0xff,
  0xfc, 0xfc, 0xff, 0xf9, 0xff, 0xff, 0xff, 0xff, 0xff, 0xff, 0xff, 0x7e, 0x00, 0x00, 0x00, 0x00,
  0x00, 0x00, 0x00, 0x00, 0xff, 0xff, 0xff, 0x7e, 0xff, 0xff, 0xff, 0xff, 0xff, 0xff, 0xff, 0xf9,
  0xff, 0xff, 0xff, 0xff, 0xff, 0xff, 0xff, 0xff, 0xff, 0xff, 0xff, 0xff, 0xff, 0xff, 0xff, 0xff,
  0xff, 0xff, 0xff, 0xff, 0xff, 0xff, 0xff, 0xff, 0xff, 0xff, 0xff, 0xff, 0xff, 0xff, 0xff, 0xff,
  0xff, 0xff, 0xff, 0xff, 0xff, 0xff, 0xff, 0xff, 0xff, 0xff, 0xff, 0xff, 0xff, 0xff, 0xff, 0xff,
  0xff, 0xff, 0xff, 0xff, 0xff, 0xff, 0xff, 0xff, 0xff, 0xff, 0xff, 0xff, 0xff, 0xff, 0xff, 0xff,
  0xff, 0xff, 0xff, 0xff, 0xff, 0xff, 0xff, 0xff, 0xff, 0xff, 0xff, 0xff, 0xff, 0xff, 0xff, 0xff,
  0xff, 0xff, 0xff, 0xff, 0xff, 0xff, 0xff, 0xff, 0xff, 0xff, 0xff, 0xff, 0xff, 0xff, 0xff, 0xff,
  0xff, 0xff, 0xff, 0xff, 0xff, 0xff, 0xff, 0xff, 0xff, 0xff, 0xff, 0xff, 0xff, 0xff, 0xff, 0xff,
  0xff, 0xff, 0xff, 0xff, 0xff, 0xff, 0xff, 0xff, 0xff, 0xff, 0xff, 0xff, 0xff, 0xff, 0xff, 0xff,
  0xff, 0xff, 0xff, 0xff, 0xff, 0xff, 0xff, 0xff, 0xff, 0xff, 0xff, 0xff, 0xff, 0xff, 0xff, 0xff,
  0xff, 0xff, 0xff, 0xff, 0xff, 0xff, 0xff, 0xff, 0xff, 0xff, 0xff, 0xff, 0xff, 0xff, 0xff, 0xff,
  0xff, 0xff, 0xff, 0xf9, 0xff, 0xff, 0xff, 0xff, 0xff, 0xff, 0xff, 0x7e, 0x00, 0x00, 0x00, 0x00,
  0x00, 0x00, 0x00, 0x00, 0xff, 0xff, 0xff, 0x7e, 0xff, 0xff, 0xff, 0xff, 0xff, 0xff, 0xff, 0xf9,
  0xff, 0xff, 0xff, 0xff, 0xfd, 0xfd, 0xff, 0xff, 0xfa, 0xfa, 0xff, 0xff, 0xfa, 0xfb, 0xff, 0xff,
  0xfa, 0xfa, 0xff, 0xff, 0xfa, 0xfa, 0xff, 0xff, 0xfa, 0xfa, 0xff, 0xff, 0xfa, 0xfa, 0xff, 0xff,
  0xfa, 0xfa, 0xff, 0xff, 0xfa, 0xfa, 0xff, 0xff, 0xfa, 0xfa, 0xff, 0xff, 0xfa, 0xfa, 0xff, 0xff,
  0xfa, 0xfa, 0xff, 0xff, 0xfa, 0xfa, 0xff, 0xff, 0xfa, 0xfa, 0xff, 0xff, 0xfa, 0xfa, 0xff, 0xff,
  0xfa, 0xfa, 0xff, 0xff, 0xfa, 0xfa, 0xff, 0xff, 0xfa, 0xfa, 0xff, 0xff, 0xfa, 0xfa, 0xff, 0xff,
  0xfa, 0xfa, 0xff, 0xff, 0xfa, 0xfb, 0xff, 0xff, 0xfa, 0xfa, 0xff, 0xff, 0xfc, 0xfc, 0xff, 0xff,
  0xff, 0xff, 0xff, 0xff, 0xff, 0xff, 0xff, 0xff, 0xff, 0xff, 0xff, 0xff, 0xff, 0xff, 0xff, 0xff,
  0xfe, 0xfe, 0xff, 0xff, 0xfa, 0xfa, 0xff, 0xff, 0xfa, 0xfa, 0xff, 0xff, 0xfa, 0xfa, 0xff, 0xff,
  0xfa, 0xfa, 0xff, 0xff, 0xfa, 0xfa, 0xff, 0xff, 0xfa, 0xfa, 0xff, 0xff, 0xfa, 0xfa, 0xff, 0xff,
  0xfa, 0xfb, 0xff, 0xff, 0xfa, 0xfa, 0xff, 0xff, 0xfc, 0xfc, 0xff, 0xff, 0xff, 0xff, 0xff, 0xff,
  0xff, 0xff, 0xff, 0xf9, 0xff, 0xff, 0xff, 0xff, 0xff, 0xff, 0xff, 0x7e, 0x00, 0x00, 0x00, 0x00,
  0x00, 0x00, 0x00, 0x00, 0xff, 0xff, 0xff, 0x7e, 0xff, 0xff, 0xff, 0xff, 0xff, 0xff, 0xff, 0xf9,
  0xff, 0xff, 0xff, 0xff, 0xff, 0xff, 0xff, 0xff, 0xff, 0xff, 0xff, 0xff, 0xff, 0xff, 0xff, 0xff,
  0xff, 0xff, 0xff, 0xff, 0xff, 0xff, 0xff, 0xff, 0xff, 0xff, 0xff, 0xff, 0xff, 0xff, 0xff, 0xff,
  0xff, 0xff, 0xff, 0xff, 0xff, 0xff, 0xff, 0xff, 0xff, 0xff, 0xff, 0xff, 0xff, 0xff, 0xff, 0xff,
  0xff, 0xff, 0xff, 0xff, 0xff, 0xff, 0xff, 0xff, 0xff, 0xff, 0xff, 0xff, 0xff, 0xff, 0xff, 0xff,
  0xff, 0xff, 0xff, 0xff, 0xff, 0xff, 0xff, 0xff, 0xff, 0xff, 0xff, 0xff, 0xff, 0xff, 0xff, 0xff,
  0xff, 0xff, 0xff, 0xff, 0xff, 0xff, 0xff, 0xff, 0xff, 0xff, 0xff, 0xff, 0xff, 0xff, 0xff, 0xff,
  0xff, 0xff, 0xff, 0xff, 0xff, 0xff, 0xff, 0xff, 0xff, 0xff, 0xff, 0xff, 0xff, 0xff, 0xff, 0xff,
  0xff, 0xff, 0xff, 0xff, 0xff, 0xff, 0xff, 0xff, 0xff, 0xff, 0xff, 0xff, 0xff, 0xff, 0xff, 0xff,
  0xff, 0xff, 0xff, 0xff, 0xff, 0xff, 0xff, 0xff, 0xff, 0xff, 0xff, 0xff, 0xff, 0xff, 0xff, 0xff,
  0xff, 0xff, 0xff, 0xff, 0xff, 0xff, 0xff, 0xff, 0xff, 0xff, 0xff, 0xff, 0xff, 0xff, 0xff, 0xff,
  0xff, 0xff, 0xff, 0xf9, 0xff, 0xff, 0xff, 0xff, 0xff, 0xff, 0xff, 0x7e, 0x00, 0x00, 0x00, 0x00,
  0x00, 0x00, 0x00, 0x00, 0xff, 0xff, 0xff, 0x7b, 0xff, 0xff, 0xff, 0xf9, 0xff, 0xff, 0xff, 0xf3,
  0xff, 0xff, 0xff, 0xf9, 0xff, 0xff, 0xff, 0xf9, 0xff, 0xff, 0xff, 0xf9, 0xff, 0xff, 0xff, 0xf9,
  0xff, 0xff, 0xff, 0xf9, 0xff, 0xff, 0xff, 0xf9, 0xff, 0xff, 0xff, 0xf9, 0xff, 0xff, 0xff, 0xf9,
  0xff, 0xff, 0xff, 0xf9, 0xff, 0xff, 0xff, 0xf9, 0xff, 0xff, 0xff, 0xf9, 0xff, 0xff, 0xff, 0xf9,
  0xff, 0xff, 0xff, 0xf9, 0xff, 0xff, 0xff, 0xf9, 0xff, 0xff, 0xff, 0xf9, 0xff, 0xff, 0xff, 0xf9,
  0xff, 0xff, 0xff, 0xf9, 0xff, 0xff, 0xff, 0xf9, 0xff, 0xff, 0xff, 0xf9, 0xff, 0xff, 0xff, 0xf9,
  0xff, 0xff, 0xff, 0xf9, 0xff, 0xff, 0xff, 0xf9, 0xff, 0xff, 0xff, 0xf9, 0xff, 0xff, 0xff, 0xf9,
  0xff, 0xff, 0xff, 0xf9, 0xff, 0xff, 0xff, 0xf9, 0xff, 0xff, 0xff, 0xf9, 0xff, 0xff, 0xff, 0xf9,
  0xff, 0xff, 0xff, 0xf9, 0xff, 0xff, 0xff, 0xf9, 0xff, 0xff, 0xff, 0xf9, 0xff, 0xff, 0xff, 0xf9,
  0xff, 0xff, 0xff, 0xf9, 0xff, 0xff, 0xff, 0xf9, 0xff, 0xff, 0xff, 0xf9, 0xff, 0xff, 0xff, 0xf9,
  0xff, 0xff, 0xff, 0xf9, 0xff, 0xff, 0xff, 0xf9, 0xff, 0xff, 0xff, 0xf9, 0xff, 0xff, 0xff, 0xf9,
  0xff, 0xff, 0xff, 0xf3, 0xff, 0xff, 0xff, 0xf9, 0xff, 0xff, 0xff, 0x7b, 0x00, 0x00, 0x00, 0x00,
  0x00, 0x00, 0x00, 0x00, 0xff, 0xff, 0xff, 0x8a, 0xff, 0xff, 0xff, 0xff, 0xff, 0xff, 0xff, 0xff,
  0xff, 0xff, 0xff, 0xff, 0xff, 0xff, 0xff, 0xff, 0xff, 0xff, 0xff, 0xff, 0xff, 0xff, 0xff, 0xff,
  0xff, 0xff, 0xff, 0xff, 0xff, 0xff, 0xff, 0xff, 0xff, 0xff, 0xff, 0xff, 0xff, 0xff, 0xff, 0xff,
  0xff, 0xff, 0xff, 0xff, 0xff, 0xff, 0xff, 0xff, 0xff, 0xff, 0xff, 0xff, 0xff, 0xff, 0xff, 0xff,
  0xff, 0xff, 0xff, 0xff, 0xff, 0xff, 0xff, 0xff, 0xff, 0xff, 0xff, 0xff, 0xff, 0xff, 0xff, 0xff,
  0xff, 0xff, 0xff, 0xff, 0xff, 0xff, 0xff, 0xff, 0xff, 0xff, 0xff, 0xff, 0xff, 0xff, 0xff, 0xff,
  0xff, 0xff, 0xff, 0xff, 0xff, 0xff, 0xff, 0xff, 0xff, 0xff, 0xff, 0xff, 0xff, 0xff, 0xff, 0xff,
  0xff, 0xff, 0xff, 0xff, 0xff, 0xff, 0xff, 0xff, 0xff, 0xff, 0xff, 0xff, 0xff, 0xff, 0xff, 0xff,
  0xff, 0xff, 0xff, 0xff, 0xff, 0xff, 0xff, 0xff, 0xff, 0xff, 0xff, 0xff, 0xff, 0xff, 0xff, 0xff,
  0xff, 0xff, 0xff, 0xff, 0xff, 0xff, 0xff, 0xff, 0xff, 0xff, 0xff, 0xff, 0xff, 0xff, 0xff, 0xff,
  0xff, 0xff, 0xff, 0xff, 0xff, 0xff, 0xff, 0xff, 0xff, 0xff, 0xff, 0xff, 0xff, 0xff, 0xff, 0xff,
  0xff, 0xff, 0xff, 0xff, 0xff, 0xff, 0xff, 0xff, 0xff, 0xff, 0xff, 0x8a, 0x00, 0x00, 0x00, 0x00,
  0x00, 0x00, 0x00, 0x00, 0xff, 0xff, 0xff, 0x3e, 0xff, 0xff, 0xff, 0x7e, 0xff, 0xff, 0xff, 0x7b,
  0xff, 0xff, 0xff, 0x7e, 0xff, 0xff, 0xff, 0x7e, 0xff, 0xff, 0xff, 0x7e, 0xff, 0xff, 0xff, 0x7e,
  0xff, 0xff, 0xff, 0x7e, 0xff, 0xff, 0xff, 0x7e, 0xff, 0xff, 0xff, 0x7e, 0xff, 0xff, 0xff, 0x7e,
  0xff, 0xff, 0xff, 0x7e, 0xff, 0xff, 0xff, 0x7e, 0xff, 0xff, 0xff, 0x7e, 0xff, 0xff, 0xff, 0x7e,
  0xff, 0xff, 0xff, 0x7e, 0xff, 0xff, 0xff, 0x7e, 0xff, 0xff, 0xff, 0x7e, 0xff, 0xff, 0xff, 0x7e,
  0xff, 0xff, 0xff, 0x7e, 0xff, 0xff, 0xff, 0x7e, 0xff, 0xff, 0xff, 0x7e, 0xff, 0xff, 0xff, 0x7e,
  0xff, 0xff, 0xff, 0x7e, 0xff, 0xff, 0xff, 0x7e, 0xff, 0xff, 0xff, 0x7e, 0xff, 0xff, 0xff, 0x7e,
  0xff, 0xff, 0xff, 0x7e, 0xff, 0xff, 0xff, 0x7e, 0xff, 0xff, 0xff, 0x7e, 0xff, 0xff, 0xff, 0x7e,
  0xff, 0xff, 0xff, 0x7e, 0xff, 0xff, 0xff, 0x7e, 0xff, 0xff, 0xff, 0x7e, 0xff, 0xff, 0xff, 0x7e,
  0xff, 0xff, 0xff, 0x7e, 0xff, 0xff, 0xff, 0x7e, 0xff, 0xff, 0xff, 0x7e, 0xff, 0xff, 0xff, 0x7e,
  0xff, 0xff, 0xff, 0x7e, 0xff, 0xff, 0xff, 0x7e, 0xff, 0xff, 0xff, 0x7e, 0xff, 0xff, 0xff, 0x7e,
  0xff, 0xff, 0xff, 0x7b, 0xff, 0xff, 0xff, 0x7e, 0xff, 0xff, 0xff, 0x3e, 0x00, 0x00, 0x00, 0x00,
  0x00, 0x00, 0x00, 0x00, 0x00, 0x00, 0x00, 0x00, 0x00, 0x00, 0x00, 0x00, 0x00, 0x00, 0x00, 0x00,
  0x00, 0x00, 0x00, 0x00, 0x00, 0x00, 0x00, 0x00, 0x00, 0x00, 0x00, 0x00, 0x00, 0x00, 0x00, 0x00,
  0x00, 0x00, 0x00, 0x00, 0x00, 0x00, 0x00, 0x00, 0x00, 0x00, 0x00, 0x00, 0x00, 0x00, 0x00, 0x00,
  0x00, 0x00, 0x00, 0x00, 0x00, 0x00, 0x00, 0x00, 0x00, 0x00, 0x00, 0x00, 0x00, 0x00, 0x00, 0x00,
  0x00, 0x00, 0x00, 0x00, 0x00, 0x00, 0x00, 0x00, 0x00, 0x00, 0x00, 0x00, 0x00, 0x00, 0x00, 0x00,
  0x00, 0x00, 0x00, 0x00, 0x00, 0x00, 0x00, 0x00, 0x00, 0x00, 0x00, 0x00, 0x00, 0x00, 0x00, 0x00,
  0x00, 0x00, 0x00, 0x00, 0x00, 0x00, 0x00, 0x00, 0x00, 0x00, 0x00, 0x00, 0x00, 0x00, 0x00, 0x00,
  0x00, 0x00, 0x00, 0x00, 0x00, 0x00, 0x00, 0x00, 0x00, 0x00, 0x00, 0x00, 0x00, 0x00, 0x00, 0x00,
  0x00, 0x00, 0x00, 0x00, 0x00, 0x00, 0x00, 0x00, 0x00, 0x00, 0x00, 0x00, 0x00, 0x00, 0x00, 0x00,
  0x00, 0x00, 0x00, 0x00, 0x00, 0x00, 0x00, 0x00, 0x00, 0x00, 0x00, 0x00, 0x00, 0x00, 0x00, 0x00,
  0x00, 0x00, 0x00, 0x00, 0x00, 0x00, 0x00, 0x00, 0x00, 0x00, 0x00, 0x00, 0x00, 0x00, 0x00, 0x00,
  0x00, 0x00, 0x00, 0x00, 0x00, 0x00, 0x00, 0x00, 0x00, 0x00, 0x00, 0x00, 0x00, 0x00, 0x00, 0x00,
  
};

const lv_image_dsc_t logo_ADBE = {
  .header = { .magic = LV_IMAGE_HEADER_MAGIC, .cf = LV_COLOR_FORMAT_ARGB8888, .flags = 0, .w = 48, .h = 48, .stride = 192, .reserved_2 = 0 },
  .data_size = sizeof(logo_ADBE_data),
  .data = logo_ADBE_data,
  .reserved = nullptr,
};

static const LV_ATTRIBUTE_LARGE_CONST uint8_t logo_AMD_data[] = {
  0x66, 0x99, 0x00, 0x0a, 0x73, 0xa7, 0x00, 0xa3, 0x79, 0xae, 0x00, 0xe3, 0x73, 0xa6, 0x00, 0xd6,
  0x74, 0xa7, 0x00, 0xdb, 0x74, 0xa7, 0x00, 0xda, 0x74, 0xa6, 0x00, 0xdb, 0x74, 0xa6, 0x00, 0xdb,
  0x74, 0xa6, 0x00, 0xdb, 0x74, 0xa6, 0x00, 0xdb, 0x74, 0xa6, 0x00, 0xdb, 0x74, 0xa6, 0x00, 0xdb,
  0x74, 0xa6, 0x00, 0xdb, 0x74, 0xa6, 0x00, 0xdb, 0x74, 0xa6, 0x00, 0xdb, 0x74, 0xa6, 0x00, 0xdb,
  0x74, 0xa6, 0x00, 0xdb, 0x74, 0xa6, 0x00, 0xdb, 0x74, 0xa6, 0x00, 0xdb, 0x74, 0xa6, 0x00, 0xdb,
  0x74, 0xa6, 0x00, 0xdb, 0x74, 0xa6, 0x00, 0xdb, 0x74, 0xa6, 0x00, 0xdb, 0x74, 0xa6, 0x00, 0xdb,
  0x74, 0xa6, 0x00, 0xdb, 0x74, 0xa6, 0x00, 0xdb, 0x74, 0xa6, 0x00, 0xdb, 0x74, 0xa6, 0x00, 0xdb,
  0x74, 0xa6, 0x00, 0xdb, 0x74, 0xa6, 0x00, 0xdb, 0x74, 0xa6, 0x00, 0xdb, 0x74, 0xa6, 0x00, 0xdb,
  0x74, 0xa6, 0x00, 0xdb, 0x74, 0xa6, 0x00, 0xdb, 0x74, 0xa6, 0x00, 0xdb, 0x74, 0xa6, 0x00, 0xdb,
  0x74, 0xa6, 0x00, 0xdb, 0x74, 0xa6, 0x00, 0xdb, 0x74, 0xa6, 0x00, 0xdb, 0x74, 0xa6, 0x00, 0xdb,
  0x74, 0xa6, 0x00, 0xdb, 0x74, 0xa6, 0x00, 0xdb, 0x74, 0xa6, 0x00, 0xdb, 0x74, 0xa6, 0x00, 0xdb,
  0x74, 0xa6, 0x00, 0xdb, 0x74, 0xa6, 0x00, 0xd9, 0x78, 0xab, 0x00, 0xdc, 0x74, 0xa7, 0x00, 0xa6,
  0x00, 0x00, 0x00, 0x00, 0x73, 0xa2, 0x00, 0x21, 0x76, 0xaa, 0x00, 0xd7, 0x7f, 0xb6, 0x00, 0xff,
  0x76, 0xa9, 0x00, 0xff, 0x78, 0xad, 0x00, 0xff, 0x78, 0xac, 0x00, 0xff, 0x78, 0xac, 0x00, 0xff,
  0x78, 0xac, 0x00, 0xff, 0x78, 0xac, 0x00, 0xff, 0x78, 0xac, 0x00, 0xff, 0x78, 0xac, 0x00, 0xff,
  0x78, 0xac, 0x00, 0xff, 0x78, 0xac, 0x00, 0xff, 0x78, 0xac, 0x00, 0xff, 0x78, 0xac, 0x00, 0xff,
  0x78, 0xac, 0x00, 0xff, 0x78, 0xac, 0x00, 0xff, 0x78, 0xac, 0x00, 0xff, 0x78, 0xac, 0x00, 0xff,
  0x78, 0xac, 0x00, 0xff, 0x78, 0xac, 0x00, 0xff, 0x78, 0xac, 0x00, 0xff, 0x78, 0xac, 0x00, 0xff,
  0x78, 0xac, 0x00, 0xff, 0x78, 0xac, 0x00, 0xff, 0x78, 0xac, 0x00, 0xff, 0x78, 0xac, 0x00, 0xff,
  0x78, 0xac, 0x00, 0xff, 0x78, 0xac, 0x00, 0xff, 0x78, 0xac, 0x00, 0xff, 0x78, 0xac, 0x00, 0xff,
  0x78, 0xac, 0x00, 0xff, 0x78, 0xac, 0x00, 0xff, 0x78, 0xac, 0x00, 0xff, 0x78, 0xac, 0x00, 0xff,
  0x78, 0xac, 0x00, 0xff, 0x78, 0xac, 0x00, 0xff, 0x78, 0xac, 0x00, 0xff, 0x78, 0xac, 0x00, 0xff,
  0x78, 0xac, 0x00, 0xff, 0x78, 0xac, 0x00, 0xff, 0x78, 0xac, 0x00, 0xff, 0x78, 0xac, 0x00, 0xff,
  0x78, 0xac, 0x00, 0xff, 0x77, 0xab, 0x00, 0xff, 0x7d, 0xb3, 0x00, 0xff, 0x74, 0xa7, 0x00, 0xc7,
  0x7f, 0x7f, 0x00, 0x02, 0x00, 0x00, 0x00, 0x00, 0x6d, 0x9d, 0x00, 0x15, 0x77, 0xab, 0x00, 0xcf,
  0x7b, 0xb1, 0x00, 0xff, 0x74, 0xa7, 0x00, 0xfa, 0x75, 0xa7, 0x00, 0xfe, 0x74, 0xa7, 0x00, 0xfe,
  0x74, 0xa7, 0x00, 0xfe, 0x74, 0xa7, 0x00, 0xfe, 0x74, 0xa7, 0x00, 0xfe, 0x74, 0xa7, 0x00, 0xfe,
  0x74, 0xa7, 0x00, 0xfe, 0x74, 0xa7, 0x00, 0xfe, 0x74, 0xa7, 0x00, 0xfe, 0x74, 0xa7, 0x00, 0xfe,
  0x74, 0xa7, 0x00, 0xfe, 0x74, 0xa7, 0x00, 0xfe, 0x74, 0xa7, 0x00, 0xfe, 0x74, 0xa7, 0x00, 0xfe,
  0x74, 0xa7, 0x00, 0xfe, 0x74, 0xa7, 0x00, 0xfe, 0x74, 0xa7, 0x00, 0xfe, 0x74, 0xa7, 0x00, 0xfe,
  0x74, 0xa7, 0x00, 0xfe, 0x74, 0xa7, 0x00, 0xfe, 0x74, 0xa7, 0x00, 0xfe, 0x74, 0xa7, 0x00, 0xfe,
  0x74, 0xa7, 0x00, 0xfe, 0x74, 0xa7, 0x00, 0xfe, 0x74, 0xa7, 0x00, 0xfe, 0x74, 0xa7, 0x00, 0xfe,
  0x74, 0xa7, 0x00, 0xfe, 0x74, 0xa7, 0x00, 0xfe, 0x74, 0xa7, 0x00, 0xfe, 0x74, 0xa7, 0x00, 0xfe,
  0x74, 0xa7, 0x00, 0xfe, 0x74, 0xa7, 0x00, 0xfe, 0x74, 0xa7, 0x00, 0xfe, 0x74, 0xa7, 0x00, 0xfe,
  0x74, 0xa7, 0x00, 0xfe, 0x74, 0xa7, 0x00, 0xfe, 0x74, 0xa7, 0x00, 0xfe, 0x74, 0xa7, 0x00, 0xfe,
  0x74, 0xa7, 0x00, 0xfe, 0x74, 0xa7, 0x00, 0xfc, 0x79, 0xad, 0x00, 0xfe, 0x75, 0xa7, 0x00, 0xc1,
  0x00, 0x00, 0x00, 0x00, 0x55, 0xaa, 0x00, 0x03, 0x00, 0x00, 0x00, 0x00, 0x6a, 0x9f, 0x00, 0x18,
  0x77, 0xaa, 0x00, 0xd1, 0x7b, 0xb1, 0x00, 0xff, 0x74, 0xa7, 0x00, 0xfb, 0x75, 0xa8, 0x00, 0xff,
  0x75, 0xa8, 0x00, 0xff, 0x75, 0xa8, 0x00, 0xff, 0x75, 0xa8, 0x00, 0xff, 0x75, 0xa8, 0x00, 0xff,
  0x75, 0xa8, 0x00, 0xff, 0x75, 0xa8, 0x00, 0xff, 0x75, 0xa8, 0x00, 0xff, 0x75, 0xa8, 0x00, 0xff,
  0x75, 0xa8, 0x00, 0xff, 0x75, 0xa8, 0x00, 0xff, 0x75, 0xa8, 0x00, 0xff, 0x75, 0xa8, 0x00, 0xff,
  0x75, 0xa8, 0x00, 0xff, 0x75, 0xa8, 0x00, 0xff, 0x75, 0xa8, 0x00, 0xff, 0x75, 0xa8, 0x00, 0xff,
  0x75, 0xa8, 0x00, 0xff, 0x75, 0xa8, 0x00, 0xff, 0x75, 0xa8, 0x00, 0xff, 0x75, 0xa8, 0x00, 0xff,
  0x75, 0xa8, 0x00, 0xff, 0x75, 0xa8, 0x00, 0xff, 0x75, 0xa8, 0x00, 0xff, 0x75, 0xa8, 0x00, 0xff,
  0x75, 0xa8, 0x00, 0xff, 0x75, 0xa8, 0x00, 0xff, 0x75, 0xa8, 0x00, 0xff, 0x75, 0xa8, 0x00, 0xff,
  0x75, 0xa8, 0x00, 0xff, 0x75, 0xa8, 0x00, 0xff, 0x75, 0xa8, 0x00, 0xff, 0x75, 0xa8, 0x00, 0xff,
  0x75, 0xa8, 0x00, 0xff, 0x75, 0xa8, 0x00, 0xff, 0x75, 0xa8, 0x00, 0xff, 0x75, 0xa8, 0x00, 0xff,
  0x75, 0xa8, 0x00, 0xff, 0x74, 0xa8, 0x00, 0xfd, 0x7a, 0xae, 0x00, 0xff, 0x74, 0xa8, 0x00, 0xc2,
  0x00, 0x00, 0x00, 0x00, 0x00, 0x00, 0x00, 0x00, 0x55, 0xaa, 0x00, 0x03, 0x00, 0x00, 0x00, 0x00,
  0x70, 0xa3, 0x00, 0x19, 0x77, 0xaa, 0x00, 0xd4, 0x7b, 0xb1, 0x00, 0xff, 0x74, 0xa7, 0x00, 0xfb,
  0x75, 0xa8, 0x00, 0xff, 0x75, 0xa8, 0x00, 0xff, 0x75, 0xa8, 0x00, 0xff, 0x75, 0xa8, 0x00, 0xff,
  0x75, 0xa8, 0x00, 0xff, 0x75, 0xa8, 0x00, 0xff, 0x75, 0xa8, 0x00, 0xff, 0x75, 0xa8, 0x00, 0xff,
  0x75, 0xa8, 0x00, 0xff, 0x75, 0xa8, 0x00, 0xff, 0x75, 0xa8, 0x00, 0xff, 0x75, 0xa8, 0x00, 0xff,
  0x75, 0xa8, 0x00, 0xff, 0x75, 0xa8, 0x00, 0xff, 0x75, 0xa8, 0x00, 0xff, 0x75, 0xa8, 0x00, 0xff,
  0x75, 0xa8, 0x00, 0xff, 0x75, 0xa8, 0x00, 0xff, 0x75, 0xa8, 0x00, 0xff, 0x75, 0xa8, 0x00, 0xff,
  0x75, 0xa8, 0x00, 0xff, 0x75, 0xa8, 0x00, 0xff, 0x75, 0xa8, 0x00, 0xff, 0x75, 0xa8, 0x00, 0xff,
  0x75, 0xa8, 0x00, 0xff, 0x75, 0xa8, 0x00, 0xff, 0x75, 0xa8, 0x00, 0xff, 0x75, 0xa8, 0x00, 0xff,
  0x75, 0xa8, 0x00, 0xff, 0x75, 0xa8, 0x00, 0xff, 0x75, 0xa8, 0x00, 0xff, 0x75, 0xa8, 0x00, 0xff,
  0x75, 0xa8, 0x00, 0xff, 0x75, 0xa8, 0x00, 0xff, 0x75, 0xa8, 0x00, 0xff, 0x75, 0xa8, 0x00, 0xff,
  0x75, 0xa8, 0x00, 0xff, 0x74, 0xa8, 0x00, 0xfd, 0x7a, 0xae, 0x00, 0xff, 0x74, 0xa8, 0x00, 0xc2,
  0x00, 0x00, 0x00, 0x00, 0x00, 0x00, 0x00, 0x00, 0x00, 0x00, 0x00, 0x00, 0x55, 0xaa, 0x00, 0x03,
  0x00, 0x00, 0x00, 0x00, 0x71, 0xa0, 0x00, 0x1b, 0x77, 0xaa, 0x00, 0xd6, 0x7b, 0xb1, 0x00, 0xff,
  0x74, 0xa7, 0x00, 0xfb, 0x75, 0xa8, 0x00, 0xff, 0x75, 0xa8, 0x00, 0xff, 0x75, 0xa8, 0x00, 0xff,
  0x75, 0xa8, 0x00, 0xff, 0x75, 0xa8, 0x00, 0xff, 0x75, 0xa8, 0x00, 0xff, 0x75, 0xa8, 0x00, 0xff,
  0x75, 0xa8, 0x00, 0xff, 0x75, 0xa8, 0x00, 0xff, 0x75, 0xa8, 0x00, 0xff, 0x75, 0xa8, 0x00, 0xff,
  0x75, 0xa8, 0x00, 0xff, 0x75, 0xa8, 0x00, 0xff, 0x75, 0xa8, 0x00, 0xff, 0x75, 0xa8, 0x00, 0xff,
  0x75, 0xa8, 0x00, 0xff, 0x75, 0xa8, 0x00, 0xff, 0x75, 0xa8, 0x00, 0xff, 0x75, 0xa8, 0x00, 0xff,
  0x75, 0xa8, 0x00, 0xff, 0x75, 0xa8, 0x00, 0xff, 0x75, 0xa8, 0x00, 0xff, 0x75, 0xa8, 0x00, 0xff,
  0x75, 0xa8, 0x00, 0xff, 0x75, 0xa8, 0x00, 0xff, 0x75, 0xa8, 0x00, 0xff, 0x75, 0xa8, 0x00, 0xff,
  0x75, 0xa8, 0x00, 0xff, 0x75, 0xa8, 0x00, 0xff, 0x75, 0xa8, 0x00, 0xff, 0x75, 0xa8, 0x00, 0xff,
  0x75, 0xa8, 0x00, 0xff, 0x75, 0xa8, 0x00, 0xff, 0x75, 0xa8, 0x00, 0xff, 0x75, 0xa8, 0x00, 0xff,
  0x75, 0xa8, 0x00, 0xff, 0x74, 0xa8, 0x00, 0xfd, 0x7a, 0xae, 0x00, 0xff, 0x74, 0xa8, 0x00, 0xc2,
  0x00, 0x00, 0x00, 0x00, 0x00, 0x00, 0x00, 0x00, 0x00, 0x00, 0x00, 0x00, 0x00, 0x00, 0x00, 0x00,
  0x55, 0xaa, 0x00, 0x03, 0x00, 0x00, 0x00, 0x00, 0x71, 0xa0, 0x00, 0x1b, 0x77, 0xab, 0x00, 0xd6,
  0x7b, 0xb1, 0x00, 0xff, 0x74, 0xa6, 0x00, 0xfc, 0x75, 0xa8, 0x00, 0xff, 0x75, 0xa8, 0x00, 0xff,
  0x75, 0xa8, 0x00, 0xff, 0x75, 0xa8, 0x00, 0xff, 0x75, 0xa8, 0x00, 0xff, 0x75, 0xa8, 0x00, 0xff,
  0x75, 0xa8, 0x00, 0xff, 0x75, 0xa8, 0x00, 0xff, 0x75, 0xa8, 0x00, 0xff, 0x75, 0xa8, 0x00, 0xff,
  0x75, 0xa8, 0x00, 0xff, 0x75, 0xa8, 0x00, 0xff, 0x75, 0xa8, 0x00, 0xff, 0x75, 0xa8, 0x00, 0xff,
  0x75, 0xa8, 0x00, 0xff, 0x75, 0xa8, 0x00, 0xff, 0x75, 0xa8, 0x00, 0xff, 0x75, 0xa8, 0x00, 0xff,
  0x75, 0xa8, 0x00, 0xff, 0x75, 0xa8, 0x00, 0xff, 0x75, 0xa8, 0x00, 0xff, 0x75, 0xa8, 0x00, 0xff,
  0x75, 0xa8, 0x00, 0xff, 0x75, 0xa8, 0x00, 0xff, 0x75, 0xa8, 0x00, 0xff, 0x75, 0xa8, 0x00, 0xff,
  0x75, 0xa8, 0x00, 0xff, 0x75, 0xa8, 0x00, 0xff, 0x75, 0xa8, 0x00, 0xff, 0x75, 0xa8, 0x00, 0xff,
  0x75, 0xa8, 0x00, 0xff, 0x75, 0xa8, 0x00, 0xff, 0x75, 0xa8, 0x00, 0xff, 0x75, 0xa8, 0x00, 0xff,
  0x75, 0xa8, 0x00, 0xff, 0x74, 0xa8, 0x00, 0xfd, 0x7a, 0xae, 0x00, 0xff, 0x74, 0xa8, 0x00, 0xc2,
  0x00, 0x00, 0x00, 0x00, 0x00, 0x00, 0x00, 0x00, 0x00, 0x00, 0x00, 0x00, 0x00, 0x00, 0x00, 0x00,
  0x00, 0x00, 0x00, 0x00, 0x55, 0xaa, 0x00, 0x03, 0x00, 0x00, 0x00, 0x00, 0x72, 0x9e, 0x00, 0x1d,
  0x77, 0xab, 0x00, 0xd7, 0x7b, 0xb1, 0x00, 0xff, 0x74, 0xa6, 0x00, 0xfc, 0x75, 0xa8, 0x00, 0xff,
  0x75, 0xa8, 0x00, 0xff, 0x75, 0xa8, 0x00, 0xff, 0x75, 0xa8, 0x00, 0xff, 0x75, 0xa8, 0x00, 0xff,
  0x75, 0xa8, 0x00, 0xff, 0x75, 0xa8, 0x00, 0xff, 0x75, 0xa8, 0x00, 0xff, 0x75, 0xa8, 0x00, 0xff,
  0x75, 0xa8, 0x00, 0xff, 0x75, 0xa8, 0x00, 0xff, 0x75, 0xa8, 0x00, 0xff, 0x75, 0xa8, 0x00, 0xff,
  0x75, 0xa8, 0x00, 0xff, 0x75, 0xa8, 0x00, 0xff, 0x75, 0xa8, 0x00, 0xff, 0x75, 0xa8, 0x00, 0xff,
  0x75, 0xa8, 0x00, 0xff, 0x75, 0xa8, 0x00, 0xff, 0x75, 0xa8, 0x00, 0xff, 0x75, 0xa8, 0x00, 0xff,
  0x75, 0xa8, 0x00, 0xff, 0x75, 0xa8, 0x00, 0xff, 0x75, 0xa8, 0x00, 0xff, 0x75, 0xa8, 0x00, 0xff,
  0x75, 0xa8, 0x00, 0xff, 0x75, 0xa8, 0x00, 0xff, 0x75, 0xa8, 0x00, 0xff, 0x75, 0xa8, 0x00, 0xff,
  0x75, 0xa8, 0x00, 0xff, 0x75, 0xa8, 0x00, 0xff, 0x75, 0xa8, 0x00, 0xff, 0x75, 0xa8, 0x00, 0xff,
  0x75, 0xa8, 0x00, 0xff, 0x74, 0xa8, 0x00, 0xfd, 0x7a, 0xae, 0x00, 0xff, 0x74, 0xa8, 0x00, 0xc2,
  0x00, 0x00, 0x00, 0x00, 0x00, 0x00, 0x00, 0x00, 0x00, 0x00, 0x00, 0x00, 0x00, 0x00, 0x00, 0x00,
  0x00, 0x00, 0x00, 0x00, 0x00, 0x00, 0x00, 0x00, 0x55, 0xaa, 0x00, 0x03, 0x00, 0x00, 0x00, 0x00,
  0x72, 0xa7, 0x00, 0x1d, 0x77, 0xab, 0x00, 0xd8, 0x7b, 0xb0, 0x00, 0xff, 0x74, 0xa7, 0x00, 0xfb,
  0x75, 0xa8, 0x00, 0xff, 0x75, 0xa8, 0x00, 0xff, 0x75, 0xa8, 0x00, 0xff, 0x75, 0xa8, 0x00, 0xff,
  0x75, 0xa8, 0x00, 0xff, 0x75, 0xa8, 0x00, 0xff, 0x75, 0xa8, 0x00, 0xff, 0x75, 0xa8, 0x00, 0xff,
  0x75, 0xa8, 0x00, 0xff, 0x75, 0xa8, 0x00, 0xff, 0x75, 0xa8, 0x00, 0xff, 0x75, 0xa8, 0x00, 0xff,
  0x75, 0xa8, 0x00, 0xff, 0x75, 0xa8, 0x00, 0xff, 0x75, 0xa8, 0x00, 0xff, 0x75, 0xa8, 0x00, 0xff,
  0x75, 0xa8, 0x00, 0xff, 0x75, 0xa8, 0x00, 0xff, 0x75, 0xa8, 0x00, 0xff, 0x75, 0xa8, 0x00, 0xff,
  0x75, 0xa8, 0x00, 0xff, 0x75, 0xa8, 0x00, 0xff, 0x75, 0xa8, 0x00, 0xff, 0x75, 0xa8, 0x00, 0xff,
  0x75, 0xa8, 0x00, 0xff, 0x75, 0xa8, 0x00, 0xff, 0x75, 0xa8, 0x00, 0xff, 0x75, 0xa8, 0x00, 0xff,
  0x75, 0xa8, 0x00, 0xff, 0x75, 0xa8, 0x00, 0xff, 0x75, 0xa8, 0x00, 0xff, 0x75, 0xa8, 0x00, 0xff,
  0x75, 0xa8, 0x00, 0xff, 0x74, 0xa8, 0x00, 0xfd, 0x7a, 0xae, 0x00, 0xff, 0x74, 0xa8, 0x00, 0xc2,
  0x00, 0x00, 0x00, 0x00, 0x00, 0x00, 0x00, 0x00, 0x00, 0x00, 0x00, 0x00, 0x00, 0x00, 0x00, 0x00,
  0x00, 0x00, 0x00, 0x00, 0x00, 0x00, 0x00, 0x00, 0x00, 0x00, 0x00, 0x00, 0xaa, 0xaa, 0x00, 0x03,
  0x00, 0x00, 0x00, 0x00, 0x6a, 0x9c, 0x00, 0x1f, 0x76, 0xab, 0x00, 0xdb, 0x7b, 0xb0, 0x00, 0xff,
  0x74, 0xa6, 0x00, 0xfc, 0x75, 0xa8, 0x00, 0xff, 0x75, 0xa8, 0x00, 0xff, 0x75, 0xa8, 0x00, 0xff,
  0x75, 0xa8, 0x00, 0xff, 0x75, 0xa8, 0x00, 0xff, 0x75, 0xa8, 0x00, 0xff, 0x75, 0xa8, 0x00, 0xff,
  0x75, 0xa8, 0x00, 0xff, 0x75, 0xa8, 0x00, 0xff, 0x75, 0xa8, 0x00, 0xff, 0x75, 0xa8, 0x00, 0xff,
  0x75, 0xa8, 0x00, 0xff, 0x75, 0xa8, 0x00, 0xff, 0x75, 0xa8, 0x00, 0xff, 0x75, 0xa8, 0x00, 0xff,
  0x75, 0xa8, 0x00, 0xff, 0x75, 0xa8, 0x00, 0xff, 0x75, 0xa8, 0x00, 0xff, 0x75, 0xa8, 0x00, 0xff,
  0x75, 0xa8, 0x00, 0xff, 0x75, 0xa8, 0x00, 0xff, 0x75, 0xa8, 0x00, 0xff, 0x75, 0xa8, 0x00, 0xff,
  0x75, 0xa8, 0x00, 0xff, 0x75, 0xa8, 0x00, 0xff, 0x75, 0xa8, 0x00, 0xff, 0x75, 0xa8, 0x00, 0xff,
  0x75, 0xa8, 0x00, 0xff, 0x75, 0xa8, 0x00, 0xff, 0x75, 0xa8, 0x00, 0xff, 0x75, 0xa8, 0x00, 0xff,
  0x75, 0xa8, 0x00, 0xff, 0x74, 0xa8, 0x00, 0xfd, 0x7a, 0xae, 0x00, 0xff, 0x74, 0xa8, 0x00, 0xc2,
  0x00, 0x00, 0x00, 0x00, 0x00, 0x00, 0x00, 0x00, 0x00, 0x00, 0x00, 0x00, 0x00, 0x00, 0x00, 0x00,
  0x00, 0x00, 0x00, 0x00, 0x00, 0x00, 0x00, 0x00, 0x00, 0x00, 0x00, 0x00, 0x00, 0x00, 0x00, 0x00,
  0x55, 0xaa, 0x00, 0x03, 0x00, 0x00, 0x00, 0x00, 0x73, 0xa4, 0x00, 0x1f, 0x76, 0xab, 0x00, 0xdb,
  0x7b, 0xb0, 0x00, 0xff, 0x74, 0xa6, 0x00, 0xfc, 0x75, 0xa8, 0x00, 0xff, 0x75, 0xa8, 0x00, 0xff,
  0x75, 0xa8, 0x00, 0xff, 0x75, 0xa8, 0x00, 0xff, 0x75, 0xa8, 0x00, 0xff, 0x75, 0xa8, 0x00, 0xff,
  0x75, 0xa8, 0x00, 0xff, 0x75, 0xa8, 0x00, 0xff, 0x75, 0xa8, 0x00, 0xff, 0x75, 0xa8, 0x00, 0xff,
  0x75, 0xa8, 0x00, 0xff, 0x75, 0xa8, 0x00, 0xff, 0x75, 0xa8, 0x00, 0xff, 0x75, 0xa8, 0x00, 0xff,
  0x75, 0xa8, 0x00, 0xff, 0x75, 0xa8, 0x00, 0xff, 0x75, 0xa8, 0x00, 0xff, 0x75, 0xa8, 0x00, 0xff,
  0x75, 0xa8, 0x00, 0xff, 0x75, 0xa8, 0x00, 0xff, 0x75, 0xa8, 0x00, 0xff, 0x75, 0xa8, 0x00, 0xff,
  0x75, 0xa8, 0x00, 0xff, 0x75, 0xa8, 0x00, 0xff, 0x75, 0xa8, 0x00, 0xff, 0x75, 0xa8, 0x00, 0xff,
  0x75, 0xa8, 0x00, 0xff, 0x75, 0xa8, 0x00, 0xff, 0x75, 0xa8, 0x00, 0xff, 0x75, 0xa8, 0x00, 0xff,
  0x75, 0xa8, 0x00, 0xff, 0x74, 0xa8, 0x00, 0xfd, 0x7a, 0xae, 0x00, 0xff, 0x74, 0xa8, 0x00, 0xc2,
  0x00, 0x00, 0x00, 0x00, 0x00, 0x00, 0x00, 0x00, 0x00, 0x00, 0x00, 0x00, 0x00, 0x00, 0x00, 0x00,
  0x00, 0x00, 0x00, 0x00, 0x00, 0x00, 0x00, 0x00, 0x00, 0x00, 0x00, 0x00, 0x00, 0x00, 0x00, 0x00,
  0x00, 0x00, 0x00, 0x00, 0x55, 0xaa, 0x00, 0x03, 0x00, 0x00, 0x00, 0x00, 0x6c, 0x9a, 0x00, 0x21,
  0x76, 0xaa, 0x00, 0xdd, 0x7b, 0xb0, 0x00, 0xff, 0x74, 0xa6, 0x00, 0xfc, 0x74, 0xa7, 0x00, 0xfe,
  0x74, 0xa7, 0x00, 0xfe, 0x74, 0xa7, 0x00, 0xfe, 0x74, 0xa7, 0x00, 0xfe, 0x74, 0xa7, 0x00, 0xfe,
  0x74, 0xa7, 0x00, 0xfe, 0x74, 0xa7, 0x00, 0xfe, 0x74, 0xa7, 0x00, 0xfe, 0x74, 0xa7, 0x00, 0xfe,
  0x74, 0xa7, 0x00, 0xfe, 0x74, 0xa7, 0x00, 0xfe, 0x74, 0xa7, 0x00, 0xfe, 0x74, 0xa7, 0x00, 0xfe,
  0x74, 0xa7, 0x00, 0xfe, 0x74, 0xa7, 0x00, 0xfe, 0x74, 0xa7, 0x00, 0xfe, 0x74, 0xa7, 0x00, 0xfe,
  0x74, 0xa7, 0x00, 0xfe, 0x74, 0xa7, 0x00, 0xfe, 0x74, 0xa7, 0x00, 0xfe, 0x75, 0xa8, 0x00, 0xff,
  0x75, 0xa8, 0x00, 0xff, 0x75, 0xa8, 0x00, 0xff, 0x75, 0xa8, 0x00, 0xff, 0x75, 0xa8, 0x00, 0xff,
  0x75, 0xa8, 0x00, 0xff, 0x75, 0xa8, 0x00, 0xff, 0x75, 0xa8, 0x00, 0xff, 0x75, 0xa8, 0x00, 0xff,
  0x75, 0xa8, 0x00, 0xff, 0x74, 0xa8, 0x00, 0xfd, 0x7a, 0xae, 0x00, 0xff, 0x74, 0xa8, 0x00, 0xc2,
  0x00, 0x00, 0x00, 0x00, 0x00, 0x00, 0x00, 0x00, 0x00, 0x00, 0x00, 0x00, 0x00, 0x00, 0x00, 0x00,
  0x00, 0x00, 0x00, 0x00, 0x00, 0x00, 0x00, 0x00, 0x00, 0x00, 0x00, 0x00, 0x00, 0x00, 0x00, 0x00,
  0x00, 0x00, 0x00, 0x00, 0x00, 0x00, 0x00, 0x00, 0x55, 0xaa, 0x00, 0x03, 0x00, 0x00, 0x00, 0x00,
  0x70, 0xa5, 0x00, 0x22, 0x77, 0xab, 0x00, 0xdb, 0x7b, 0xb1, 0x00, 0xff, 0x78, 0xac, 0x00, 0xff,
  0x78, 0xad, 0x00, 0xff, 0x78, 0xad, 0x00, 0xff, 0x78, 0xad, 0x00, 0xff, 0x78, 0xad, 0x00, 0xff,
  0x78, 0xad, 0x00, 0xff, 0x78, 0xad, 0x00, 0xff, 0x78, 0xad, 0x00, 0xff, 0x78, 0xad, 0x00, 0xff,
  0x78, 0xad, 0x00, 0xff, 0x78, 0xad, 0x00, 0xff, 0x78, 0xad, 0x00, 0xff, 0x78, 0xad, 0x00, 0xff,
  0x78, 0xad, 0x00, 0xff, 0x78, 0xad, 0x00, 0xff, 0x78, 0xad, 0x00, 0xff, 0x78, 0xad, 0x00, 0xff,
  0x78, 0xad, 0x00, 0xff, 0x78, 0xac, 0x00, 0xff, 0x78, 0xac, 0x00, 0xff, 0x75, 0xa8, 0x00, 0xff,
  0x75, 0xa8, 0x00, 0xff, 0x75, 0xa8, 0x00, 0xff, 0x75, 0xa8, 0x00, 0xff, 0x75, 0xa8, 0x00, 0xff,
  0x75, 0xa8, 0x00, 0xff, 0x75, 0xa8, 0x00, 0xff, 0x75, 0xa8, 0x00, 0xff, 0x75, 0xa8, 0x00, 0xff,
  0x75, 0xa8, 0x00, 0xff, 0x74, 0xa8, 0x00, 0xfd, 0x7a, 0xae, 0x00, 0xff, 0x74, 0xa8, 0x00, 0xc2,
  0x00, 0x00, 0x00, 0x00, 0x00, 0x00, 0x00, 0x00, 0x00, 0x00, 0x00, 0x00, 0x00, 0x00, 0x00, 0x00,
  0x00, 0x00, 0x00, 0x00, 0x00, 0x00, 0x00, 0x00, 0x00, 0x00, 0x00, 0x00, 0x00, 0x00, 0x00, 0x00,
  0x00, 0x00, 0x00, 0x00, 0x00, 0x00, 0x00, 0x00, 0x00, 0x00, 0x00, 0x00, 0x55, 0xaa, 0x00, 0x03,
  0x00, 0x00, 0x00, 0x00, 0x73, 0xa2, 0x00, 0x16, 0x7b, 0xac, 0x00, 0x3e, 0x76, 0xa7, 0x00, 0x3a,
  0x74, 0xa8, 0x00, 0x3b, 0x74, 0xa8, 0x00, 0x3b, 0x74, 0xa8, 0x00, 0x3b, 0x74, 0xa8, 0x00, 0x3b,
  0x74, 0xa8, 0x00, 0x3b, 0x74, 0xa8, 0x00, 0x3b, 0x74, 0xa8, 0x00, 0x3b, 0x74, 0xa8, 0x00, 0x3b,
  0x74, 0xa8, 0x00, 0x3b, 0x74, 0xa8, 0x00, 0x3b, 0x74, 0xa8, 0x00, 0x3b, 0x74, 0xa8, 0x00, 0x3b,
  0x74, 0xa8, 0x00, 0x3b, 0x74, 0xa8, 0x00, 0x3b, 0x74, 0xa8, 0x00, 0x3b, 0x74, 0xa8, 0x00, 0x3b,
  0x75, 0xa7, 0x00, 0x3d, 0x76, 0xa7, 0x00, 0x3a, 0x74, 0xa8, 0x00, 0x53, 0x75, 0xa8, 0x00, 0xf7,
  0x76, 0xa9, 0x00, 0xff, 0x75, 0xa7, 0x00, 0xfe, 0x75, 0xa8, 0x00, 0xff, 0x75, 0xa8, 0x00, 0xff,
  0x75, 0xa8, 0x00, 0xff, 0x75, 0xa8, 0x00, 0xff, 0x75, 0xa8, 0x00, 0xff, 0x75, 0xa8, 0x00, 0xff,
  0x75, 0xa8, 0x00, 0xff, 0x74, 0xa8, 0x00, 0xfd, 0x7a, 0xae, 0x00, 0xff, 0x74, 0xa8, 0x00, 0xc2,
  0x00, 0x00, 0x00, 0x00, 0x00, 0x00, 0x00, 0x00, 0x00, 0x00, 0x00, 0x00, 0x00, 0x00, 0x00, 0x00,
  0x00, 0x00, 0x00, 0x00, 0x00, 0x00, 0x00, 0x00, 0x00, 0x00, 0x00, 0x00, 0x00, 0x00, 0x00, 0x00,
  0x00, 0x00, 0x00, 0x00, 0x00, 0x00, 0x00, 0x00, 0x00, 0x00, 0x00, 0x00, 0x00, 0x00, 0x00, 0x00,
  0xaa, 0xaa, 0x00, 0x03, 0x00, 0x00, 0x00, 0x00, 0x00, 0x00, 0x00, 0x00, 0x00, 0x00, 0x00, 0x00,
  0x00, 0x00, 0x00, 0x00, 0x00, 0x00, 0x00, 0x00, 0x00, 0x00, 0x00, 0x00, 0x00, 0x00, 0x00, 0x00,
  0x00, 0x00, 0x00, 0x00, 0x00, 0x00, 0x00, 0x00, 0x00, 0x00, 0x00, 0x00, 0x00, 0x00, 0x00, 0x00,
  0x00, 0x00, 0x00, 0x00, 0x00, 0x00, 0x00, 0x00, 0x00, 0x00, 0x00, 0x00, 0x00, 0x00, 0x00, 0x00,
  0x00, 0x00, 0x00, 0x00, 0x00, 0x00, 0x00, 0x00, 0x00, 0x00, 0x00, 0x00, 0x00, 0x00, 0x00, 0x00,
  0x00, 0x00, 0x00, 0x00, 0x00, 0x00, 0x00, 0x00, 0x72, 0xa5, 0x00, 0x14, 0x75, 0xa8, 0x00, 0xf5,
  0x76, 0xaa, 0x00, 0xff, 0x75, 0xa7, 0x00, 0xfe, 0x75, 0xa8, 0x00, 0xff, 0x75, 0xa8, 0x00, 0xff,
  0x75, 0xa8, 0x00, 0xff, 0x75, 0xa8, 0x00, 0xff, 0x75, 0xa8, 0x00, 0xff, 0x75, 0xa8, 0x00, 0xff,
  0x75, 0xa8, 0x00, 0xff, 0x74, 0xa8, 0x00, 0xfd, 0x7a, 0xae, 0x00, 0xff, 0x74, 0xa8, 0x00, 0xc2,
  0x00, 0x00, 0x00, 0x00, 0x00, 0x00, 0x00, 0x00, 0x00, 0x00, 0x00, 0x00, 0x00, 0x00, 0x00, 0x00,
  0x00, 0x00, 0x00, 0x00, 0x00, 0x00, 0x00, 0x00, 0x00, 0x00, 0x00, 0x00, 0x00, 0x00, 0x00, 0x00,
  0x00, 0x00, 0x00, 0x00, 0x00, 0x00, 0x00, 0x00, 0x00, 0x00, 0x00, 0x00, 0x7f, 0x7f, 0x00, 0x02,
  0x00, 0x00, 0x00, 0x00, 0x55, 0x7f, 0x00, 0x06, 0x7f, 0xbf, 0x00, 0x04, 0x55, 0xaa, 0x00, 0x03,
  0x55, 0xaa, 0x00, 0x03, 0x55, 0xaa, 0x00, 0x03, 0x55, 0xaa, 0x00, 0x03, 0x55, 0xaa, 0x00, 0x03,
  0x55, 0xaa, 0x00, 0x03, 0x55, 0xaa, 0x00, 0x03, 0x55, 0xaa, 0x00, 0x03, 0x55, 0xaa, 0x00, 0x03,
  0x55, 0xaa, 0x00, 0x03, 0x55, 0xaa, 0x00, 0x03, 0x55, 0xaa, 0x00, 0x03, 0x55, 0xaa, 0x00, 0x03,
  0x55, 0xaa, 0x00, 0x03, 0x55, 0xaa, 0x00, 0x03, 0x55, 0xaa, 0x00, 0x03, 0x55, 0xaa, 0x00, 0x03,
  0x66, 0x99, 0x00, 0x05, 0x55, 0xaa, 0x00, 0x03, 0x73, 0xaa, 0x00, 0x21, 0x75, 0xa8, 0x00, 0xf5,
  0x76, 0xaa, 0x00, 0xff, 0x75, 0xa7, 0x00, 0xfe, 0x75, 0xa8, 0x00, 0xff, 0x75, 0xa8, 0x00, 0xff,
  0x75, 0xa8, 0x00, 0xff, 0x75, 0xa8, 0x00, 0xff, 0x75, 0xa8, 0x00, 0xff, 0x75, 0xa8, 0x00, 0xff,
  0x75, 0xa8, 0x00, 0xff, 0x74, 0xa8, 0x00, 0xfd, 0x7a, 0xae, 0x00, 0xff, 0x74, 0xa8, 0x00, 0xc2,
  0x00, 0x00, 0x00, 0x00, 0x00, 0x00, 0x00, 0x00, 0x00, 0x00, 0x00, 0x00, 0x00, 0x00, 0x00, 0x00,
  0x00, 0x00, 0x00, 0x00, 0x00, 0x00, 0x00, 0x00, 0x00, 0x00, 0x00, 0x00, 0x00, 0x00, 0x00, 0x00,
  0x00, 0x00, 0x00, 0x00, 0x00, 0x00, 0x00, 0x00, 0x55, 0xaa, 0x00, 0x03, 0x00, 0x00, 0x00, 0x00,
  0x6c, 0xa2, 0x00, 0x2f, 0x75, 0xa7, 0x00, 0x92, 0x00, 0xff, 0x00, 0x01, 0x00, 0xff, 0x00, 0x01,
  0x00, 0x00, 0x00, 0x00, 0x00, 0x00, 0x00, 0x00, 0x00, 0x00, 0x00, 0x00, 0x00, 0x00, 0x00, 0x00,
  0x00, 0x00, 0x00, 0x00, 0x00, 0x00, 0x00, 0x00, 0x00, 0x00, 0x00, 0x00, 0x00, 0x00, 0x00, 0x00,
  0x00, 0x00, 0x00, 0x00, 0x00, 0x00, 0x00, 0x00, 0x00, 0x00, 0x00, 0x00, 0x00, 0x00, 0x00, 0x00,
  0x00, 0x00, 0x00, 0x00, 0x00, 0x00, 0x00, 0x00, 0x00, 0x00, 0x00, 0x00, 0x00, 0x00, 0x00, 0x00,
  0x7f, 0x7f, 0x00, 0x02, 0x00, 0x00, 0x00, 0x00, 0x73, 0xa4, 0x00, 0x1f, 0x75, 0xa8, 0x00, 0xf5,
  0x76, 0xaa, 0x00, 0xff, 0x75, 0xa7, 0x00, 0xfe, 0x75, 0xa8, 0x00, 0xff, 0x75, 0xa8, 0x00, 0xff,
  0x75, 0xa8, 0x00, 0xff, 0x75, 0xa8, 0x00, 0xff, 0x75, 0xa8, 0x00, 0xff, 0x75, 0xa8, 0x00, 0xff,
  0x75, 0xa8, 0x00, 0xff, 0x74, 0xa8, 0x00, 0xfd, 0x7a, 0xae, 0x00, 0xff, 0x74, 0xa8, 0x00, 0xc2,
  0x00, 0x00, 0x00, 0x00, 0x00, 0x00, 0x00, 0x00, 0x00, 0x00, 0x00, 0x00, 0x00, 0x00, 0x00, 0x00,
  0x00, 0x00, 0x00, 0x00, 0x00, 0x00, 0x00, 0x00, 0x00, 0x00, 0x00, 0x00, 0x00, 0x00, 0x00, 0x00,
  0x00, 0x00, 0x00, 0x00, 0x55, 0xaa, 0x00, 0x03, 0x00, 0x00, 0x00, 0x00, 0x73, 0xa4, 0x00, 0x1f,
  0x7a, 0xaf, 0x00, 0xe7, 0x74, 0xa7, 0x00, 0xbe, 0x00, 0x00, 0x00, 0x00, 0x55, 0xaa, 0x00, 0x03,
  0x00, 0x00, 0x00, 0x00, 0x00, 0x00, 0x00, 0x00, 0x00, 0x00, 0x00, 0x00, 0x00, 0x00, 0x00, 0x00,
  0x00, 0x00, 0x00, 0x00, 0x00, 0x00, 0x00, 0x00, 0x00, 0x00, 0x00, 0x00, 0x00, 0x00, 0x00, 0x00,
  0x00, 0x00, 0x00, 0x00, 0x00, 0x00, 0x00, 0x00, 0x00, 0x00, 0x00, 0x00, 0x00, 0x00, 0x00, 0x00,
  0x00, 0x00, 0x00, 0x00, 0x00, 0x00, 0x00, 0x00, 0x00, 0x00, 0x00, 0x00, 0x00, 0x00, 0x00, 0x00,
  0x7f, 0x7f, 0x00, 0x02, 0x00, 0x00, 0x00, 0x00, 0x73, 0xa4, 0x00, 0x1f, 0x75, 0xa8, 0x00, 0xf5,
  0x76, 0xaa, 0x00, 0xff, 0x75, 0xa7, 0x00, 0xfe, 0x75, 0xa8, 0x00, 0xff, 0x75, 0xa8, 0x00, 0xff,
  0x75, 0xa8, 0x00, 0xff, 0x75, 0xa8, 0x00, 0xff, 0x75, 0xa8, 0x00, 0xff, 0x75, 0xa8, 0x00, 0xff,
  0x75, 0xa8, 0x00, 0xff, 0x74, 0xa8, 0x00, 0xfd, 0x7a, 0xae, 0x00, 0xff, 0x74, 0xa8, 0x00, 0xc2,
  0x00, 0x00, 0x00, 0x00, 0x00, 0x00, 0x00, 0x00, 0x00, 0x00, 0x00, 0x00, 0x00, 0x00, 0x00, 0x00,
  0x00, 0x00, 0x00, 0x00, 0x00, 0x00, 0x00, 0x00, 0x00, 0x00, 0x00, 0x00, 0x00, 0x00, 0x00, 0x00,
  0xaa, 0xaa, 0x00, 0x03, 0x00, 0x00, 0x00, 0x00, 0x6c, 0xa2, 0x00, 0x21, 0x77, 0xaa, 0x00, 0xda,
  0x81, 0xb9, 0x00, 0xff, 0x74, 0xa8, 0x00, 0xad, 0x00, 0x00, 0x00, 0x00, 0x55, 0xaa, 0x00, 0x03,
  0x00, 0x00, 0x00, 0x00, 0x00, 0x00, 0x00, 0x00, 0x00, 0x00, 0x00, 0x00, 0x00, 0x00, 0x00, 0x00,
  0x00, 0x00, 0x00, 0x00, 0x00, 0x00, 0x00, 0x00, 0x00, 0x00, 0x00, 0x00, 0x00, 0x00, 0x00, 0x00,
  0x00, 0x00, 0x00, 0x00, 0x00, 0x00, 0x00, 0x00, 0x00, 0x00, 0x00, 0x00, 0x00, 0x00, 0x00, 0x00,
  0x00, 0x00, 0x00, 0x00, 0x00, 0x00, 0x00, 0x00, 0x00, 0x00, 0x00, 0x00, 0x00, 0x00, 0x00, 0x00,
  0x7f, 0x7f, 0x00, 0x02, 0x00, 0x00, 0x00, 0x00, 0x73, 0xa4, 0x00, 0x1f, 0x75, 0xa8, 0x00, 0xf5,
  0x76, 0xaa, 0x00, 0xff, 0x75, 0xa7, 0x00, 0xfe, 0x75, 0xa8, 0x00, 0xff, 0x75, 0xa8, 0x00, 0xff,
  0x75, 0xa8, 0x00, 0xff, 0x75, 0xa8, 0x00, 0xff, 0x75, 0xa8, 0x00, 0xff, 0x75, 0xa8, 0x00, 0xff,
  0x75, 0xa8, 0x00, 0xff, 0x74, 0xa8, 0x00, 0xfd, 0x7a, 0xae, 0x00, 0xff, 0x74, 0xa8, 0x00, 0xc2,
  0x00, 0x00, 0x00, 0x00, 0x00, 0x00, 0x00, 0x00, 0x00, 0x00, 0x00, 0x00, 0x00, 0x00, 0x00, 0x00,
  0x00, 0x00, 0x00, 0x00, 0x00, 0x00, 0x00, 0x00, 0x00, 0x00, 0x00, 0x00, 0xaa, 0xaa, 0x00, 0x03,
  0x00, 0x00, 0x00, 0x00, 0x6f, 0x9f, 0x00, 0x20, 0x76, 0xab, 0x00, 0xdb, 0x79, 0xae, 0x00, 0xff,
  0x7a, 0xaf, 0x00, 0xfe, 0x74, 0xa7, 0x00, 0xb2, 0x00, 0x00, 0x00, 0x00, 0x55, 0xaa, 0x00, 0x03,
  0x00, 0x00, 0x00, 0x00, 0x00, 0x00, 0x00, 0x00, 0x00, 0x00, 0x00, 0x00, 0x00, 0x00, 0x00, 0x00,
  0x00, 0x00, 0x00, 0x00, 0x00, 0x00, 0x00, 0x00, 0x00, 0x00, 0x00, 0x00, 0x00, 0x00, 0x00, 0x00,
  0x00, 0x00, 0x00, 0x00, 0x00, 0x00, 0x00, 0x00, 0x00, 0x00, 0x00, 0x00, 0x00, 0x00, 0x00, 0x00,
  0x00, 0x00, 0x00, 0x00, 0x00, 0x00, 0x00, 0x00, 0x00, 0x00, 0x00, 0x00, 0x00, 0x00, 0x00, 0x00,
  0x7f, 0x7f, 0x00, 0x02, 0x00, 0x00, 0x00, 0x00, 0x73, 0xa4, 0x00, 0x1f, 0x75, 0xa8, 0x00, 0xf5,
  0x76, 0xaa, 0x00, 0xff, 0x75, 0xa7, 0x00, 0xfe, 0x75, 0xa8, 0x00, 0xff, 0x75, 0xa8, 0x00, 0xff,
  0x75, 0xa8, 0x00, 0xff, 0x75, 0xa8, 0x00, 0xff, 0x75, 0xa8, 0x00, 0xff, 0x75, 0xa8, 0x00, 0xff,
  0x75, 0xa8, 0x00, 0xff, 0x74, 0xa8, 0x00, 0xfd, 0x7a, 0xae, 0x00, 0xff, 0x74, 0xa8, 0x00, 0xc2,
  0x00, 0x00, 0x00, 0x00, 0x00, 0x00, 0x00, 0x00, 0x00, 0x00, 0x00, 0x00, 0x00, 0x00, 0x00, 0x00,
  0x00, 0x00, 0x00, 0x00, 0x00, 0x00, 0x00, 0x00, 0x55, 0xaa, 0x00, 0x03, 0x00, 0x00, 0x00, 0x00,
  0x6e, 0xa1, 0x00, 0x1e, 0x77, 0xaa, 0x00, 0xda, 0x7b, 0xb0, 0x00, 0xff, 0x74, 0xa7, 0x00, 0xf8,
  0x7c, 0xb2, 0x00, 0xff, 0x74, 0xa7, 0x00, 0xb2, 0x00, 0x00, 0x00, 0x00, 0x55, 0xaa, 0x00, 0x03,
  0x00, 0x00, 0x00, 0x00, 0x00, 0x00, 0x00, 0x00, 0x00, 0x00, 0x00, 0x00, 0x00, 0x00, 0x00, 0x00,
  0x00, 0x00, 0x00, 0x00, 0x00, 0x00, 0x00, 0x00, 0x00, 0x00, 0x00, 0x00, 0x00, 0x00, 0x00, 0x00,
  0x00, 0x00, 0x00, 0x00, 0x00, 0x00, 0x00, 0x00, 0x00, 0x00, 0x00, 0x00, 0x00, 0x00, 0x00, 0x00,
  0x00, 0x00, 0x00, 0x00, 0x00, 0x00, 0x00, 0x00, 0x00, 0x00, 0x00, 0x00, 0x00, 0x00, 0x00, 0x00,
  0x7f, 0x7f, 0x00, 0x02, 0x00, 0x00, 0x00, 0x00, 0x73, 0xa4, 0x00, 0x1f, 0x75, 0xa8, 0x00, 0xf5,
  0x76, 0xaa, 0x00, 0xff, 0x75, 0xa7, 0x00, 0xfe, 0x75, 0xa8, 0x00, 0xff, 0x75, 0xa8, 0x00, 0xff,
  0x75, 0xa8, 0x00, 0xff, 0x75, 0xa8, 0x00, 0xff, 0x75, 0xa8, 0x00, 0xff, 0x75, 0xa8, 0x00, 0xff,
  0x75, 0xa8, 0x00, 0xff, 0x74, 0xa8, 0x00, 0xfd, 0x7a, 0xae, 0x00, 0xff, 0x74, 0xa8, 0x00, 0xc2,
  0x00, 0x00, 0x00, 0x00, 0x00, 0x00, 0x00, 0x00, 0x00, 0x00, 0x00, 0x00, 0x00, 0x00, 0x00, 0x00,
  0x00, 0x00, 0x00, 0x00, 0x55, 0xaa, 0x00, 0x03, 0x00, 0x00, 0x00, 0x00, 0x76, 0xa3, 0x00, 0x1c,
  0x77, 0xab, 0x00, 0xd8, 0x7b, 0xb0, 0x00, 0xff, 0x74, 0xa6, 0x00, 0xfc, 0x74, 0xa7, 0x00, 0xfc,
  0x7c, 0xb2, 0x00, 0xff, 0x74, 0xa7, 0x00, 0xb2, 0x00, 0x00, 0x00, 0x00, 0x55, 0xaa, 0x00, 0x03,
  0x00, 0x00, 0x00, 0x00, 0x00, 0x00, 0x00, 0x00, 0x00, 0x00, 0x00, 0x00, 0x00, 0x00, 0x00, 0x00,
  0x00, 0x00, 0x00, 0x00, 0x00, 0x00, 0x00, 0x00, 0x00, 0x00, 0x00, 0x00, 0x00, 0x00, 0x00, 0x00,
  0x00, 0x00, 0x00, 0x00, 0x00, 0x00, 0x00, 0x00, 0x00, 0x00, 0x00, 0x00, 0x00, 0x00, 0x00, 0x00,
  0x00, 0x00, 0x00, 0x00, 0x00, 0x00, 0x00, 0x00, 0x00, 0x00, 0x00, 0x00, 0x00, 0x00, 0x00, 0x00,
  0x7f, 0x7f, 0x00, 0x02, 0x00, 0x00, 0x00, 0x00, 0x73, 0xa4, 0x00, 0x1f, 0x75, 0xa8, 0x00, 0xf5,
  0x76, 0xaa, 0x00, 0xff, 0x75, 0xa7, 0x00, 0xfe, 0x75, 0xa8, 0x00, 0xff, 0x75, 0xa8, 0x00, 0xff,
  0x75, 0xa8, 0x00, 0xff, 0x75, 0xa8, 0x00, 0xff, 0x75, 0xa8, 0x00, 0xff, 0x75, 0xa8, 0x00, 0xff,
  0x75, 0xa8, 0x00, 0xff, 0x74, 0xa8, 0x00, 0xfd, 0x7a, 0xae, 0x00, 0xff, 0x74, 0xa8, 0x00, 0xc2,
  0x00, 0x00, 0x00, 0x00, 0x00, 0x00, 0x00, 0x00, 0x00, 0x00, 0x00, 0x00, 0x00, 0x00, 0x00, 0x00,
  0x55, 0xaa, 0x00, 0x03, 0x00, 0x00, 0x00, 0x00, 0x6d, 0xa3, 0x00, 0x1c, 0x77, 0xab, 0x00, 0xd6,
  0x7b, 0xb1, 0x00, 0xff, 0x74, 0xa6, 0x00, 0xfc, 0x75, 0xa8, 0x00, 0xff, 0x74, 0xa7, 0x00, 0xfc,
  0x7c, 0xb2, 0x00, 0xff, 0x74, 0xa7, 0x00, 0xb2, 0x00, 0x00, 0x00, 0x00, 0x55, 0xaa, 0x00, 0x03,
  0x00, 0x00, 0x00, 0x00, 0x00, 0x00, 0x00, 0x00, 0x00, 0x00, 0x00, 0x00, 0x00, 0x00, 0x00, 0x00,
  0x00, 0x00, 0x00, 0x00, 0x00, 0x00, 0x00, 0x00, 0x00, 0x00, 0x00, 0x00, 0x00, 0x00, 0x00, 0x00,
  0x00, 0x00, 0x00, 0x00, 0x00, 0x00, 0x00, 0x00, 0x00, 0x00, 0x00, 0x00, 0x00, 0x00, 0x00, 0x00,
  0x00, 0x00, 0x00, 0x00, 0x00, 0x00, 0x00, 0x00, 0x00, 0x00, 0x00, 0x00, 0x00, 0x00, 0x00, 0x00,
  0x7f, 0x7f, 0x00, 0x02, 0x00, 0x00, 0x00, 0x00, 0x73, 0xa4, 0x00, 0x1f, 0x75, 0xa8, 0x00, 0xf5,
  0x76, 0xaa, 0x00, 0xff, 0x75, 0xa7, 0x00, 0xfe, 0x75, 0xa8, 0x00, 0xff, 0x75, 0xa8, 0x00, 0xff,
  0x75, 0xa8, 0x00, 0xff, 0x75, 0xa8, 0x00, 0xff, 0x75, 0xa8, 0x00, 0xff, 0x75, 0xa8, 0x00, 0xff,
  0x75, 0xa8, 0x00, 0xff, 0x74, 0xa8, 0x00, 0xfd, 0x7a, 0xae, 0x00, 0xff, 0x74, 0xa8, 0x00, 0xc2,
  0x00, 0x00, 0x00, 0x00, 0x00, 0x00, 0x00, 0x00, 0x00, 0x00, 0x00, 0x00, 0x55, 0xaa, 0x00, 0x03,
  0x00, 0x00, 0x00, 0x00, 0x71, 0xa0, 0x00, 0x1b, 0x77, 0xaa, 0x00, 0xd6, 0x7b, 0xb1, 0x00, 0xff,
  0x74, 0xa7, 0x00, 0xfb, 0x75, 0xa8, 0x00, 0xff, 0x75, 0xa8, 0x00, 0xff, 0x74, 0xa7, 0x00, 0xfc,
  0x7c, 0xb2, 0x00, 0xff, 0x74, 0xa7, 0x00, 0xb2, 0x00, 0x00, 0x00, 0x00, 0x55, 0xaa, 0x00, 0x03,
  0x00, 0x00, 0x00, 0x00, 0x00, 0x00, 0x00, 0x00, 0x00, 0x00, 0x00, 0x00, 0x00, 0x00, 0x00, 0x00,
  0x00, 0x00, 0x00, 0x00, 0x00, 0x00, 0x00, 0x00, 0x00, 0x00, 0x00, 0x00, 0x00, 0x00, 0x00, 0x00,
  0x00, 0x00, 0x00, 0x00, 0x00, 0x00, 0x00, 0x00, 0x00, 0x00, 0x00, 0x00, 0x00, 0x00, 0x00, 0x00,
  0x00, 0x00, 0x00, 0x00, 0x00, 0x00, 0x00, 0x00, 0x00, 0x00, 0x00, 0x00, 0x00, 0x00, 0x00, 0x00,
  0x7f, 0x7f, 0x00, 0x02, 0x00, 0x00, 0x00, 0x00, 0x73, 0xa4, 0x00, 0x1f, 0x75, 0xa8, 0x00, 0xf5,
  0x76, 0xaa, 0x00, 0xff, 0x75, 0xa7, 0x00, 0xfe, 0x75, 0xa8, 0x00, 0xff, 0x75, 0xa8, 0x00, 0xff,
  0x75, 0xa8, 0x00, 0xff, 0x75, 0xa8, 0x00, 0xff, 0x75, 0xa8, 0x00, 0xff, 0x75, 0xa8, 0x00, 0xff,
  0x75, 0xa8, 0x00, 0xff, 0x74, 0xa8, 0x00, 0xfd, 0x7a, 0xae, 0x00, 0xff, 0x74, 0xa8, 0x00, 0xc2,
  0x00, 0x00, 0x00, 0x00, 0x00, 0x00, 0x00, 0x00, 0x55, 0xaa, 0x00, 0x03, 0x00, 0x00, 0x00, 0x00,
  0x6b, 0x9c, 0x00, 0x1a, 0x77, 0xaa, 0x00, 0xd4, 0x7b, 0xb1, 0x00, 0xff, 0x74, 0xa7, 0x00, 0xfb,
  0x75, 0xa8, 0x00, 0xff, 0x75, 0xa8, 0x00, 0xff, 0x75, 0xa8, 0x00, 0xff, 0x74, 0xa7, 0x00, 0xfc,
  0x7c, 0xb2, 0x00, 0xff, 0x74, 0xa7, 0x00, 0xb2, 0x00, 0x00, 0x00, 0x00, 0x55, 0xaa, 0x00, 0x03,
  0x00, 0x00, 0x00, 0x00, 0x00, 0x00, 0x00, 0x00, 0x00, 0x00, 0x00, 0x00, 0x00, 0x00, 0x00, 0x00,
  0x00, 0x00, 0x00, 0x00, 0x00, 0x00, 0x00, 0x00, 0x00, 0x00, 0x00, 0x00, 0x00, 0x00, 0x00, 0x00,
  0x00, 0x00, 0x00, 0x00, 0x00, 0x00, 0x00, 0x00, 0x00, 0x00, 0x00, 0x00, 0x00, 0x00, 0x00, 0x00,
  0x00, 0x00, 0x00, 0x00, 0x00, 0x00, 0x00, 0x00, 0x00, 0x00, 0x00, 0x00, 0x00, 0x00, 0x00, 0x00,
  0x7f, 0x7f, 0x00, 0x02, 0x00, 0x00, 0x00, 0x00, 0x73, 0xa4, 0x00, 0x1f, 0x75, 0xa8, 0x00, 0xf5,
  0x76, 0xaa, 0x00, 0xff, 0x75, 0xa7, 0x00, 0xfe, 0x75, 0xa8, 0x00, 0xff, 0x75, 0xa8, 0x00, 0xff,
  0x75, 0xa8, 0x00, 0xff, 0x75, 0xa8, 0x00, 0xff, 0x75, 0xa8, 0x00, 0xff, 0x75, 0xa8, 0x00, 0xff,
  0x75, 0xa8, 0x00, 0xff, 0x74, 0xa8, 0x00, 0xfd, 0x7a, 0xae, 0x00, 0xff, 0x74, 0xa8, 0x00, 0xc2,
  0x00, 0x00, 0x00, 0x00, 0x55, 0xaa, 0x00, 0x03, 0x00, 0x00, 0x00, 0x00, 0x6a, 0x9f, 0x00, 0x18,
  0x77, 0xab, 0x00, 0xd2, 0x7b, 0xb1, 0x00, 0xff, 0x74, 0xa7, 0x00, 0xfb, 0x75, 0xa8, 0x00, 0xff,
  0x75, 0xa8, 0x00, 0xff, 0x75, 0xa8, 0x00, 0xff, 0x75, 0xa8, 0x00, 0xff, 0x74, 0xa7, 0x00, 0xfc,
  0x7c, 0xb2, 0x00, 0xff, 0x74, 0xa7, 0x00, 0xb2, 0x00, 0x00, 0x00, 0x00, 0x55, 0xaa, 0x00, 0x03,
  0x00, 0x00, 0x00, 0x00, 0x00, 0x00, 0x00, 0x00, 0x00, 0x00, 0x00, 0x00, 0x00, 0x00, 0x00, 0x00,
  0x00, 0x00, 0x00, 0x00, 0x00, 0x00, 0x00, 0x00, 0x00, 0x00, 0x00, 0x00, 0x00, 0x00, 0x00, 0x00,
  0x00, 0x00, 0x00, 0x00, 0x00, 0x00, 0x00, 0x00, 0x00, 0x00, 0x00, 0x00, 0x00, 0x00, 0x00, 0x00,
  0x00, 0x00, 0x00, 0x00, 0x00, 0x00, 0x00, 0x00, 0x00, 0x00, 0x00, 0x00, 0x00, 0x00, 0x00, 0x00,
  0x7f, 0x7f, 0x00, 0x02, 0x00, 0x00, 0x00, 0x00, 0x73, 0xa4, 0x00, 0x1f, 0x75, 0xa8, 0x00, 0xf5,
  0x76, 0xaa, 0x00, 0xff, 0x75, 0xa7, 0x00, 0xfe, 0x75, 0xa8, 0x00, 0xff, 0x75, 0xa8, 0x00, 0xff,
  0x75, 0xa8, 0x00, 0xff, 0x75, 0xa8, 0x00, 0xff, 0x75, 0xa8, 0x00, 0xff, 0x75, 0xa8, 0x00, 0xff,
  0x75, 0xa8, 0x00, 0xff, 0x74, 0xa8, 0x00, 0xfd, 0x7a, 0xae, 0x00, 0xff, 0x74, 0xa8, 0x00, 0xc2,
  0x55, 0xaa, 0x00, 0x03, 0x00, 0x00, 0x00, 0x00, 0x6a, 0x9f, 0x00, 0x18, 0x76, 0xaa, 0x00, 0xd1,
  0x7c, 0xb1, 0x00, 0xff, 0x74, 0xa7, 0x00, 0xfb, 0x75, 0xa8, 0x00, 0xff, 0x75, 0xa8, 0x00, 0xff,
  0x75, 0xa8, 0x00, 0xff, 0x75, 0xa8, 0x00, 0xff, 0x75, 0xa8, 0x00, 0xff, 0x74, 0xa7, 0x00, 0xfc,
  0x7c, 0xb2, 0x00, 0xff, 0x74, 0xa7, 0x00, 0xb2, 0x00, 0x00, 0x00, 0x00, 0x55, 0xaa, 0x00, 0x03,
  0x00, 0x00, 0x00, 0x00, 0x00, 0x00, 0x00, 0x00, 0x00, 0x00, 0x00, 0x00, 0x00, 0x00, 0x00, 0x00,
  0x00, 0x00, 0x00, 0x00, 0x00, 0x00, 0x00, 0x00, 0x00, 0x00, 0x00, 0x00, 0x00, 0x00, 0x00, 0x00,
  0x00, 0x00, 0x00, 0x00, 0x00, 0x00, 0x00, 0x00, 0x00, 0x00, 0x00, 0x00, 0x00, 0x00, 0x00, 0x00,
  0x00, 0x00, 0x00, 0x00, 0x00, 0x00, 0x00, 0x00, 0x00, 0x00, 0x00, 0x00, 0x00, 0x00, 0x00, 0x00,
  0x7f, 0x7f, 0x00, 0x02, 0x00, 0x00, 0x00, 0x00, 0x73, 0xa4, 0x00, 0x1f, 0x75, 0xa8, 0x00, 0xf5,
  0x76, 0xaa, 0x00, 0xff, 0x75, 0xa7, 0x00, 0xfe, 0x75, 0xa8, 0x00, 0xff, 0x75, 0xa8, 0x00, 0xff,
  0x75, 0xa8, 0x00, 0xff, 0x75, 0xa8, 0x00, 0xff, 0x75, 0xa8, 0x00, 0xff, 0x75, 0xa8, 0x00, 0xff,
  0x75, 0xa8, 0x00, 0xff, 0x74, 0xa8, 0x00, 0xfd, 0x7a, 0xae, 0x00, 0xff, 0x74, 0xa8, 0x00, 0xc2,
  0x00, 0x00, 0x00, 0x00, 0x73, 0xa2, 0x00, 0x16, 0x76, 0xab, 0x00, 0xd0, 0x7c, 0xb2, 0x00, 0xff,
  0x74, 0xa7, 0x00, 0xfb, 0x75, 0xa8, 0x00, 0xff, 0x75, 0xa8, 0x00, 0xff, 0x75, 0xa8, 0x00, 0xff,
  0x75, 0xa8, 0x00, 0xff, 0x75, 0xa8, 0x00, 0xff, 0x75, 0xa8, 0x00, 0xff, 0x74, 0xa7, 0x00, 0xfc,
  0x7c, 0xb2, 0x00, 0xff, 0x74, 0xa7, 0x00, 0xb2, 0x00, 0x00, 0x00, 0x00, 0x55, 0xaa, 0x00, 0x03,
  0x00, 0x00, 0x00, 0x00, 0x00, 0x00, 0x00, 0x00, 0x00, 0x00, 0x00, 0x00, 0x00, 0x00, 0x00, 0x00,
  0x00, 0x00, 0x00, 0x00, 0x00, 0x00, 0x00, 0x00, 0x00, 0x00, 0x00, 0x00, 0x00, 0x00, 0x00, 0x00,
  0x00, 0x00, 0x00, 0x00, 0x00, 0x00, 0x00, 0x00, 0x00, 0x00, 0x00, 0x00, 0x00, 0x00, 0x00, 0x00,
  0x00, 0x00, 0x00, 0x00, 0x00, 0x00, 0x00, 0x00, 0x00, 0x00, 0x00, 0x00, 0x00, 0x00, 0x00, 0x00,
  0x7f, 0x7f, 0x00, 0x02, 0x00, 0x00, 0x00, 0x00, 0x73, 0xa4, 0x00, 0x1f, 0x75, 0xa8, 0x00, 0xf5,
  0x76, 0xaa, 0x00, 0xff, 0x75, 0xa7, 0x00, 0xfe, 0x75, 0xa8, 0x00, 0xff, 0x75, 0xa8, 0x00, 0xff,
  0x75, 0xa8, 0x00, 0xff, 0x75, 0xa8, 0x00, 0xff, 0x75, 0xa8, 0x00, 0xff, 0x75, 0xa8, 0x00, 0xff,
  0x75, 0xa8, 0x00, 0xff, 0x74, 0xa8, 0x00, 0xfd, 0x7a, 0xae, 0x00, 0xff, 0x74, 0xa8, 0x00, 0xc2,
  0x6e, 0xa1, 0x00, 0x1e, 0x75, 0xa8, 0x00, 0xcc, 0x7c, 0xb3, 0x00, 0xff, 0x74, 0xa7, 0x00, 0xfb,
  0x75, 0xa8, 0x00, 0xff, 0x75, 0xa8, 0x00, 0xff, 0x75, 0xa8, 0x00, 0xff, 0x75, 0xa8, 0x00, 0xff,
  0x75, 0xa8, 0x00, 0xff, 0x75, 0xa8, 0x00, 0xff, 0x75, 0xa8, 0x00, 0xff, 0x74, 0xa7, 0x00, 0xfc,
  0x7c, 0xb2, 0x00, 0xff, 0x74, 0xa7, 0x00, 0xb2, 0x00, 0x00, 0x00, 0x00, 0x55, 0xaa, 0x00, 0x03,
  0x00, 0x00, 0x00, 0x00, 0x00, 0x00, 0x00, 0x00, 0x00, 0x00, 0x00, 0x00, 0x00, 0x00, 0x00, 0x00,
  0x00, 0x00, 0x00, 0x00, 0x00, 0x00, 0x00, 0x00, 0x00, 0x00, 0x00, 0x00, 0x00, 0x00, 0x00, 0x00,
  0x00, 0x00, 0x00, 0x00, 0x00, 0x00, 0x00, 0x00, 0x00, 0x00, 0x00, 0x00, 0x00, 0x00, 0x00, 0x00,
  0x00, 0x00, 0x00, 0x00, 0x00, 0x00, 0x00, 0x00, 0x00, 0x00, 0x00, 0x00, 0x00, 0x00, 0x00, 0x00,
  0x7f, 0x7f, 0x00, 0x02, 0x00, 0x00, 0x00, 0x00, 0x73, 0xa4, 0x00, 0x1f, 0x75, 0xa8, 0x00, 0xf5,
  0x76, 0xaa, 0x00, 0xff, 0x75, 0xa7, 0x00, 0xfe, 0x75, 0xa8, 0x00, 0xff, 0x75, 0xa8, 0x00, 0xff,
  0x75, 0xa8, 0x00, 0xff, 0x75, 0xa8, 0x00, 0xff, 0x75, 0xa8, 0x00, 0xff, 0x75, 0xa8, 0x00, 0xff,
  0x75, 0xa8, 0x00, 0xff, 0x74, 0xa8, 0x00, 0xfd, 0x7a, 0xae, 0x00, 0xff, 0x74, 0xa8, 0x00, 0xc2,
  0x74, 0xa6, 0x00, 0x9c, 0x7e, 0xb5, 0x00, 0xff, 0x75, 0xa7, 0x00, 0xfa, 0x75, 0xa8, 0x00, 0xff,
  0x75, 0xa8, 0x00, 0xff, 0x75, 0xa8, 0x00, 0xff, 0x75, 0xa8, 0x00, 0xff, 0x75, 0xa8, 0x00, 0xff,
  0x75, 0xa8, 0x00, 0xff, 0x75, 0xa8, 0x00, 0xff, 0x75, 0xa8, 0x00, 0xff, 0x74, 0xa7, 0x00, 0xfc,
  0x7c, 0xb2, 0x00, 0xff, 0x74, 0xa7, 0x00, 0xb2, 0x00, 0x00, 0x00, 0x00, 0x55, 0xaa, 0x00, 0x03,
  0x00, 0x00, 0x00, 0x00, 0x00, 0x00, 0x00, 0x00, 0x00, 0x00, 0x00, 0x00, 0x00, 0x00, 0x00, 0x00,
  0x00, 0x00, 0x00, 0x00, 0x00, 0x00, 0x00, 0x00, 0x00, 0x00, 0x00, 0x00, 0x00, 0x00, 0x00, 0x00,
  0x00, 0x00, 0x00, 0x00, 0x00, 0x00, 0x00, 0x00, 0x00, 0x00, 0x00, 0x00, 0x00, 0x00, 0x00, 0x00,
  0x00, 0x00, 0x00, 0x00, 0x00, 0x00, 0x00, 0x00, 0x00, 0x00, 0x00, 0x00, 0x00, 0x00, 0x00, 0x00,
  0x7f, 0x7f, 0x00, 0x02, 0x00, 0x00, 0x00, 0x00, 0x73, 0xa4, 0x00, 0x1f, 0x75, 0xa8, 0x00, 0xf5,
  0x76, 0xaa, 0x00, 0xff, 0x75, 0xa7, 0x00, 0xfe, 0x75, 0xa8, 0x00, 0xff, 0x75, 0xa8, 0x00, 0xff,
  0x75, 0xa8, 0x00, 0xff, 0x75, 0xa8, 0x00, 0xff, 0x75, 0xa8, 0x00, 0xff, 0x75, 0xa8, 0x00, 0xff,
  0x75, 0xa8, 0x00, 0xff, 0x74, 0xa8, 0x00, 0xfd, 0x7a, 0xae, 0x00, 0xff, 0x74, 0xa8, 0x00, 0xc2,
  0x74, 0xa6, 0x00, 0xa2, 0x7a, 0xb0, 0x00, 0xfd, 0x75, 0xa7, 0x00, 0xfc, 0x75, 0xa8, 0x00, 0xff,
  0x75, 0xa8, 0x00, 0xff, 0x75, 0xa8, 0x00, 0xff, 0x75, 0xa8, 0x00, 0xff, 0x75, 0xa8, 0x00, 0xff,
  0x75, 0xa8, 0x00, 0xff, 0x75, 0xa8, 0x00, 0xff, 0x75, 0xa8, 0x00, 0xff, 0x74, 0xa7, 0x00, 0xfc,
  0x7c, 0xb2, 0x00, 0xff, 0x74, 0xa7, 0x00, 0xb2, 0x00, 0x00, 0x00, 0x00, 0x55, 0xaa, 0x00, 0x03,
  0x00, 0x00, 0x00, 0x00, 0x00, 0x00, 0x00, 0x00, 0x00, 0x00, 0x00, 0x00, 0x00, 0x00, 0x00, 0x00,
  0x00, 0x00, 0x00, 0x00, 0x00, 0x00, 0x00, 0x00, 0x00, 0x00, 0x00, 0x00, 0x00, 0x00, 0x00, 0x00,
  0x00, 0x00, 0x00, 0x00, 0x00, 0x00, 0x00, 0x00, 0x00, 0x00, 0x00, 0x00, 0x00, 0x00, 0x00, 0x00,
  0x00, 0x00, 0x00, 0x00, 0x00, 0x00, 0x00, 0x00, 0x00, 0x00, 0x00, 0x00, 0x00, 0x00, 0x00, 0x00,
  0x7f, 0x7f, 0x00, 0x02, 0x00, 0x00, 0x00, 0x00, 0x73, 0xa4, 0x00, 0x1f, 0x75, 0xa8, 0x00, 0xf5,
  0x76, 0xaa, 0x00, 0xff, 0x75, 0xa7, 0x00, 0xfe, 0x75, 0xa8, 0x00, 0xff, 0x75, 0xa8, 0x00, 0xff,
  0x75, 0xa8, 0x00, 0xff, 0x75, 0xa8, 0x00, 0xff, 0x75, 0xa8, 0x00, 0xff, 0x75, 0xa8, 0x00, 0xff,
  0x75, 0xa8, 0x00, 0xff, 0x74, 0xa8, 0x00, 0xfd, 0x7a, 0xae, 0x00, 0xff, 0x74, 0xa8, 0x00, 0xc2,
  0x74, 0xa7, 0x00, 0xa0, 0x7b, 0xb0, 0x00, 0xff, 0x75, 0xa7, 0x00, 0xfc, 0x75, 0xa8, 0x00, 0xff,
  0x75, 0xa8, 0x00, 0xff, 0x75, 0xa8, 0x00, 0xff, 0x75, 0xa8, 0x00, 0xff, 0x75, 0xa8, 0x00, 0xff,
  0x75, 0xa8, 0x00, 0xff, 0x75, 0xa8, 0x00, 0xff, 0x75, 0xa8, 0x00, 0xff, 0x74, 0xa7, 0x00, 0xfc,
  0x7c, 0xb2, 0x00, 0xff, 0x74, 0xa7, 0x00, 0xb2, 0x00, 0x00, 0x00, 0x00, 0x55, 0xaa, 0x00, 0x03,
  0x00, 0x00, 0x00, 0x00, 0x00, 0x00, 0x00, 0x00, 0x00, 0x00, 0x00, 0x00, 0x00, 0x00, 0x00, 0x00,
  0x00, 0x00, 0x00, 0x00, 0x00, 0x00, 0x00, 0x00, 0x00, 0x00, 0x00, 0x00, 0x00, 0x00, 0x00, 0x00,
  0x00, 0x00, 0x00, 0x00, 0x00, 0x00, 0x00, 0x00, 0x00, 0x00, 0x00, 0x00, 0x00, 0x00, 0x00, 0x00,
  0x00, 0x00, 0x00, 0x00, 0x00, 0x00, 0x00, 0x00, 0x00, 0x00, 0x00, 0x00, 0x00, 0x00, 0x00, 0x00,
  0x7f, 0x7f, 0x00, 0x02, 0x00, 0x00, 0x00, 0x00, 0x73, 0xa4, 0x00, 0x1f, 0x75, 0xa8, 0x00, 0xf5,
  0x76, 0xaa, 0x00, 0xff, 0x75, 0xa7, 0x00, 0xfe, 0x75, 0xa8, 0x00, 0xff, 0x75, 0xa8, 0x00, 0xff,
  0x75, 0xa8, 0x00, 0xff, 0x75, 0xa8, 0x00, 0xff, 0x75, 0xa8, 0x00, 0xff, 0x75, 0xa8, 0x00, 0xff,
  0x75, 0xa8, 0x00, 0xff, 0x74, 0xa8, 0x00, 0xfd, 0x7a, 0xae, 0x00, 0xff, 0x74, 0xa8, 0x00, 0xc2,
  0x73, 0xa6, 0x00, 0xa1, 0x7b, 0xb0, 0x00, 0xff, 0x75, 0xa7, 0x00, 0xfc, 0x75, 0xa8, 0x00, 0xff,
  0x75, 0xa8, 0x00, 0xff, 0x75, 0xa8, 0x00, 0xff, 0x75, 0xa8, 0x00, 0xff, 0x75, 0xa8, 0x00, 0xff,
  0x75, 0xa8, 0x00, 0xff, 0x75, 0xa8, 0x00, 0xff, 0x75, 0xa8, 0x00, 0xff, 0x74, 0xa7, 0x00, 0xfc,
  0x7c, 0xb2, 0x00, 0xff, 0x74, 0xa8, 0x00, 0xb3, 0x7f, 0xbf, 0x00, 0x04, 0x6d, 0xb6, 0x00, 0x07,
  0x7f, 0xbf, 0x00, 0x04, 0x7f, 0xbf, 0x00, 0x04, 0x7f, 0xbf, 0x00, 0x04, 0x7f, 0xbf, 0x00, 0x04,
  0x7f, 0xbf, 0x00, 0x04, 0x7f, 0xbf, 0x00, 0x04, 0x7f, 0xbf, 0x00, 0x04, 0x7f, 0xbf, 0x00, 0x04,
  0x7f, 0xbf, 0x00, 0x04, 0x7f, 0xbf, 0x00, 0x04, 0x7f, 0xbf, 0x00, 0x04, 0x7f, 0xbf, 0x00, 0x04,
  0x7f, 0xbf, 0x00, 0x04, 0x7f, 0xbf, 0x00, 0x04, 0x7f, 0xbf, 0x00, 0x04, 0x7f, 0x7f, 0x00, 0x04,
  0x7f, 0x7f, 0x00, 0x02, 0x00, 0x00, 0x00, 0x00, 0x73, 0xa4, 0x00, 0x1f, 0x76, 0xa8, 0x00, 0xf4,
  0x76, 0xaa, 0x00, 0xff, 0x75, 0xa7, 0x00, 0xfe, 0x75, 0xa8, 0x00, 0xff, 0x75, 0xa8, 0x00, 0xff,
  0x75, 0xa8, 0x00, 0xff, 0x75, 0xa8, 0x00, 0xff, 0x75, 0xa8, 0x00, 0xff, 0x75, 0xa8, 0x00, 0xff,
  0x75, 0xa8, 0x00, 0xff, 0x74, 0xa8, 0x00, 0xfd, 0x7a, 0xae, 0x00, 0xff, 0x74, 0xa8, 0x00, 0xc2,
  0x73, 0xa6, 0x00, 0xa1, 0x7b, 0xb0, 0x00, 0xff, 0x75, 0xa7, 0x00, 0xfc, 0x75, 0xa8, 0x00, 0xff,
  0x75, 0xa8, 0x00, 0xff, 0x75, 0xa8, 0x00, 0xff, 0x75, 0xa8, 0x00, 0xff, 0x75, 0xa8, 0x00, 0xff,
  0x75, 0xa8, 0x00, 0xff, 0x75, 0xa8, 0x00, 0xff, 0x75, 0xa8, 0x00, 0xff, 0x74, 0xa7, 0x00, 0xfc,
  0x7c, 0xb3, 0x00, 0xff, 0x72, 0xa6, 0x00, 0xad, 0x00, 0x00, 0x00, 0x00, 0x00, 0x00, 0x00, 0x00,
  0x00, 0x00, 0x00, 0x00, 0x00, 0x00, 0x00, 0x00, 0x00, 0x00, 0x00, 0x00, 0x00, 0x00, 0x00, 0x00,
  0x00, 0x00, 0x00, 0x00, 0x00, 0x00, 0x00, 0x00, 0x00, 0x00, 0x00, 0x00, 0x00, 0x00, 0x00, 0x00,
  0x00, 0x00, 0x00, 0x00, 0x00, 0x00, 0x00, 0x00, 0x00, 0x00, 0x00, 0x00, 0x00, 0x00, 0x00, 0x00,
  0x00, 0x00, 0x00, 0x00, 0x00, 0x00, 0x00, 0x00, 0x00, 0x00, 0x00, 0x00, 0x00, 0x00, 0x00, 0x00,
  0x00, 0x00, 0x00, 0x00, 0x00, 0x00, 0x00, 0x00, 0x73, 0xa2, 0x00, 0x21, 0x75, 0xa8, 0x00, 0xf7,
  0x75, 0xa9, 0x00, 0xfe, 0x75, 0xa7, 0x00, 0xfe, 0x75, 0xa8, 0x00, 0xff, 0x75, 0xa8, 0x00, 0xff,
  0x75, 0xa8, 0x00, 0xff, 0x75, 0xa8, 0x00, 0xff, 0x75, 0xa8, 0x00, 0xff, 0x75, 0xa8, 0x00, 0xff,
  0x75, 0xa8, 0x00, 0xff, 0x74, 0xa8, 0x00, 0xfd, 0x7a, 0xae, 0x00, 0xff, 0x74, 0xa8, 0x00, 0xc2,
  0x73, 0xa6, 0x00, 0xa1, 0x7b, 0xb0, 0x00, 0xff, 0x75, 0xa7, 0x00, 0xfc, 0x75, 0xa8, 0x00, 0xff,
  0x75, 0xa8, 0x00, 0xff, 0x75, 0xa8, 0x00, 0xff, 0x75, 0xa8, 0x00, 0xff, 0x75, 0xa8, 0x00, 0xff,
  0x75, 0xa8, 0x00, 0xff, 0x75, 0xa8, 0x00, 0xff, 0x75, 0xa8, 0x00, 0xff, 0x74, 0xa8, 0x00, 0xfd,
  0x79, 0xae, 0x00, 0xff, 0x74, 0xa7, 0x00, 0xd2, 0x74, 0xa7, 0x00, 0x69, 0x72, 0xa6, 0x00, 0x6b,
  0x74, 0xa7, 0x00, 0x69, 0x74, 0xa7, 0x00, 0x69, 0x74, 0xa7, 0x00, 0x69, 0x74, 0xa7, 0x00, 0x69,
  0x74, 0xa7, 0x00, 0x69, 0x74, 0xa7, 0x00, 0x69, 0x74, 0xa7, 0x00, 0x69, 0x74, 0xa7, 0x00, 0x69,
  0x74, 0xa7, 0x00, 0x69, 0x74, 0xa7, 0x00, 0x69, 0x74, 0xa7, 0x00, 0x69, 0x74, 0xa7, 0x00, 0x69,
  0x74, 0xa7, 0x00, 0x69, 0x73, 0xa6, 0x00, 0x68, 0x75, 0xab, 0x00, 0x68, 0x73, 0xa6, 0x00, 0x6e,
  0x78, 0xa5, 0x00, 0x11, 0x00, 0x00, 0x00, 0x01, 0x73, 0xa2, 0x00, 0x16, 0x75, 0xa7, 0x00, 0xed,
  0x79, 0xae, 0x00, 0xff, 0x74, 0xa6, 0x00, 0xfc, 0x75, 0xa8, 0x00, 0xff, 0x75, 0xa8, 0x00, 0xff,
  0x75, 0xa8, 0x00, 0xff, 0x75, 0xa8, 0x00, 0xff, 0x75, 0xa8, 0x00, 0xff, 0x75, 0xa8, 0x00, 0xff,
  0x75, 0xa8, 0x00, 0xff, 0x74, 0xa8, 0x00, 0xfd, 0x7a, 0xae, 0x00, 0xff, 0x74, 0xa8, 0x00, 0xc2,
  0x73, 0xa6, 0x00, 0xa1, 0x7b, 0xb0, 0x00, 0xff, 0x75, 0xa7, 0x00, 0xfc, 0x75, 0xa8, 0x00, 0xff,
  0x75, 0xa8, 0x00, 0xff, 0x75, 0xa8, 0x00, 0xff, 0x75, 0xa8, 0x00, 0xff, 0x75, 0xa8, 0x00, 0xff,
  0x75, 0xa8, 0x00, 0xff, 0x75, 0xa8, 0x00, 0xff, 0x75, 0xa8, 0x00, 0xff, 0x75, 0xa8, 0x00, 0xff,
  0x75, 0xa7, 0x00, 0xff, 0x77, 0xab, 0x00, 0xff, 0x7d, 0xb3, 0x00, 0xff, 0x7d, 0xb3, 0x00, 0xff,
  0x7d, 0xb3, 0x00, 0xff, 0x7d, 0xb3, 0x00, 0xff, 0x7d, 0xb3, 0x00, 0xff, 0x7d, 0xb3, 0x00, 0xff,
  0x7d, 0xb3, 0x00, 0xff, 0x7d, 0xb3, 0x00, 0xff, 0x7d, 0xb3, 0x00, 0xff, 0x7d, 0xb3, 0x00, 0xff,
  0x7d, 0xb3, 0x00, 0xff, 0x7d, 0xb3, 0x00, 0xff, 0x7d, 0xb3, 0x00, 0xff, 0x7d, 0xb4, 0x00, 0xff,
  0x7c, 0xb3, 0x00, 0xff, 0x7c, 0xb3, 0x00, 0xff, 0x83, 0xbd, 0x00, 0xff, 0x73, 0xa7, 0x00, 0x80,
  0x66, 0x99, 0x00, 0x05, 0x7f, 0xbf, 0x00, 0x04, 0x00, 0x00, 0x00, 0x00, 0x73, 0xa7, 0x00, 0x40,
  0x78, 0xad, 0x00, 0xf3, 0x77, 0xac, 0x00, 0xff, 0x74, 0xa7, 0x00, 0xfd, 0x75, 0xa8, 0x00, 0xff,
  0x75, 0xa8, 0x00, 0xff, 0x75, 0xa8, 0x00, 0xff, 0x75, 0xa8, 0x00, 0xff, 0x75, 0xa8, 0x00, 0xff,
  0x75, 0xa8, 0x00, 0xff, 0x74, 0xa8, 0x00, 0xfd, 0x7a, 0xae, 0x00, 0xff, 0x74, 0xa8, 0x00, 0xc2,
  0x73, 0xa6, 0x00, 0xa1, 0x7b, 0xb0, 0x00, 0xff, 0x75, 0xa7, 0x00, 0xfc, 0x75, 0xa8, 0x00, 0xff,
  0x75, 0xa8, 0x00, 0xff, 0x75, 0xa8, 0x00, 0xff, 0x75, 0xa8, 0x00, 0xff, 0x75, 0xa8, 0x00, 0xff,
  0x75, 0xa8, 0x00, 0xff, 0x75, 0xa8, 0x00, 0xff, 0x75, 0xa8, 0x00, 0xff, 0x75, 0xa8, 0x00, 0xff,
  0x75, 0xa8, 0x00, 0xff, 0x74, 0xa7, 0x00, 0xfe, 0x74, 0xa7, 0x00, 0xfb, 0x74, 0xa7, 0x00, 0xfb,
  0x74, 0xa7, 0x00, 0xfb, 0x74, 0xa7, 0x00, 0xfb, 0x74, 0xa7, 0x00, 0xfb, 0x74, 0xa7, 0x00, 0xfb,
  0x74, 0xa7, 0x00, 0xfb, 0x74, 0xa7, 0x00, 0xfb, 0x74, 0xa7, 0x00, 0xfb, 0x74, 0xa7, 0x00, 0xfb,
  0x74, 0xa7, 0x00, 0xfb, 0x74, 0xa7, 0x00, 0xfb, 0x74, 0xa8, 0x00, 0xfb, 0x75, 0xa8, 0x00, 0xfa,
  0x76, 0xa9, 0x00, 0xf8, 0x7a, 0xaf, 0x00, 0xff, 0x74, 0xa6, 0x00, 0x6d, 0x00, 0x00, 0x00, 0x00,
  0xff, 0xff, 0x00, 0x01, 0x00, 0x00, 0x00, 0x00, 0x7f, 0xff, 0x00, 0x02, 0x00, 0x00, 0x00, 0x00,
  0x71, 0xa4, 0x00, 0x41, 0x78, 0xac, 0x00, 0xf4, 0x77, 0xab, 0x00, 0xff, 0x74, 0xa7, 0x00, 0xfd,
  0x75, 0xa8, 0x00, 0xff, 0x75, 0xa8, 0x00, 0xff, 0x75, 0xa8, 0x00, 0xff, 0x75, 0xa8, 0x00, 0xff,
  0x75, 0xa8, 0x00, 0xff, 0x74, 0xa8, 0x00, 0xfd, 0x7a, 0xae, 0x00, 0xff, 0x74, 0xa8, 0x00, 0xc2,
  0x73, 0xa6, 0x00, 0xa1, 0x7b, 0xb0, 0x00, 0xff, 0x75, 0xa7, 0x00, 0xfc, 0x75, 0xa8, 0x00, 0xff,
  0x75, 0xa8, 0x00, 0xff, 0x75, 0xa8, 0x00, 0xff, 0x75, 0xa8, 0x00, 0xff, 0x75, 0xa8, 0x00, 0xff,
  0x75, 0xa8, 0x00, 0xff, 0x75, 0xa8, 0x00, 0xff, 0x75, 0xa8, 0x00, 0xff, 0x75, 0xa8, 0x00, 0xff,
  0x75, 0xa8, 0x00, 0xff, 0x75, 0xa8, 0x00, 0xff, 0x75, 0xa8, 0x00, 0xff, 0x75, 0xa8, 0x00, 0xff,
  0x75, 0xa8, 0x00, 0xff, 0x75, 0xa8, 0x00, 0xff, 0x75, 0xa8, 0x00, 0xff, 0x75, 0xa8, 0x00, 0xff,
  0x75, 0xa8, 0x00, 0xff, 0x75, 0xa8, 0x00, 0xff, 0x75, 0xa8, 0x00, 0xff, 0x75, 0xa8, 0x00, 0xff,
  0x75, 0xa8, 0x00, 0xff, 0x75, 0xa8, 0x00, 0xff, 0x74, 0xa7, 0x00, 0xfe, 0x75, 0xa8, 0x00, 0xfc,
  0x7c, 0xb1, 0x00, 0xff, 0x74, 0xa5, 0x00, 0x72, 0x00, 0x00, 0x00, 0x00, 0x7f, 0xbf, 0x00, 0x04,
  0x00, 0x00, 0x00, 0x00, 0x00, 0x00, 0x00, 0x00, 0x00, 0x00, 0x00, 0x00, 0x7f, 0xbf, 0x00, 0x04,
  0x00, 0x00, 0x00, 0x00, 0x72, 0xa3, 0x00, 0x43, 0x78, 0xac, 0x00, 0xf5, 0x77, 0xab, 0x00, 0xff,
  0x74, 0xa7, 0x00, 0xfd, 0x75, 0xa8, 0x00, 0xff, 0x75, 0xa8, 0x00, 0xff, 0x75, 0xa8, 0x00, 0xff,
  0x75, 0xa8, 0x00, 0xff, 0x74, 0xa8, 0x00, 0xfd, 0x7a, 0xae, 0x00, 0xff, 0x74, 0xa8, 0x00, 0xc2,
  0x73, 0xa6, 0x00, 0xa1, 0x7b, 0xb0, 0x00, 0xff, 0x75, 0xa7, 0x00, 0xfc, 0x75, 0xa8, 0x00, 0xff,
  0x75, 0xa8, 0x00, 0xff, 0x75, 0xa8, 0x00, 0xff, 0x75, 0xa8, 0x00, 0xff, 0x75, 0xa8, 0x00, 0xff,
  0x75, 0xa8, 0x00, 0xff, 0x75, 0xa8, 0x00, 0xff, 0x75, 0xa8, 0x00, 0xff, 0x75, 0xa8, 0x00, 0xff,
  0x75, 0xa8, 0x00, 0xff, 0x75, 0xa8, 0x00, 0xff, 0x75, 0xa8, 0x00, 0xff, 0x75, 0xa8, 0x00, 0xff,
  0x75, 0xa8, 0x00, 0xff, 0x75, 0xa8, 0x00, 0xff, 0x75, 0xa8, 0x00, 0xff, 0x75, 0xa8, 0x00, 0xff,
  0x75, 0xa8, 0x00, 0xff, 0x75, 0xa8, 0x00, 0xff, 0x75, 0xa8, 0x00, 0xff, 0x75, 0xa8, 0x00, 0xff,
  0x75, 0xa8, 0x00, 0xff, 0x74, 0xa7, 0x00, 0xfe, 0x75, 0xa8, 0x00, 0xfc, 0x7c, 0xb2, 0x00, 0xff,
  0x73, 0xa5, 0x00, 0x75, 0x00, 0x00, 0x00, 0x00, 0x7f, 0xbf, 0x00, 0x04, 0x00, 0x00, 0x00, 0x00,
  0x00, 0x00, 0x00, 0x00, 0x00, 0x00, 0x00, 0x00, 0x00, 0x00, 0x00, 0x00, 0x00, 0x00, 0x00, 0x00,
  0x7f, 0xbf, 0x00, 0x04, 0x00, 0x00, 0x00, 0x00, 0x70, 0xa1, 0x00, 0x44, 0x78, 0xac, 0x00, 0xf5,
  0x77, 0xab, 0x00, 0xff, 0x74, 0xa7, 0x00, 0xfd, 0x75, 0xa8, 0x00, 0xff, 0x75, 0xa8, 0x00, 0xff,
  0x75, 0xa8, 0x00, 0xff, 0x74, 0xa8, 0x00, 0xfd, 0x7a, 0xae, 0x00, 0xff, 0x74, 0xa8, 0x00, 0xc2,
  0x73, 0xa6, 0x00, 0xa1, 0x7b, 0xb0, 0x00, 0xff, 0x75, 0xa7, 0x00, 0xfc, 0x75, 0xa8, 0x00, 0xff,
  0x75, 0xa8, 0x00, 0xff, 0x75, 0xa8, 0x00, 0xff, 0x75, 0xa8, 0x00, 0xff, 0x75, 0xa8, 0x00, 0xff,
  0x75, 0xa8, 0x00, 0xff, 0x75, 0xa8, 0x00, 0xff, 0x75, 0xa8, 0x00, 0xff, 0x75, 0xa8, 0x00, 0xff,
  0x75, 0xa8, 0x00, 0xff, 0x75, 0xa8, 0x00, 0xff, 0x75, 0xa8, 0x00, 0xff, 0x75, 0xa8, 0x00, 0xff,
  0x75, 0xa8, 0x00, 0xff, 0x75, 0xa8, 0x00, 0xff, 0x75, 0xa8, 0x00, 0xff, 0x75, 0xa8, 0x00, 0xff,
  0x75, 0xa8, 0x00, 0xff, 0x75, 0xa8, 0x00, 0xff, 0x75, 0xa8, 0x00, 0xff, 0x75, 0xa8, 0x00, 0xff,
  0x74, 0xa7, 0x00, 0xfe, 0x75, 0xa8, 0x00, 0xfc, 0x7c, 0xb2, 0x00, 0xff, 0x73, 0xa7, 0x00, 0x75,
  0x00, 0x00, 0x00, 0x00, 0x7f, 0xbf, 0x00, 0x04, 0x00, 0x00, 0x00, 0x01, 0x00, 0x00, 0x00, 0x00,
  0x00, 0x00, 0x00, 0x00, 0x00, 0x00, 0x00, 0x00, 0x00, 0x00, 0x00, 0x00, 0x00, 0x00, 0x00, 0x00,
  0x00, 0x00, 0x00, 0x00, 0x7f, 0xbf, 0x00, 0x04, 0x00, 0x00, 0x00, 0x00, 0x6e, 0xa2, 0x00, 0x45,
  0x78, 0xad, 0x00, 0xf6, 0x77, 0xab, 0x00, 0xff, 0x74, 0xa7, 0x00, 0xfd, 0x75, 0xa8, 0x00, 0xff,
  0x75, 0xa8, 0x00, 0xff, 0x74, 0xa8, 0x00, 0xfd, 0x7a, 0xae, 0x00, 0xff, 0x74, 0xa8, 0x00, 0xc2,
  0x73, 0xa6, 0x00, 0xa1, 0x7b, 0xb0, 0x00, 0xff, 0x75, 0xa7, 0x00, 0xfc, 0x75, 0xa8, 0x00, 0xff,
  0x75, 0xa8, 0x00, 0xff, 0x75, 0xa8, 0x00, 0xff, 0x75, 0xa8, 0x00, 0xff, 0x75, 0xa8, 0x00, 0xff,
  0x75, 0xa8, 0x00, 0xff, 0x75, 0xa8, 0x00, 0xff, 0x75, 0xa8, 0x00, 0xff, 0x75, 0xa8, 0x00, 0xff,
  0x75, 0xa8, 0x00, 0xff, 0x75, 0xa8, 0x00, 0xff, 0x75, 0xa8, 0x00, 0xff, 0x75, 0xa8, 0x00, 0xff,
  0x75, 0xa8, 0x00, 0xff, 0x75, 0xa8, 0x00, 0xff, 0x75, 0xa8, 0x00, 0xff, 0x75, 0xa8, 0x00, 0xff,
  0x75, 0xa8, 0x00, 0xff, 0x75, 0xa8, 0x00, 0xff, 0x75, 0xa8, 0x00, 0xff, 0x74, 0xa7, 0x00, 0xfe,
  0x75, 0xa8, 0x00, 0xfc, 0x7c, 0xb2, 0x00, 0xff, 0x73, 0xa7, 0x00, 0x77, 0x00, 0x00, 0x00, 0x00,
  0x7f, 0xbf, 0x00, 0x04, 0x00, 0x00, 0x00, 0x00, 0x00, 0x00, 0x00, 0x00, 0x00, 0x00, 0x00, 0x00,
  0x00, 0x00, 0x00, 0x00, 0x00, 0x00, 0x00, 0x00, 0x00, 0x00, 0x00, 0x00, 0x00, 0x00, 0x00, 0x00,
  0x00, 0x00, 0x00, 0x00, 0x00, 0x00, 0x00, 0x00, 0x7f, 0xbf, 0x00, 0x04, 0x00, 0x00, 0x00, 0x00,
  0x70, 0xa7, 0x00, 0x46, 0x78, 0xad, 0x00, 0xf6, 0x77, 0xab, 0x00, 0xff, 0x74, 0xa7, 0x00, 0xfd,
  0x75, 0xa8, 0x00, 0xff, 0x74, 0xa8, 0x00, 0xfd, 0x7a, 0xae, 0x00, 0xff, 0x74, 0xa8, 0x00, 0xc2,
  0x73, 0xa6, 0x00, 0xa1, 0x7b, 0xb0, 0x00, 0xff, 0x75, 0xa7, 0x00, 0xfc, 0x75, 0xa8, 0x00, 0xff,
  0x75, 0xa8, 0x00, 0xff, 0x75, 0xa8, 0x00, 0xff, 0x75, 0xa8, 0x00, 0xff, 0x75, 0xa8, 0x00, 0xff,
  0x75, 0xa8, 0x00, 0xff, 0x75, 0xa8, 0x00, 0xff, 0x75, 0xa8, 0x00, 0xff, 0x75, 0xa8, 0x00, 0xff,
  0x75, 0xa8, 0x00, 0xff, 0x75, 0xa8, 0x00, 0xff, 0x75, 0xa8, 0x00, 0xff, 0x75, 0xa8, 0x00, 0xff,
  0x75, 0xa8, 0x00, 0xff, 0x75, 0xa8, 0x00, 0xff, 0x75, 0xa8, 0x00, 0xff, 0x75, 0xa8, 0x00, 0xff,
  0x75, 0xa8, 0x00, 0xff, 0x75, 0xa8, 0x00, 0xff, 0x74, 0xa7, 0x00, 0xfe, 0x75, 0xa8, 0x00, 0xfc,
  0x7c, 0xb2, 0x00, 0xff, 0x73, 0xa6, 0x00, 0x79, 0x00, 0x00, 0x00, 0x00, 0x7f, 0xbf, 0x00, 0x04,
  0x00, 0x00, 0x00, 0x00, 0x00, 0x00, 0x00, 0x00, 0x00, 0x00, 0x00, 0x00, 0x00, 0x00, 0x00, 0x00,
  0x00, 0x00, 0x00, 0x00, 0x00, 0x00, 0x00, 0x00, 0x00, 0x00, 0x00, 0x00, 0x00, 0x00, 0x00, 0x00,
  0x00, 0x00, 0x00, 0x00, 0x00, 0x00, 0x00, 0x00, 0x00, 0x00, 0x00, 0x00, 0x7f, 0xbf, 0x00, 0x04,
  0x00, 0x00, 0x00, 0x00, 0x74, 0xa3, 0x00, 0x46, 0x78, 0xad, 0x00, 0xf7, 0x77, 0xab, 0x00, 0xff,
  0x74, 0xa7, 0x00, 0xfd, 0x74, 0xa8, 0x00, 0xfd, 0x7a, 0xae, 0x00, 0xff, 0x74, 0xa8, 0x00, 0xc2,
  0x73, 0xa6, 0x00, 0xa1, 0x7b, 0xb0, 0x00, 0xff, 0x75, 0xa7, 0x00, 0xfc, 0x75, 0xa8, 0x00, 0xff,
  0x75, 0xa8, 0x00, 0xff, 0x75, 0xa8, 0x00, 0xff, 0x75, 0xa8, 0x00, 0xff, 0x75, 0xa8, 0x00, 0xff,
  0x75, 0xa8, 0x00, 0xff, 0x75, 0xa8, 0x00, 0xff, 0x75, 0xa8, 0x00, 0xff, 0x75, 0xa8, 0x00, 0xff,
  0x75, 0xa8, 0x00, 0xff, 0x75, 0xa8, 0x00, 0xff, 0x75, 0xa8, 0x00, 0xff, 0x75, 0xa8, 0x00, 0xff,
  0x75, 0xa8, 0x00, 0xff, 0x75, 0xa8, 0x00, 0xff, 0x75, 0xa8, 0x00, 0xff, 0x75, 0xa8, 0x00, 0xff,
  0x75, 0xa8, 0x00, 0xff, 0x75, 0xa7, 0x00, 0xfe, 0x75, 0xa9, 0x00, 0xfb, 0x7c, 0xb3, 0x00, 0xff,
  0x75, 0xa7, 0x00, 0x7a, 0x00, 0x00, 0x00, 0x00, 0x7f, 0x7f, 0x00, 0x04, 0x00, 0x00, 0x00, 0x00,
  0x00, 0x00, 0x00, 0x00, 0x00, 0x00, 0x00, 0x00, 0x00, 0x00, 0x00, 0x00, 0x00, 0x00, 0x00, 0x00,
  0x00, 0x00, 0x00, 0x00, 0x00, 0x00, 0x00, 0x00, 0x00, 0x00, 0x00, 0x00, 0x00, 0x00, 0x00, 0x00,
  0x00, 0x00, 0x00, 0x00, 0x00, 0x00, 0x00, 0x00, 0x00, 0x00, 0x00, 0x00, 0x00, 0x00, 0x00, 0x00,
  0x7f, 0xbf, 0x00, 0x04, 0x00, 0x00, 0x00, 0x00, 0x71, 0xa2, 0x00, 0x48, 0x78, 0xac, 0x00, 0xf8,
  0x77, 0xab, 0x00, 0xff, 0x74, 0xa7, 0x00, 0xfb, 0x7a, 0xae, 0x00, 0xff, 0x74, 0xa8, 0x00, 0xc2,
  0x73, 0xa6, 0x00, 0xa1, 0x7b, 0xb0, 0x00, 0xff, 0x75, 0xa7, 0x00, 0xfc, 0x75, 0xa8, 0x00, 0xff,
  0x75, 0xa8, 0x00, 0xff, 0x75, 0xa8, 0x00, 0xff, 0x75, 0xa8, 0x00, 0xff, 0x75, 0xa8, 0x00, 0xff,
  0x75, 0xa8, 0x00, 0xff, 0x75, 0xa8, 0x00, 0xff, 0x75, 0xa8, 0x00, 0xff, 0x75, 0xa8, 0x00, 0xff,
  0x75, 0xa8, 0x00, 0xff, 0x75, 0xa8, 0x00, 0xff, 0x75, 0xa8, 0x00, 0xff, 0x75, 0xa8, 0x00, 0xff,
  0x75, 0xa8, 0x00, 0xff, 0x75, 0xa8, 0x00, 0xff, 0x75, 0xa8, 0x00, 0xff, 0x75, 0xa8, 0x00, 0xff,
  0x75, 0xa7, 0x00, 0xfe, 0x75, 0xa9, 0x00, 0xfb, 0x7c, 0xb3, 0x00, 0xff, 0x74, 0xa7, 0x00, 0x7d,
  0x00, 0x00, 0x00, 0x00, 0x7f, 0x7f, 0x00, 0x04, 0x00, 0x00, 0x00, 0x01, 0x00, 0x00, 0x00, 0x00,
  0x00, 0x00, 0x00, 0x00, 0x00, 0x00, 0x00, 0x00, 0x00, 0x00, 0x00, 0x00, 0x00, 0x00, 0x00, 0x00,
  0x00, 0x00, 0x00, 0x00, 0x00, 0x00, 0x00, 0x00, 0x00, 0x00, 0x00, 0x00, 0x00, 0x00, 0x00, 0x00,
  0x00, 0x00, 0x00, 0x00, 0x00, 0x00, 0x00, 0x00, 0x00, 0x00, 0x00, 0x00, 0x00, 0x00, 0x00, 0x00,
  0x00, 0x00, 0x00, 0x00, 0x7f, 0xbf, 0x00, 0x04, 0x00, 0x00, 0x00, 0x00, 0x71, 0xa5, 0x00, 0x4a,
  0x78, 0xad, 0x00, 0xf8, 0x76, 0xa9, 0x00, 0xfe, 0x78, 0xac, 0x00, 0xfe, 0x74, 0xa8, 0x00, 0xc2,
  0x73, 0xa6, 0x00, 0xa1, 0x7b, 0xb0, 0x00, 0xff, 0x75, 0xa7, 0x00, 0xfc, 0x75, 0xa8, 0x00, 0xff,
  0x75, 0xa8, 0x00, 0xff, 0x75, 0xa8, 0x00, 0xff, 0x75, 0xa8, 0x00, 0xff, 0x75, 0xa8, 0x00, 0xff,
  0x75, 0xa8, 0x00, 0xff, 0x75, 0xa8, 0x00, 0xff, 0x75, 0xa8, 0x00, 0xff, 0x75, 0xa8, 0x00, 0xff,
  0x75, 0xa8, 0x00, 0xff, 0x75, 0xa8, 0x00, 0xff, 0x75, 0xa8, 0x00, 0xff, 0x75, 0xa8, 0x00, 0xff,
  0x75, 0xa8, 0x00, 0xff, 0x75, 0xa8, 0x00, 0xff, 0x75, 0xa8, 0x00, 0xff, 0x75, 0xa7, 0x00, 0xfe,
  0x75, 0xa9, 0x00, 0xfb, 0x7c, 0xb3, 0x00, 0xff, 0x74, 0xa7, 0x00, 0x7d, 0x00, 0x00, 0x00, 0x00,
  0x7f, 0x7f, 0x00, 0x04, 0x00, 0x00, 0x00, 0x01, 0x00, 0x00, 0x00, 0x00, 0x00, 0x00, 0x00, 0x00,
  0x00, 0x00, 0x00, 0x00, 0x00, 0x00, 0x00, 0x00, 0x00, 0x00, 0x00, 0x00, 0x00, 0x00, 0x00, 0x00,
  0x00, 0x00, 0x00, 0x00, 0x00, 0x00, 0x00, 0x00, 0x00, 0x00, 0x00, 0x00, 0x00, 0x00, 0x00, 0x00,
  0x00, 0x00, 0x00, 0x00, 0x00, 0x00, 0x00, 0x00, 0x00, 0x00, 0x00, 0x00, 0x00, 0x00, 0x00, 0x00,
  0x00, 0x00, 0x00, 0x00, 0x00, 0x00, 0x00, 0x00, 0x7f, 0xbf, 0x00, 0x04, 0x00, 0x00, 0x00, 0x00,
  0x71, 0xa5, 0x00, 0x4a, 0x77, 0xac, 0x00, 0xf7, 0x7b, 0xb1, 0x00, 0xff, 0x74, 0xa8, 0x00, 0xbf,
  0x73, 0xa6, 0x00, 0xa1, 0x7b, 0xb0, 0x00, 0xff, 0x75, 0xa7, 0x00, 0xfc, 0x75, 0xa8, 0x00, 0xff,
  0x75, 0xa8, 0x00, 0xff, 0x75, 0xa8, 0x00, 0xff, 0x75, 0xa8, 0x00, 0xff, 0x75, 0xa8, 0x00, 0xff,
  0x75, 0xa8, 0x00, 0xff, 0x75, 0xa8, 0x00, 0xff, 0x75, 0xa8, 0x00, 0xff, 0x75, 0xa8, 0x00, 0xff,
  0x75, 0xa8, 0x00, 0xff, 0x75, 0xa8, 0x00, 0xff, 0x75, 0xa8, 0x00, 0xff, 0x75, 0xa8, 0x00, 0xff,
  0x75, 0xa8, 0x00, 0xff, 0x75, 0xa8, 0x00, 0xff, 0x75, 0xa7, 0x00, 0xff, 0x75, 0xa8, 0x00, 0xfc,
  0x7d, 0xb4, 0x00, 0xff, 0x73, 0xa7, 0x00, 0x80, 0x00, 0x00, 0x00, 0x00, 0x7f, 0x7f, 0x00, 0x04,
  0x00, 0x00, 0x00, 0x01, 0x00, 0x00, 0x00, 0x00, 0x00, 0x00, 0x00, 0x00, 0x00, 0x00, 0x00, 0x00,
  0x00, 0x00, 0x00, 0x00, 0x00, 0x00, 0x00, 0x00, 0x00, 0x00, 0x00, 0x00, 0x00, 0x00, 0x00, 0x00,
  0x00, 0x00, 0x00, 0x00, 0x00, 0x00, 0x00, 0x00, 0x00, 0x00, 0x00, 0x00, 0x00, 0x00, 0x00, 0x00,
  0x00, 0x00, 0x00, 0x00, 0x00, 0x00, 0x00, 0x00, 0x00, 0x00, 0x00, 0x00, 0x00, 0x00, 0x00, 0x00,
  0x00, 0x00, 0x00, 0x00, 0x00, 0x00, 0x00, 0x00, 0x00, 0x00, 0x00, 0x00, 0x7f, 0xbf, 0x00, 0x04,
  0x00, 0x00, 0x00, 0x00, 0x71, 0xa6, 0x00, 0x48, 0x7b, 0xb2, 0x00, 0xfc, 0x74, 0xa7, 0x00, 0xc9,
  0x73, 0xa6, 0x00, 0xa1, 0x7b, 0xb1, 0x00, 0xff, 0x74, 0xa8, 0x00, 0xfd, 0x75, 0xa9, 0x00, 0xff,
  0x75, 0xa9, 0x00, 0xff, 0x75, 0xa9, 0x00, 0xff, 0x75, 0xa9, 0x00, 0xff, 0x75, 0xa9, 0x00, 0xff,
  0x75, 0xa9, 0x00, 0xff, 0x75, 0xa9, 0x00, 0xff, 0x75, 0xa9, 0x00, 0xff, 0x75, 0xa9, 0x00, 0xff,
  0x75, 0xa9, 0x00, 0xff, 0x75, 0xa9, 0x00, 0xff, 0x75, 0xa9, 0x00, 0xff, 0x75, 0xa9, 0x00, 0xff,
  0x75, 0xa9, 0x00, 0xff, 0x75, 0xa8, 0x00, 0xff, 0x75, 0xa8, 0x00, 0xfe, 0x7b, 0xb0, 0x00, 0xff,
  0x74, 0xa6, 0x00, 0x7f, 0x00, 0x00, 0x00, 0x00, 0x7f, 0x7f, 0x00, 0x04, 0x00, 0x00, 0x00, 0x01,
  0x00, 0x00, 0x00, 0x00, 0x00, 0x00, 0x00, 0x00, 0x00, 0x00, 0x00, 0x00, 0x00, 0x00, 0x00, 0x00,
  0x00, 0x00, 0x00, 0x00, 0x00, 0x00, 0x00, 0x00, 0x00, 0x00, 0x00, 0x00, 0x00, 0x00, 0x00, 0x00,
  0x00, 0x00, 0x00, 0x00, 0x00, 0x00, 0x00, 0x00, 0x00, 0x00, 0x00, 0x00, 0x00, 0x00, 0x00, 0x00,
  0x00, 0x00, 0x00, 0x00, 0x00, 0x00, 0x00, 0x00, 0x00, 0x00, 0x00, 0x00, 0x00, 0x00, 0x00, 0x00,
  0x00, 0x00, 0x00, 0x00, 0x00, 0x00, 0x00, 0x00, 0x00, 0x00, 0x00, 0x00, 0x00, 0x00, 0x00, 0x00,
  0x7f, 0xbf, 0x00, 0x04, 0x00, 0x00, 0x00, 0x00, 0x71, 0xa2, 0x00, 0x53, 0x74, 0xa7, 0x00, 0xb8,
  0x74, 0xa6, 0x00, 0x9e, 0x7a, 0xaf, 0x00, 0xfc, 0x75, 0xa7, 0x00, 0xf8, 0x74, 0xa7, 0x00, 0xfb,
  0x74, 0xa7, 0x00, 0xfb, 0x74, 0xa7, 0x00, 0xfb, 0x74, 0xa7, 0x00, 0xfb, 0x74, 0xa7, 0x00, 0xfb,
  0x74, 0xa7, 0x00, 0xfb, 0x74, 0xa7, 0x00, 0xfb, 0x74, 0xa7, 0x00, 0xfb, 0x74, 0xa7, 0x00, 0xfb,
  0x74, 0xa7, 0x00, 0xfb, 0x74, 0xa7, 0x00, 0xfb, 0x74, 0xa7, 0x00, 0xfb, 0x74, 0xa7, 0x00, 0xfb,
  0x74, 0xa7, 0x00, 0xfb, 0x74, 0xa6, 0x00, 0xf9, 0x7a, 0xaf, 0x00, 0xfa, 0x74, 0xa5, 0x00, 0x8c,
  0x00, 0x00, 0x00, 0x00, 0x7f, 0x7f, 0x00, 0x04, 0x00, 0x00, 0x00, 0x01, 0x00, 0x00, 0x00, 0x00,
  0x00, 0x00, 0x00, 0x00, 0x00, 0x00, 0x00, 0x00, 0x00, 0x00, 0x00, 0x00, 0x00, 0x00, 0x00, 0x00,
  0x00, 0x00, 0x00, 0x00, 0x00, 0x00, 0x00, 0x00, 0x00, 0x00, 0x00, 0x00, 0x00, 0x00, 0x00, 0x00,
  0x00, 0x00, 0x00, 0x00, 0x00, 0x00, 0x00, 0x00, 0x00, 0x00, 0x00, 0x00, 0x00, 0x00, 0x00, 0x00,
  0x00, 0x00, 0x00, 0x00, 0x00, 0x00, 0x00, 0x00, 0x00, 0x00, 0x00, 0x00, 0x00, 0x00, 0x00, 0x00,
  0x00, 0x00, 0x00, 0x00, 0x00, 0x00, 0x00, 0x00, 0x00, 0x00, 0x00, 0x00, 0x00, 0x00, 0x00, 0x00,
  0x00, 0x00, 0x00, 0x00, 0x7f, 0xff, 0x00, 0x02, 0x00, 0x00, 0x00, 0x00, 0x70, 0xad, 0x00, 0x19,
  
};

const lv_image_dsc_t logo_AMD = {
  .header = { .magic = LV_IMAGE_HEADER_MAGIC, .cf = LV_COLOR_FORMAT_ARGB8888, .flags = 0, .w = 48, .h = 48, .stride = 192, .reserved_2 = 0 },
  .data_size = sizeof(logo_AMD_data),
  .data = logo_AMD_data,
  .reserved = nullptr,
};

static const LV_ATTRIBUTE_LARGE_CONST uint8_t logo_ARM_data[] = {
  0x00, 0x00, 0x00, 0x00, 0x00, 0x00, 0x00, 0x00, 0x00, 0x00, 0x00, 0x00, 0x00, 0x00, 0x00, 0x00,
  0x00, 0x00, 0x00, 0x00, 0x00, 0x00, 0x00, 0x00, 0x00, 0x00, 0x00, 0x00, 0x00, 0x00, 0x00, 0x00,
  0x00, 0x00, 0x00, 0x00, 0x00, 0x00, 0x00, 0x00, 0x00, 0x00, 0x00, 0x00, 0x00, 0x00, 0x00, 0x00,
  0x00, 0x00, 0x00, 0x00, 0x00, 0x00, 0x00, 0x00, 0x00, 0x00, 0x00, 0x00, 0x00, 0x00, 0x00, 0x00,
  0x00, 0x00, 0x00, 0x00, 0x00, 0x00, 0x00, 0x00, 0x00, 0x00, 0x00, 0x00, 0x00, 0x00, 0x00, 0x00,
  0x00, 0x00, 0x00, 0x00, 0x00, 0x00, 0x00, 0x00, 0x00, 0x00, 0x00, 0x00, 0x00, 0x00, 0x00, 0x00,
  0x00, 0x00, 0x00, 0x00, 0x00, 0x00, 0x00, 0x00, 0x00, 0x00, 0x00, 0x00, 0x00, 0x00, 0x00, 0x00,
  0x00, 0x00, 0x00, 0x00, 0x00, 0x00, 0x00, 0x00, 0x00, 0x00, 0x00, 0x00, 0x00, 0x00, 0x00, 0x00,
  0x00, 0x00, 0x00, 0x00, 0x00, 0x00, 0x00, 0x00, 0x00, 0x00, 0x00, 0x00, 0x00, 0x00, 0x00, 0x00,
  0x00, 0x00, 0x00, 0x00, 0x00, 0x00, 0x00, 0x00, 0x00, 0x00, 0x00, 0x00, 0x00, 0x00, 0x00, 0x00,
  0x00, 0x00, 0x00, 0x00, 0x00, 0x00, 0x00, 0x00, 0x00, 0x00, 0x00, 0x00, 0x00, 0x00, 0x00, 0x00,
  0x00, 0x00, 0x00, 0x00, 0x00, 0x00, 0x00, 0x00, 0x00, 0x00, 0x00, 0x00, 0x00, 0x00, 0x00, 0x00,
  0x00, 0x00, 0x00, 0x00, 0x00, 0x00, 0x00, 0x00, 0x00, 0x00, 0x00, 0x00, 0x00, 0x00, 0x00, 0x00,
  0x00, 0x00, 0x00, 0x00, 0x00, 0x00, 0x00, 0x00, 0x00, 0x00, 0x00, 0x00, 0x00, 0x00, 0x00, 0x00,
  0x00, 0x00, 0x00, 0x00, 0x00, 0x00, 0x00, 0x00, 0x00, 0x00, 0x00, 0x00, 0x00, 0x00, 0x00, 0x00,
  0x00, 0x00, 0x00, 0x00, 0x00, 0x00, 0x00, 0x01, 0xff, 0xff, 0x00, 0x01, 0x01, 0x01, 0x00, 0x00,
  0x00, 0x00, 0x00, 0x00, 0x19, 0x19, 0x00, 0x0a, 0x61, 0x4b, 0x00, 0x22, 0x85, 0x69, 0x00, 0x41,
  0x9f, 0x7b, 0x00, 0x5b, 0xaf, 0x87, 0x00, 0x6d, 0xb5, 0x8f, 0x00, 0x79, 0xbc, 0x93, 0x00, 0x7e,
  0xbc, 0x93, 0x00, 0x7e, 0xb5, 0x8f, 0x00, 0x79, 0xaf, 0x87, 0x00, 0x6d, 0x9f, 0x7b, 0x00, 0x5b,
  0x85, 0x69, 0x00, 0x41, 0x61, 0x4b, 0x00, 0x22, 0x19, 0x19, 0x00, 0x0a, 0x00, 0x00, 0x00, 0x00,
  0x01, 0x01, 0x00, 0x00, 0xff, 0xff, 0x00, 0x01, 0x00, 0x00, 0x00, 0x01, 0x00, 0x00, 0x00, 0x00,
  0x00, 0x00, 0x00, 0x00, 0x00, 0x00, 0x00, 0x00, 0x00, 0x00, 0x00, 0x00, 0x00, 0x00, 0x00, 0x00,
  0x00, 0x00, 0x00, 0x00, 0x00, 0x00, 0x00, 0x00, 0x00, 0x00, 0x00, 0x00, 0x00, 0x00, 0x00, 0x00,
  0x00, 0x00, 0x00, 0x00, 0x00, 0x00, 0x00, 0x00, 0x00, 0x00, 0x00, 0x00, 0x00, 0x00, 0x00, 0x00,
  0x00, 0x00, 0x00, 0x00, 0x00, 0x00, 0x00, 0x00, 0x00, 0x00, 0x00, 0x00, 0x00, 0x00, 0x00, 0x00,
  0x00, 0x00, 0x00, 0x00, 0x00, 0x00, 0x00, 0x00, 0x00, 0x00, 0x00, 0x00, 0x00, 0x00, 0x00, 0x00,
  0x00, 0x00, 0x00, 0x00, 0x00, 0x00, 0x00, 0x00, 0x00, 0x00, 0x00, 0x00, 0x00, 0x00, 0x00, 0x00,
  0xff, 0xff, 0x00, 0x01, 0x01, 0x01, 0x00, 0x00, 0x00, 0x00, 0x00, 0x00, 0x00, 0x00, 0x00, 0x05,
  0x24, 0x24, 0x00, 0x1c, 0x5e, 0x45, 0x00, 0x46, 0x7b, 0x60, 0x00, 0x7a, 0x94, 0x74, 0x00, 0xb1,
  0xa6, 0x81, 0x00, 0xdf, 0xb1, 0x8a, 0x00, 0xfd, 0xc2, 0x98, 0x00, 0xff, 0xce, 0xa1, 0x00, 0xff,
  0xce, 0xa1, 0x00, 0xff, 0xc2, 0x98, 0x00, 0xff, 0xb1, 0x8a, 0x00, 0xfd, 0xa6, 0x81, 0x00, 0xdf,
  0x94, 0x74, 0x00, 0xb1, 0x7b, 0x60, 0x00, 0x7a, 0x5e, 0x45, 0x00, 0x46, 0x24, 0x24, 0x00, 0x1c,
  0x00, 0x00, 0x00, 0x05, 0x00, 0x00, 0x00, 0x00, 0x01, 0x01, 0x00, 0x00, 0xff, 0xff, 0x00, 0x01,
  0x00, 0x00, 0x00, 0x00, 0x00, 0x00, 0x00, 0x00, 0x00, 0x00, 0x00, 0x00, 0x00, 0x00, 0x00, 0x00,
  0x00, 0x00, 0x00, 0x00, 0x00, 0x00, 0x00, 0x00, 0x00, 0x00, 0x00, 0x00, 0x00, 0x00, 0x00, 0x00,
  0x00, 0x00, 0x00, 0x00, 0x00, 0x00, 0x00, 0x00, 0x00, 0x00, 0x00, 0x00, 0x00, 0x00, 0x00, 0x00,
  0x00, 0x00, 0x00, 0x00, 0x00, 0x00, 0x00, 0x00, 0x00, 0x00, 0x00, 0x00, 0x00, 0x00, 0x00, 0x00,
  0x00, 0x00, 0x00, 0x00, 0x00, 0x00, 0x00, 0x00, 0x00, 0x00, 0x00, 0x00, 0x00, 0x00, 0x00, 0x00,
  0x00, 0x00, 0x00, 0x00, 0x00, 0x00, 0x00, 0x00, 0x00, 0x00, 0x00, 0x01, 0x00, 0x00, 0x00, 0x00,
  0x00, 0x00, 0x00, 0x00, 0x00, 0x00, 0x00, 0x09, 0x5c, 0x4a, 0x00, 0x37, 0x8a, 0x6a, 0x00, 0x7d,
  0xa2, 0x7f, 0x00, 0xb4, 0xb0, 0x8b, 0x00, 0xd7, 0xb5, 0x8e, 0x00, 0xe5, 0xb6, 0x8f, 0x00, 0xec,
  0xb8, 0x90, 0x00, 0xf2, 0xba, 0x91, 0x00, 0xf6, 0xba, 0x91, 0x00, 0xf9, 0xbb, 0x92, 0x00, 0xf9,
  0xbb, 0x92, 0x00, 0xf9, 0xba, 0x91, 0x00, 0xf9, 0xba, 0x91, 0x00, 0xf6, 0xb8, 0x90, 0x00, 0xf2,
  0xb6, 0x8f, 0x00, 0xec, 0xb5, 0x8e, 0x00, 0xe5, 0xb0, 0x8b, 0x00, 0xd7, 0xa2, 0x7f, 0x00, 0xb4,
  0x8a, 0x6a, 0x00, 0x7d, 0x5c, 0x4a, 0x00, 0x37, 0x00, 0x00, 0x00, 0x09, 0x00, 0x00, 0x00, 0x00,
  0x00, 0x00, 0x00, 0x00, 0x00, 0x00, 0x00, 0x01, 0x00, 0x00, 0x00, 0x00, 0x00, 0x00, 0x00, 0x00,
  0x00, 0x00, 0x00, 0x00, 0x00, 0x00, 0x00, 0x00, 0x00, 0x00, 0x00, 0x00, 0x00, 0x00, 0x00, 0x00,
  0x00, 0x00, 0x00, 0x00, 0x00, 0x00, 0x00, 0x00, 0x00, 0x00, 0x00, 0x00, 0x00, 0x00, 0x00, 0x00,
  0x00, 0x00, 0x00, 0x00, 0x00, 0x00, 0x00, 0x00, 0x00, 0x00, 0x00, 0x00, 0x00, 0x00, 0x00, 0x00,
  0x00, 0x00, 0x00, 0x00, 0x00, 0x00, 0x00, 0x00, 0x00, 0x00, 0x00, 0x00, 0x00, 0x00, 0x00, 0x00,
  0x00, 0x00, 0x00, 0x00, 0xff, 0x00, 0x00, 0x01, 0x00, 0x00, 0x00, 0x00, 0x00, 0x00, 0x00, 0x06,
  0x58, 0x45, 0x00, 0x37, 0x8c, 0x6e, 0x00, 0x86, 0xa5, 0x81, 0x00, 0xcb, 0xb6, 0x8e, 0x00, 0xfa,
  0xca, 0x9e, 0x00, 0xff, 0xcb, 0x9e, 0x00, 0xff, 0xc7, 0x9c, 0x00, 0xff, 0xc1, 0x97, 0x00, 0xff,
  0xbf, 0x95, 0x00, 0xff, 0xbd, 0x93, 0x00, 0xff, 0xbb, 0x92, 0x00, 0xff, 0xbb, 0x92, 0x00, 0xff,
  0xbb, 0x92, 0x00, 0xff, 0xbb, 0x92, 0x00, 0xff, 0xbd, 0x93, 0x00, 0xff, 0xbf, 0x95, 0x00, 0xff,
  0xc1, 0x97, 0x00, 0xff, 0xc7, 0x9c, 0x00, 0xff, 0xcb, 0x9e, 0x00, 0xff, 0xca, 0x9e, 0x00, 0xff,
  0xb6, 0x8e, 0x00, 0xfa, 0xa5, 0x81, 0x00, 0xcb, 0x8c, 0x6e, 0x00, 0x86, 0x58, 0x45, 0x00, 0x37,
  0x00, 0x00, 0x00, 0x06, 0x00, 0x00, 0x00, 0x00, 0xff, 0x00, 0x00, 0x01, 0x00, 0x00, 0x00, 0x00,
  0x00, 0x00, 0x00, 0x00, 0x00, 0x00, 0x00, 0x00, 0x00, 0x00, 0x00, 0x00, 0x00, 0x00, 0x00, 0x00,
  0x00, 0x00, 0x00, 0x00, 0x00, 0x00, 0x00, 0x00, 0x00, 0x00, 0x00, 0x00, 0x00, 0x00, 0x00, 0x00,
  0x00, 0x00, 0x00, 0x00, 0x00, 0x00, 0x00, 0x00, 0x00, 0x00, 0x00, 0x00, 0x00, 0x00, 0x00, 0x00,
  0x00, 0x00, 0x00, 0x00, 0x00, 0x00, 0x00, 0x00, 0x00, 0x00, 0x00, 0x00, 0x00, 0x00, 0x00, 0x00,
  0xff, 0xff, 0x00, 0x01, 0x00, 0x00, 0x00, 0x00, 0x26, 0x19, 0x00, 0x14, 0x76, 0x5d, 0x00, 0x5f,
  0xa2, 0x7f, 0x00, 0xc4, 0xbf, 0x95, 0x00, 0xfe, 0xc6, 0x99, 0x00, 0xff, 0xbc, 0x93, 0x00, 0xff,
  0xb8, 0x8f, 0x00, 0xfa, 0xb7, 0x8e, 0x00, 0xf8, 0xb8, 0x8f, 0x00, 0xfa, 0xb9, 0x90, 0x00, 0xfc,
  0xba, 0x91, 0x00, 0xfd, 0xbb, 0x92, 0x00, 0xff, 0xbb, 0x92, 0x00, 0xff, 0xbb, 0x92, 0x00, 0xff,
  0xbb, 0x92, 0x00, 0xff, 0xbb, 0x92, 0x00, 0xff, 0xbb, 0x92, 0x00, 0xff, 0xba, 0x91, 0x00, 0xfd,
  0xb9, 0x90, 0x00, 0xfc, 0xb8, 0x8f, 0x00, 0xfa, 0xb7, 0x8e, 0x00, 0xf8, 0xb8, 0x8f, 0x00, 0xfa,
  0xbc, 0x93, 0x00, 0xff, 0xc6, 0x99, 0x00, 0xff, 0xbf, 0x95, 0x00, 0xfe, 0xa2, 0x7f, 0x00, 0xc4,
  0x76, 0x5d, 0x00, 0x5f, 0x26, 0x19, 0x00, 0x14, 0x00, 0x00, 0x00, 0x00, 0xff, 0xff, 0x00, 0x01,
  0x00, 0x00, 0x00, 0x00, 0x00, 0x00, 0x00, 0x00, 0x00, 0x00, 0x00, 0x00, 0x00, 0x00, 0x00, 0x00,
  0x00, 0x00, 0x00, 0x00, 0x00, 0x00, 0x00, 0x00, 0x00, 0x00, 0x00, 0x00, 0x00, 0x00, 0x00, 0x00,
  0x00, 0x00, 0x00, 0x00, 0x00, 0x00, 0x00, 0x00, 0x00, 0x00, 0x00, 0x00, 0x00, 0x00, 0x00, 0x00,
  0x00, 0x00, 0x00, 0x00, 0x00, 0x00, 0x00, 0x00, 0x00, 0x00, 0x00, 0x00, 0x00, 0x00, 0x00, 0x01,
  0x00, 0x00, 0x00, 0x00, 0x36, 0x26, 0x00, 0x21, 0x8f, 0x70, 0x00, 0x93, 0xb6, 0x8e, 0x00, 0xef,
  0xc0, 0x96, 0x00, 0xff, 0xbc, 0x92, 0x00, 0xfc, 0xbb, 0x91, 0x00, 0xfa, 0xba, 0x92, 0x00, 0xfd,
  0xba, 0x91, 0x00, 0xfe, 0xba, 0x91, 0x00, 0xfe, 0xbb, 0x92, 0x00, 0xfe, 0xbb, 0x92, 0x00, 0xff,
  0xbb, 0x92, 0x00, 0xff, 0xbb, 0x92, 0x00, 0xff, 0xbb, 0x92, 0x00, 0xff, 0xbb, 0x92, 0x00, 0xff,
  0xbb, 0x92, 0x00, 0xff, 0xbb, 0x92, 0x00, 0xff, 0xbb, 0x92, 0x00, 0xff, 0xbb, 0x92, 0x00, 0xff,
  0xbb, 0x92, 0x00, 0xff, 0xbb, 0x92, 0x00, 0xfe, 0xba, 0x91, 0x00, 0xfe, 0xba, 0x91, 0x00, 0xfe,
  0xba, 0x92, 0x00, 0xfd, 0xbb, 0x91, 0x00, 0xfa, 0xbc, 0x92, 0x00, 0xfc, 0xc0, 0x96, 0x00, 0xff,
  0xb6, 0x8e, 0x00, 0xef, 0x8f, 0x70, 0x00, 0x93, 0x36, 0x26, 0x00, 0x21, 0x00, 0x00, 0x00, 0x00,
  0x00, 0x00, 0x00, 0x01, 0x00, 0x00, 0x00, 0x00, 0x00, 0x00, 0x00, 0x00, 0x00, 0x00, 0x00, 0x00,
  0x00, 0x00, 0x00, 0x00, 0x00, 0x00, 0x00, 0x00, 0x00, 0x00, 0x00, 0x00, 0x00, 0x00, 0x00, 0x00,
  0x00, 0x00, 0x00, 0x00, 0x00, 0x00, 0x00, 0x00, 0x00, 0x00, 0x00, 0x00, 0x00, 0x00, 0x00, 0x00,
  0x00, 0x00, 0x00, 0x00, 0x00, 0x00, 0x00, 0x00, 0x00, 0x00, 0x00, 0x01, 0x00, 0x00, 0x00, 0x00,
  0x56, 0x47, 0x00, 0x32, 0x9c, 0x7a, 0x00, 0xad, 0xb8, 0x8f, 0x00, 0xf8, 0xc1, 0x96, 0x00, 0xff,
  0xbd, 0x93, 0x00, 0xfc, 0xb9, 0x90, 0x00, 0xfc, 0xb8, 0x90, 0x00, 0xfb, 0xba, 0x91, 0x00, 0xfd,
  0xbb, 0x92, 0x00, 0xff, 0xbb, 0x92, 0x00, 0xff, 0xbb, 0x92, 0x00, 0xff, 0xbb, 0x92, 0x00, 0xff,
  0xbb, 0x92, 0x00, 0xff, 0xbb, 0x92, 0x00, 0xff, 0xbb, 0x92, 0x00, 0xff, 0xbb, 0x92, 0x00, 0xff,
  0xbb, 0x92, 0x00, 0xff, 0xbb, 0x92, 0x00, 0xff, 0xbb, 0x92, 0x00, 0xff, 0xbb, 0x92, 0x00, 0xff,
  0xbb, 0x92, 0x00, 0xff, 0xbb, 0x92, 0x00, 0xff, 0xbb, 0x92, 0x00, 0xff, 0xbb, 0x92, 0x00, 0xff,
  0xba, 0x91, 0x00, 0xfd, 0xb8, 0x90, 0x00, 0xfb, 0xb9, 0x90, 0x00, 0xfc, 0xbd, 0x93, 0x00, 0xfc,
  0xc1, 0x96, 0x00, 0xff, 0xb8, 0x8f, 0x00, 0xf8, 0x9c, 0x7a, 0x00, 0xad, 0x56, 0x47, 0x00, 0x32,
  0x00, 0x00, 0x00, 0x00, 0x00, 0x00, 0x00, 0x01, 0x00, 0x00, 0x00, 0x00, 0x00, 0x00, 0x00, 0x00,
  0x00, 0x00, 0x00, 0x00, 0x00, 0x00, 0x00, 0x00, 0x00, 0x00, 0x00, 0x00, 0x00, 0x00, 0x00, 0x00,
  0x00, 0x00, 0x00, 0x00, 0x00, 0x00, 0x00, 0x00, 0x00, 0x00, 0x00, 0x00, 0x00, 0x00, 0x00, 0x00,
  0x00, 0x00, 0x00, 0x00, 0xff, 0xff, 0x00, 0x01, 0x00, 0x00, 0x00, 0x00, 0x56, 0x42, 0x00, 0x32,
  0x9d, 0x79, 0x00, 0xb4, 0xc2, 0x98, 0x00, 0xff, 0xbe, 0x94, 0x00, 0xff, 0xb7, 0x8e, 0x00, 0xfa,
  0xb8, 0x90, 0x00, 0xfb, 0xbb, 0x92, 0x00, 0xff, 0xbc, 0x93, 0x00, 0xff, 0xbb, 0x92, 0x00, 0xff,
  0xbb, 0x92, 0x00, 0xff, 0xbb, 0x92, 0x00, 0xff, 0xbb, 0x92, 0x00, 0xff, 0xbb, 0x92, 0x00, 0xff,
  0xbb, 0x92, 0x00, 0xff, 0xbb, 0x92, 0x00, 0xff, 0xbb, 0x92, 0x00, 0xff, 0xbb, 0x92, 0x00, 0xff,
  0xbb, 0x92, 0x00, 0xff, 0xbb, 0x92, 0x00, 0xff, 0xbb, 0x92, 0x00, 0xff, 0xbb, 0x92, 0x00, 0xff,
  0xbb, 0x92, 0x00, 0xff, 0xbb, 0x92, 0x00, 0xff, 0xbb, 0x92, 0x00, 0xff, 0xbb, 0x92, 0x00, 0xff,
  0xbb, 0x92, 0x00, 0xff, 0xbc, 0x93, 0x00, 0xff, 0xbb, 0x92, 0x00, 0xff, 0xb8, 0x90, 0x00, 0xfb,
  0xb7, 0x8e, 0x00, 0xfa, 0xbe, 0x94, 0x00, 0xff, 0xc2, 0x98, 0x00, 0xff, 0x9d, 0x79, 0x00, 0xb4,
  0x56, 0x42, 0x00, 0x32, 0x00, 0x00, 0x00, 0x00, 0xff, 0xff, 0x00, 0x01, 0x00, 0x00, 0x00, 0x00,
  0x00, 0x00, 0x00, 0x00, 0x00, 0x00, 0x00, 0x00, 0x00, 0x00, 0x00, 0x00, 0x00, 0x00, 0x00, 0x00,
  0x00, 0x00, 0x00, 0x00, 0x00, 0x00, 0x00, 0x00, 0x00, 0x00, 0x00, 0x00, 0x00, 0x00, 0x00, 0x00,
  0x00, 0x00, 0x00, 0x01, 0x00, 0x00, 0x00, 0x00, 0x36, 0x2e, 0x00, 0x21, 0x9e, 0x7b, 0x00, 0xae,
  0xc3, 0x97, 0x00, 0xff, 0xbb, 0x90, 0x00, 0xf8, 0xb8, 0x90, 0x00, 0xfa, 0xba, 0x92, 0x00, 0xfe,
  0xbb, 0x92, 0x00, 0xff, 0xbb, 0x92, 0x00, 0xff, 0xbb, 0x92, 0x00, 0xff, 0xbb, 0x92, 0x00, 0xff,
  0xbb, 0x92, 0x00, 0xff, 0xbb, 0x92, 0x00, 0xff, 0xbb, 0x92, 0x00, 0xff, 0xbb, 0x92, 0x00, 0xff,
  0xbb, 0x92, 0x00, 0xff, 0xbb, 0x92, 0x00, 0xff, 0xbb, 0x92, 0x00, 0xff, 0xbb, 0x92, 0x00, 0xff,
  0xbb, 0x92, 0x00, 0xff, 0xbb, 0x92, 0x00, 0xff, 0xbb, 0x92, 0x00, 0xff, 0xbb, 0x92, 0x00, 0xff,
  0xbb, 0x92, 0x00, 0xff, 0xbb, 0x92, 0x00, 0xff, 0xbb, 0x92, 0x00, 0xff, 0xbb, 0x92, 0x00, 0xff,
  0xbb, 0x92, 0x00, 0xff, 0xbb, 0x92, 0x00, 0xff, 0xbb, 0x92, 0x00, 0xff, 0xbb, 0x92, 0x00, 0xff,
  0xba, 0x92, 0x00, 0xfe, 0xb8, 0x90, 0x00, 0xfa, 0xbb, 0x90, 0x00, 0xf8, 0xc3, 0x97, 0x00, 0xff,
  0x9e, 0x7b, 0x00, 0xae, 0x36, 0x2e, 0x00, 0x21, 0x00, 0x00, 0x00, 0x00, 0x00, 0x00, 0x00, 0x01,
  0x00, 0x00, 0x00, 0x00, 0x00, 0x00, 0x00, 0x00, 0x00, 0x00, 0x00, 0x00, 0x00, 0x00, 0x00, 0x00,
  0x00, 0x00, 0x00, 0x00, 0x00, 0x00, 0x00, 0x00, 0x00, 0x00, 0x00, 0x00, 0x00, 0x00, 0x00, 0x01,
  0x01, 0x00, 0x00, 0x00, 0x26, 0x26, 0x00, 0x14, 0x8f, 0x6f, 0x00, 0x92, 0xb7, 0x8f, 0x00, 0xf9,
  0xc2, 0x96, 0x00, 0xfb, 0xb8, 0x90, 0x00, 0xfb, 0xb9, 0x91, 0x00, 0xfd, 0xbb, 0x92, 0x00, 0xff,
  0xbb, 0x92, 0x00, 0xff, 0xbb, 0x92, 0x00, 0xff, 0xbb, 0x92, 0x00, 0xff, 0xbb, 0x92, 0x00, 0xff,
  0xbb, 0x92, 0x00, 0xff, 0xbb, 0x92, 0x00, 0xff, 0xbb, 0x92, 0x00, 0xff, 0xbb, 0x92, 0x00, 0xff,
  0xbb, 0x92, 0x00, 0xff, 0xbb, 0x92, 0x00, 0xff, 0xbb, 0x92, 0x00, 0xff, 0xbb, 0x92, 0x00, 0xff,
  0xbb, 0x92, 0x00, 0xff, 0xbb, 0x92, 0x00, 0xff, 0xbb, 0x92, 0x00, 0xff, 0xbb, 0x92, 0x00, 0xff,
  0xbb, 0x92, 0x00, 0xff, 0xbb, 0x92, 0x00, 0xff, 0xbb, 0x92, 0x00, 0xff, 0xbb, 0x92, 0x00, 0xff,
  0xbb, 0x92, 0x00, 0xff, 0xbb, 0x92, 0x00, 0xff, 0xbb, 0x92, 0x00, 0xff, 0xbb, 0x92, 0x00, 0xff,
  0xbb, 0x92, 0x00, 0xff, 0xb9, 0x91, 0x00, 0xfd, 0xb8, 0x90, 0x00, 0xfb, 0xc2, 0x96, 0x00, 0xfb,
  0xb7, 0x8f, 0x00, 0xf9, 0x8f, 0x6f, 0x00, 0x92, 0x26, 0x26, 0x00, 0x14, 0x01, 0x00, 0x00, 0x00,
  0x00, 0x00, 0x00, 0x01, 0x00, 0x00, 0x00, 0x00, 0x00, 0x00, 0x00, 0x00, 0x00, 0x00, 0x00, 0x00,
  0x00, 0x00, 0x00, 0x00, 0x00, 0x00, 0x00, 0x00, 0x00, 0x00, 0x00, 0x01, 0x00, 0x00, 0x00, 0x01,
  0x00, 0x00, 0x00, 0x06, 0x76, 0x5d, 0x00, 0x5f, 0xb5, 0x8c, 0x00, 0xee, 0xc1, 0x97, 0x00, 0xff,
  0xb7, 0x8f, 0x00, 0xf9, 0xbb, 0x91, 0x00, 0xfe, 0xbb, 0x92, 0x00, 0xff, 0xbb, 0x92, 0x00, 0xff,
  0xbb, 0x92, 0x00, 0xff, 0xbb, 0x92, 0x00, 0xff, 0xbb, 0x92, 0x00, 0xff, 0xbb, 0x92, 0x00, 0xff,
  0xbb, 0x92, 0x00, 0xff, 0xbb, 0x92, 0x00, 0xff, 0xbb, 0x92, 0x00, 0xff, 0xbb, 0x92, 0x00, 0xff,
  0xbb, 0x92, 0x00, 0xff, 0xbb, 0x92, 0x00, 0xff, 0xbb, 0x92, 0x00, 0xff, 0xbb, 0x92, 0x00, 0xff,
  0xbb, 0x92, 0x00, 0xff, 0xbb, 0x92, 0x00, 0xff, 0xbb, 0x92, 0x00, 0xff, 0xbb, 0x92, 0x00, 0xff,
  0xbb, 0x92, 0x00, 0xff, 0xbb, 0x92, 0x00, 0xff, 0xbb, 0x92, 0x00, 0xff, 0xbb, 0x92, 0x00, 0xff,
  0xbb, 0x92, 0x00, 0xff, 0xbb, 0x92, 0x00, 0xff, 0xbb, 0x92, 0x00, 0xff, 0xbb, 0x92, 0x00, 0xff,
  0xbb, 0x92, 0x00, 0xff, 0xbb, 0x92, 0x00, 0xff, 0xbb, 0x91, 0x00, 0xfe, 0xb7, 0x8f, 0x00, 0xf9,
  0xc1, 0x97, 0x00, 0xff, 0xb5, 0x8c, 0x00, 0xee, 0x76, 0x5d, 0x00, 0x5f, 0x00, 0x00, 0x00, 0x06,
  0x00, 0x00, 0x00, 0x01, 0x00, 0x00, 0x00, 0x01, 0x00, 0x00, 0x00, 0x00, 0x00, 0x00, 0x00, 0x00,
  0x00, 0x00, 0x00, 0x00, 0x00, 0x00, 0x00, 0x00, 0xff, 0xff, 0x00, 0x01, 0x00, 0x00, 0x00, 0x00,
  0x5c, 0x4a, 0x00, 0x37, 0xa3, 0x7e, 0x00, 0xc3, 0xc0, 0x95, 0x00, 0xff, 0xbc, 0x93, 0x00, 0xfa,
  0xb9, 0x91, 0x00, 0xfc, 0xbb, 0x92, 0x00, 0xff, 0xbb, 0x92, 0x00, 0xff, 0xbb, 0x92, 0x00, 0xff,
  0xbb, 0x92, 0x00, 0xff, 0xbb, 0x92, 0x00, 0xff, 0xbb, 0x92, 0x00, 0xff, 0xbb, 0x92, 0x00, 0xff,
  0xbb, 0x92, 0x00, 0xff, 0xbb, 0x92, 0x00, 0xff, 0xbb, 0x92, 0x00, 0xff, 0xbb, 0x92, 0x00, 0xff,
  0xbb, 0x92, 0x00, 0xff, 0xbb, 0x92, 0x00, 0xff, 0xbb, 0x92, 0x00, 0xff, 0xbb, 0x92, 0x00, 0xff,
  0xbb, 0x92, 0x00, 0xff, 0xbb, 0x92, 0x00, 0xff, 0xbb, 0x92, 0x00, 0xff, 0xbb, 0x92, 0x00, 0xff,
  0xbb, 0x92, 0x00, 0xff, 0xbb, 0x92, 0x00, 0xff, 0xbb, 0x92, 0x00, 0xff, 0xbb, 0x92, 0x00, 0xff,
  0xbb, 0x92, 0x00, 0xff, 0xbb, 0x92, 0x00, 0xff, 0xbb, 0x92, 0x00, 0xff, 0xbb, 0x92, 0x00, 0xff,
  0xbb, 0x92, 0x00, 0xff, 0xbb, 0x92, 0x00, 0xff, 0xbb, 0x92, 0x00, 0xff, 0xb9, 0x91, 0x00, 0xfc,
  0xbc, 0x93, 0x00, 0xfa, 0xc0, 0x95, 0x00, 0xff, 0xa3, 0x7e, 0x00, 0xc3, 0x5c, 0x4a, 0x00, 0x37,
  0x00, 0x00, 0x00, 0x00, 0xff, 0xff, 0x00, 0x01, 0x00, 0x00, 0x00, 0x00, 0x00, 0x00, 0x00, 0x00,
  0x00, 0x00, 0x00, 0x00, 0x00, 0x00, 0x00, 0x01, 0xff, 0xff, 0x00, 0x01, 0x00, 0x00, 0x00, 0x08,
  0x8d, 0x6f, 0x00, 0x87, 0xbe, 0x93, 0x00, 0xfd, 0xbc, 0x92, 0x00, 0xfb, 0xb9, 0x91, 0x00, 0xfb,
  0xbc, 0x93, 0x01, 0xff, 0xbb, 0x92, 0x00, 0xff, 0xbb, 0x92, 0x00, 0xff, 0xbb, 0x92, 0x00, 0xff,
  0xbb, 0x92, 0x00, 0xff, 0xbb, 0x92, 0x00, 0xff, 0xbb, 0x92, 0x00, 0xff, 0xbb, 0x92, 0x00, 0xff,
  0xbb, 0x92, 0x00, 0xff, 0xbb, 0x92, 0x00, 0xff, 0xbb, 0x92, 0x00, 0xff, 0xbb, 0x92, 0x00, 0xff,
  0xbb, 0x92, 0x00, 0xff, 0xbb, 0x92, 0x00, 0xff, 0xbb, 0x92, 0x00, 0xff, 0xbb, 0x92, 0x00, 0xff,
  0xbb, 0x92, 0x00, 0xff, 0xbb, 0x92, 0x00, 0xff, 0xbb, 0x92, 0x00, 0xff, 0xbb, 0x92, 0x00, 0xff,
  0xbb, 0x92, 0x00, 0xff, 0xbb, 0x92, 0x00, 0xff, 0xbb, 0x92, 0x00, 0xff, 0xbb, 0x92, 0x00, 0xff,
  0xbb, 0x92, 0x01, 0xff, 0xbb, 0x92, 0x00, 0xff, 0xbb, 0x92, 0x00, 0xff, 0xbb, 0x92, 0x00, 0xff,
  0xbb, 0x92, 0x00, 0xff, 0xbb, 0x92, 0x00, 0xff, 0xbb, 0x92, 0x01, 0xff, 0xbc, 0x93, 0x00, 0xff,
  0xb9, 0x91, 0x00, 0xfb, 0xbc, 0x92, 0x00, 0xfb, 0xbe, 0x93, 0x00, 0xfd, 0x8d, 0x6f, 0x00, 0x87,
  0x00, 0x00, 0x00, 0x08, 0xff, 0xff, 0x00, 0x01, 0x00, 0x00, 0x00, 0x01, 0x00, 0x00, 0x00, 0x00,
  0x00, 0x00, 0x00, 0x00, 0xff, 0xff, 0x00, 0x01, 0x00, 0x00, 0x00, 0x00, 0x5b, 0x48, 0x00, 0x38,
  0xa6, 0x81, 0x00, 0xcf, 0xc6, 0x9a, 0x00, 0xff, 0xba, 0x91, 0x00, 0xfb, 0xba, 0x91, 0x00, 0xfc,
  0xbc, 0x93, 0x01, 0xff, 0xbc, 0x93, 0x02, 0xff, 0xbc, 0x93, 0x02, 0xff, 0xbb, 0x92, 0x01, 0xff,
  0xbb, 0x92, 0x00, 0xff, 0xbb, 0x92, 0x00, 0xff, 0xbb, 0x93, 0x01, 0xff, 0xbb, 0x92, 0x01, 0xff,
  0xbb, 0x92, 0x00, 0xff, 0xbb, 0x92, 0x00, 0xff, 0xbb, 0x92, 0x00, 0xff, 0xbb, 0x93, 0x01, 0xff,
  0xbb, 0x93, 0x01, 0xff, 0xbb, 0x92, 0x00, 0xff, 0xbb, 0x92, 0x00, 0xff, 0xbc, 0x93, 0x02, 0xff,
  0xbc, 0x93, 0x02, 0xff, 0xbb, 0x93, 0x02, 0xff, 0xbb, 0x92, 0x00, 0xff, 0xbb, 0x92, 0x00, 0xff,
  0xbb, 0x92, 0x01, 0xff, 0xbb, 0x93, 0x01, 0xff, 0xbb, 0x92, 0x00, 0xff, 0xbb, 0x92, 0x00, 0xff,
  0xbc, 0x93, 0x01, 0xff, 0xbc, 0x93, 0x02, 0xff, 0xbb, 0x93, 0x02, 0xff, 0xbb, 0x92, 0x00, 0xff,
  0xbb, 0x92, 0x00, 0xff, 0xbb, 0x92, 0x00, 0xff, 0xbb, 0x93, 0x01, 0xff, 0xbd, 0x93, 0x02, 0xff,
  0xba, 0x91, 0x02, 0xfc, 0xba, 0x91, 0x01, 0xfb, 0xc6, 0x9a, 0x00, 0xff, 0xa6, 0x81, 0x00, 0xcf,
  0x5b, 0x48, 0x00, 0x38, 0x00, 0x00, 0x00, 0x00, 0xff, 0xff, 0x00, 0x01, 0x00, 0x00, 0x00, 0x00,
  0x00, 0x00, 0x00, 0x00, 0x01, 0x01, 0x00, 0x00, 0x00, 0x00, 0x00, 0x05, 0x87, 0x6c, 0x00, 0x7c,
  0xb8, 0x8f, 0x00, 0xf7, 0xbd, 0x94, 0x01, 0xfc, 0xbb, 0x93, 0x02, 0xfe, 0xba, 0x92, 0x02, 0xfd,
  0xba, 0x91, 0x01, 0xff, 0xb9, 0x90, 0x00, 0xff, 0xb9, 0x8f, 0x00, 0xff, 0xbb, 0x92, 0x01, 0xff,
  0xbc, 0x93, 0x03, 0xff, 0xbb, 0x93, 0x01, 0xff, 0xba, 0x91, 0x01, 0xff, 0xba, 0x91, 0x01, 0xff,
  0xbb, 0x92, 0x01, 0xff, 0xbb, 0x92, 0x00, 0xff, 0xbb, 0x92, 0x00, 0xff, 0xba, 0x91, 0x02, 0xff,
  0xba, 0x92, 0x01, 0xff, 0xbb, 0x93, 0x02, 0xff, 0xbb, 0x92, 0x02, 0xff, 0xba, 0x90, 0x01, 0xff,
  0xb9, 0x90, 0x00, 0xff, 0xba, 0x91, 0x01, 0xff, 0xba, 0x91, 0x00, 0xff, 0xbb, 0x92, 0x00, 0xff,
  0xbb, 0x92, 0x01, 0xff, 0xba, 0x92, 0x01, 0xff, 0xbb, 0x93, 0x02, 0xff, 0xbc, 0x93, 0x03, 0xff,
  0xba, 0x91, 0x01, 0xff, 0xb9, 0x90, 0x00, 0xff, 0xba, 0x90, 0x01, 0xff, 0xbb, 0x93, 0x02, 0xff,
  0xbc, 0x94, 0x02, 0xff, 0xbc, 0x94, 0x03, 0xff, 0xba, 0x91, 0x01, 0xff, 0xb9, 0x90, 0x00, 0xff,
  0xb8, 0x90, 0x01, 0xfd, 0xb9, 0x91, 0x02, 0xfe, 0xbe, 0x94, 0x02, 0xfc, 0xb8, 0x91, 0x00, 0xf7,
  0x89, 0x6c, 0x00, 0x7c, 0x00, 0x00, 0x00, 0x05, 0x01, 0x01, 0x00, 0x00, 0x00, 0x00, 0x00, 0x00,
  0x00, 0x00, 0x00, 0x00, 0x00, 0x00, 0x00, 0x00, 0x25, 0x25, 0x00, 0x1b, 0xa3, 0x7e, 0x00, 0xb3,
  0xca, 0x9e, 0x01, 0xff, 0xb7, 0x8f, 0x01, 0xfb, 0xb9, 0x8f, 0x01, 0xfe, 0xb8, 0x8f, 0x00, 0xff,
  0xb9, 0x91, 0x00, 0xff, 0xbb, 0x92, 0x01, 0xff, 0xbb, 0x91, 0x01, 0xff, 0xba, 0x90, 0x00, 0xff,
  0xba, 0x90, 0x02, 0xff, 0xba, 0x91, 0x00, 0xff, 0xb9, 0x90, 0x00, 0xff, 0xb9, 0x90, 0x00, 0xff,
  0xbb, 0x91, 0x01, 0xff, 0xbb, 0x92, 0x00, 0xff, 0xbb, 0x91, 0x00, 0xff, 0xb9, 0x8f, 0x00, 0xff,
  0xb9, 0x90, 0x00, 0xff, 0xb9, 0x90, 0x00, 0xff, 0xb9, 0x90, 0x00, 0xff, 0xba, 0x91, 0x00, 0xff,
  0xbb, 0x92, 0x01, 0xff, 0xba, 0x91, 0x00, 0xff, 0xba, 0x91, 0x00, 0xff, 0xbb, 0x92, 0x00, 0xff,
  0xba, 0x91, 0x00, 0xff, 0xb9, 0x8f, 0x00, 0xff, 0xb9, 0x90, 0x00, 0xff, 0xba, 0x90, 0x01, 0xff,
  0xba, 0x90, 0x00, 0xff, 0xbb, 0x91, 0x01, 0xff, 0xba, 0x91, 0x00, 0xff, 0xba, 0x91, 0x00, 0xff,
  0xba, 0x8f, 0x01, 0xff, 0xba, 0x90, 0x01, 0xff, 0xb9, 0x90, 0x00, 0xff, 0xba, 0x91, 0x00, 0xff,
  0xb9, 0x8f, 0x00, 0xff, 0xb9, 0x8e, 0x00, 0xfe, 0xb7, 0x8e, 0x01, 0xfb, 0xca, 0x9d, 0x00, 0xff,
  0xa3, 0x7e, 0x01, 0xb3, 0x25, 0x25, 0x00, 0x1b, 0x00, 0x00, 0x00, 0x00, 0x00, 0x00, 0x00, 0x00,
  0x00, 0x00, 0x00, 0x00, 0x19, 0x19, 0x00, 0x0a, 0x5e, 0x45, 0x00, 0x46, 0xb2, 0x8b, 0x00, 0xd6,
  0xcb, 0x9f, 0x02, 0xff, 0xb5, 0x8e, 0x01, 0xf8, 0xb9, 0x8f, 0x00, 0xfe, 0xbe, 0x97, 0x09, 0xff,
  0xc5, 0xa3, 0x21, 0xff, 0xca, 0xab, 0x3a, 0xff, 0xca, 0xab, 0x38, 0xff, 0xc1, 0x9d, 0x15, 0xff,
  0xbd, 0x94, 0x00, 0xff, 0xc0, 0x99, 0x0c, 0xff, 0xc2, 0x9d, 0x17, 0xff, 0xbf, 0x99, 0x0d, 0xff,
  0xbc, 0x92, 0x00, 0xff, 0xbb, 0x92, 0x00, 0xff, 0xbc, 0x94, 0x02, 0xff, 0xc0, 0x99, 0x0e, 0xff,
  0xc2, 0x9b, 0x14, 0xff, 0xbe, 0x95, 0x07, 0xff, 0xc0, 0x9a, 0x0f, 0xff, 0xc7, 0xa7, 0x2d, 0xff,
  0xca, 0xaa, 0x38, 0xff, 0xc6, 0xa4, 0x25, 0xff, 0xc0, 0x98, 0x0a, 0xff, 0xbd, 0x94, 0x00, 0xff,
  0xc0, 0x99, 0x0c, 0xff, 0xc2, 0x9c, 0x12, 0xff, 0xbf, 0x97, 0x08, 0xff, 0xbe, 0x96, 0x06, 0xff,
  0xc5, 0xa2, 0x21, 0xff, 0xca, 0xac, 0x3a, 0xff, 0xc7, 0xa6, 0x2a, 0xff, 0xbe, 0x98, 0x09, 0xff,
  0xb8, 0x8d, 0x00, 0xff, 0xbb, 0x92, 0x03, 0xff, 0xc5, 0xa1, 0x1f, 0xff, 0xc9, 0xab, 0x38, 0xff,
  0xc8, 0xa8, 0x2f, 0xff, 0xc1, 0x9b, 0x13, 0xfe, 0xb7, 0x8e, 0x01, 0xf8, 0xca, 0x9d, 0x00, 0xff,
  0xb2, 0x8a, 0x01, 0xd6, 0x5e, 0x45, 0x00, 0x46, 0x19, 0x19, 0x00, 0x0a, 0x00, 0x00, 0x00, 0x00,
  0x00, 0x00, 0x00, 0x00, 0x5c, 0x45, 0x00, 0x21, 0x7d, 0x60, 0x00, 0x7a, 0xb6, 0x8e, 0x02, 0xe5,
  0xc4, 0x97, 0x00, 0xff, 0xbb, 0x92, 0x06, 0xfa, 0xcb, 0xad, 0x3e, 0xfe, 0xe0, 0xcb, 0x83, 0xff,
  0xec, 0xe0, 0xb4, 0xff, 0xf2, 0xe9, 0xcc, 0xff, 0xf1, 0xe8, 0xca, 0xff, 0xe3, 0xd2, 0x93, 0xff,
  0xd8, 0xc2, 0x68, 0xff, 0xde, 0xca, 0x7c, 0xff, 0xe6, 0xd7, 0x9d, 0xff, 0xd9, 0xc0, 0x66, 0xff,
  0xc0, 0x98, 0x0e, 0xff, 0xb9, 0x8f, 0x00, 0xff, 0xc7, 0xa6, 0x2c, 0xff, 0xdd, 0xc9, 0x7b, 0xff,
  0xe6, 0xd8, 0xa0, 0xff, 0xde, 0xca, 0x7f, 0xff, 0xdf, 0xcc, 0x82, 0xff, 0xed, 0xe1, 0xba, 0xff,
  0xf0, 0xe6, 0xc6, 0xff, 0xe5, 0xd4, 0x99, 0xff, 0xcb, 0xab, 0x37, 0xff, 0xc1, 0x9c, 0x11, 0xff,
  0xd8, 0xc1, 0x66, 0xff, 0xe7, 0xd8, 0x9e, 0xff, 0xdf, 0xcc, 0x80, 0xff, 0xe0, 0xcc, 0x80, 0xff,
  0xea, 0xdd, 0xad, 0xff, 0xf0, 0xe9, 0xc8, 0xff, 0xeb, 0xdf, 0xb2, 0xff, 0xd9, 0xc2, 0x6c, 0xff,
  0xcd, 0xae, 0x41, 0xff, 0xd5, 0xbd, 0x61, 0xff, 0xe9, 0xdc, 0xaa, 0xff, 0xf1, 0xe8, 0xca, 0xff,
  0xef, 0xe5, 0xbe, 0xff, 0xe5, 0xd3, 0x95, 0xfe, 0xca, 0xad, 0x3f, 0xfa, 0xc8, 0x9d, 0x08, 0xff,
  0xb5, 0x8e, 0x00, 0xe5, 0x7b, 0x60, 0x00, 0x7a, 0x5c, 0x45, 0x00, 0x21, 0x00, 0x00, 0x00, 0x00,
  0x00, 0x00, 0x00, 0x00, 0x83, 0x67, 0x00, 0x40, 0x93, 0x73, 0x01, 0xaf, 0xb6, 0x8d, 0x03, 0xec,
  0xc3, 0x9a, 0x08, 0xff, 0xca, 0xad, 0x3f, 0xfd, 0xeb, 0xdd, 0xb0, 0xff, 0xfd, 0xfb, 0xf7, 0xff,
  0xff, 0xff, 0xff, 0xff, 0xfd, 0xfc, 0xf8, 0xff, 0xfc, 0xf8, 0xf1, 0xff, 0xf9, 0xf7, 0xeb, 0xff,
  0xf6, 0xf3, 0xe2, 0xff, 0xf9, 0xf7, 0xeb, 0xff, 0xff, 0xff, 0xff, 0xff, 0xeb, 0xde, 0xae, 0xff,
  0xc3, 0x9e, 0x1d, 0xff, 0xb7, 0x8d, 0x00, 0xff, 0xd0, 0xb4, 0x51, 0xff, 0xf3, 0xeb, 0xd2, 0xff,
  0xff, 0xff, 0xff, 0xff, 0xfb, 0xfa, 0xf3, 0xff, 0xf8, 0xf5, 0xe7, 0xff, 0xff, 0xfe, 0xff, 0xff,
  0xff, 0xff, 0xff, 0xff, 0xef, 0xe4, 0xc1, 0xff, 0xce, 0xae, 0x3e, 0xff, 0xc5, 0xa3, 0x21, 0xff,
  0xec, 0xe0, 0xb3, 0xff, 0xff, 0xff, 0xff, 0xff, 0xfb, 0xf9, 0xf2, 0xff, 0xfa, 0xf7, 0xec, 0xff,
  0xfc, 0xfa, 0xf0, 0xff, 0xff, 0xff, 0xff, 0xff, 0xff, 0xff, 0xff, 0xff, 0xf6, 0xf0, 0xdb, 0xff,
  0xed, 0xe3, 0xbc, 0xff, 0xf3, 0xed, 0xd5, 0xff, 0xfc, 0xfa, 0xf3, 0xff, 0xfe, 0xfe, 0xfa, 0xff,
  0xff, 0xff, 0xff, 0xff, 0xfe, 0xfe, 0xfd, 0xff, 0xe5, 0xd9, 0xaa, 0xfd, 0xd2, 0xb2, 0x37, 0xff,
  0xb6, 0x8e, 0x01, 0xec, 0x93, 0x71, 0x01, 0xaf, 0x87, 0x67, 0x07, 0x40, 0x00, 0x00, 0x00, 0x00,
  0x00, 0x00, 0x00, 0x00, 0xa0, 0x7f, 0x02, 0x5c, 0xa4, 0x81, 0x01, 0xdf, 0xb6, 0x8d, 0x01, 0xf3,
  0xcc, 0xab, 0x33, 0xff, 0xe5, 0xd8, 0xa3, 0xfd, 0xfd, 0xfe, 0xfc, 0xff, 0xfd, 0xfb, 0xf4, 0xff,
  0xed, 0xe2, 0xb9, 0xff, 0xdd, 0xc9, 0x7e, 0xff, 0xdb, 0xc4, 0x73, 0xff, 0xe8, 0xda, 0xa6, 0xff,
  0xf8, 0xf5, 0xe3, 0xff, 0xfe, 0xfe, 0xfc, 0xff, 0xff, 0xff, 0xff, 0xff, 0xe9, 0xdc, 0xab, 0xff,
  0xc3, 0x9f, 0x1d, 0xff, 0xb7, 0x8d, 0x00, 0xff, 0xd1, 0xb3, 0x4e, 0xff, 0xf2, 0xe8, 0xc8, 0xff,
  0xfe, 0xfe, 0xfc, 0xff, 0xfe, 0xfd, 0xfb, 0xff, 0xf0, 0xe7, 0xc8, 0xff, 0xe7, 0xd8, 0xa0, 0xff,
  0xe6, 0xd6, 0x9c, 0xff, 0xd8, 0xbe, 0x65, 0xff, 0xc2, 0x9c, 0x13, 0xff, 0xc5, 0xa2, 0x21, 0xff,
  0xec, 0xe0, 0xb6, 0xff, 0xff, 0xff, 0xfe, 0xff, 0xfc, 0xfb, 0xf7, 0xff, 0xf0, 0xe5, 0xc3, 0xff,
  0xe1, 0xcf, 0x8c, 0xff, 0xe5, 0xd5, 0x9d, 0xff, 0xf7, 0xf2, 0xe0, 0xff, 0xff, 0xfe, 0xfe, 0xff,
  0xff, 0xff, 0xfe, 0xff, 0xf8, 0xf4, 0xe6, 0xff, 0xe4, 0xd4, 0x9a, 0xff, 0xde, 0xcb, 0x81, 0xff,
  0xed, 0xe3, 0xbb, 0xff, 0xfe, 0xfd, 0xf9, 0xff, 0xfb, 0xf9, 0xf4, 0xfd, 0xe0, 0xcb, 0x79, 0xff,
  0xba, 0x92, 0x06, 0xf3, 0xa4, 0x80, 0x00, 0xdf, 0xa0, 0x7f, 0x08, 0x5c, 0x00, 0x00, 0x00, 0x00,
  0x00, 0x00, 0x00, 0x00, 0xb0, 0x8b, 0x06, 0x6e, 0xb1, 0x87, 0x01, 0xfc, 0xbb, 0x91, 0x03, 0xf5,
  0xd9, 0xc1, 0x65, 0xff, 0xf8, 0xf5, 0xe9, 0xff, 0xfe, 0xfe, 0xfc, 0xff, 0xe9, 0xd9, 0xa7, 0xff,
  0xcd, 0xae, 0x3e, 0xff, 0xbe, 0x98, 0x13, 0xff, 0xbe, 0x97, 0x11, 0xff, 0xc6, 0xa4, 0x28, 0xff,
  0xdf, 0xcb, 0x80, 0xff, 0xfa, 0xf7, 0xec, 0xff, 0xff, 0xff, 0xff, 0xff, 0xe8, 0xdb, 0xa8, 0xff,
  0xc3, 0x9f, 0x1d, 0xff, 0xb7, 0x8d, 0x00, 0xff, 0xd0, 0xb2, 0x4b, 0xff, 0xf2, 0xe9, 0xc7, 0xff,
  0xff, 0xff, 0xfe, 0xff, 0xf2, 0xec, 0xd2, 0xff, 0xd6, 0xbc, 0x61, 0xff, 0xc2, 0x9d, 0x21, 0xff,
  0xc2, 0x9d, 0x20, 0xff, 0xc1, 0x9a, 0x13, 0xff, 0xba, 0x90, 0x00, 0xff, 0xc5, 0xa2, 0x21, 0xff,
  0xec, 0xdf, 0xb5, 0xff, 0xff, 0xff, 0xff, 0xff, 0xf5, 0xee, 0xd7, 0xff, 0xd7, 0xbc, 0x5c, 0xff,
  0xbe, 0x98, 0x18, 0xff, 0xc6, 0xa5, 0x2f, 0xff, 0xe5, 0xd5, 0x9b, 0xff, 0xfd, 0xfc, 0xf7, 0xff,
  0xfe, 0xfd, 0xf9, 0xff, 0xe8, 0xd8, 0xa2, 0xff, 0xc7, 0xa5, 0x2e, 0xff, 0xbd, 0x94, 0x12, 0xff,
  0xd4, 0xba, 0x56, 0xff, 0xf7, 0xf1, 0xdf, 0xff, 0xff, 0xff, 0xff, 0xff, 0xe8, 0xd7, 0x9b, 0xff,
  0xc1, 0x9a, 0x10, 0xf5, 0xb0, 0x88, 0x00, 0xfc, 0xb0, 0x88, 0x06, 0x6e, 0x00, 0x00, 0x00, 0x00,
  0x00, 0x00, 0x00, 0x00, 0xb7, 0x91, 0x08, 0x79, 0xc1, 0x94, 0x01, 0xff, 0xc0, 0x98, 0x0b, 0xf8,
  0xe3, 0xd1, 0x8e, 0xff, 0xfe, 0xff, 0xfe, 0xff, 0xf9, 0xf3, 0xe3, 0xff, 0xd5, 0xb9, 0x58, 0xff,
  0xbb, 0x90, 0x02, 0xff, 0xb6, 0x8c, 0x00, 0xff, 0xb8, 0x8c, 0x00, 0xff, 0xb6, 0x89, 0x00, 0xff,
  0xca, 0xa9, 0x33, 0xff, 0xf1, 0xe7, 0xc8, 0xff, 0xff, 0xff, 0xff, 0xff, 0xe9, 0xdd, 0xac, 0xff,
  0xc3, 0x9f, 0x1e, 0xff, 0xb7, 0x8d, 0x00, 0xff, 0xcf, 0xb2, 0x4a, 0xff, 0xf4, 0xec, 0xd0, 0xff,
  0xff, 0xff, 0xff, 0xff, 0xe6, 0xd7, 0xa3, 0xff, 0xc5, 0xa1, 0x21, 0xff, 0xb4, 0x88, 0x00, 0xff,
  0xb6, 0x8a, 0x00, 0xff, 0xba, 0x8f, 0x00, 0xff, 0xb9, 0x8e, 0x00, 0xff, 0xc5, 0xa2, 0x23, 0xff,
  0xed, 0xe1, 0xb7, 0xff, 0xff, 0xff, 0xff, 0xff, 0xee, 0xe3, 0xbb, 0xff, 0xc6, 0xa3, 0x24, 0xff,
  0xb1, 0x83, 0x00, 0xff, 0xbd, 0x95, 0x0c, 0xff, 0xdb, 0xc5, 0x75, 0xff, 0xfa, 0xf7, 0xec, 0xff,
  0xf9, 0xf5, 0xe7, 0xff, 0xda, 0xc1, 0x6d, 0xff, 0xbb, 0x93, 0x07, 0xff, 0xb1, 0x83, 0x00, 0xff,
  0xca, 0xa7, 0x29, 0xff, 0xf1, 0xe8, 0xc8, 0xff, 0xff, 0xfe, 0xff, 0xff, 0xe8, 0xda, 0xa7, 0xff,
  0xc3, 0x9e, 0x18, 0xf8, 0xc1, 0x95, 0x00, 0xff, 0xb5, 0x8f, 0x06, 0x79, 0x00, 0x00, 0x00, 0x00,
  0x00, 0x00, 0x00, 0x00, 0xbc, 0x93, 0x06, 0x7e, 0xcb, 0x9d, 0x00, 0xff, 0xc3, 0x9e, 0x16, 0xf9,
  0xe8, 0xd9, 0xa4, 0xff, 0xff, 0xff, 0xff, 0xff, 0xf4, 0xeb, 0xcf, 0xff, 0xcc, 0xad, 0x35, 0xff,
  0xb8, 0x8e, 0x00, 0xff, 0xbc, 0x94, 0x0a, 0xff, 0xbd, 0x95, 0x08, 0xff, 0xb7, 0x8c, 0x03, 0xff,
  0xc4, 0xa0, 0x24, 0xff, 0xe8, 0xdb, 0xa6, 0xff, 0xff, 0xff, 0xff, 0xff, 0xeb, 0xdf, 0xb2, 0xff,
  0xc3, 0x9f, 0x1d, 0xff, 0xb7, 0x8d, 0x00, 0xff, 0xcf, 0xb2, 0x4a, 0xff, 0xf4, 0xec, 0xd2, 0xff,
  0xff, 0xff, 0xff, 0xff, 0xe2, 0xcf, 0x8f, 0xff, 0xc3, 0x9e, 0x1d, 0xff, 0xb9, 0x90, 0x04, 0xff,
  0xba, 0x93, 0x06, 0xff, 0xbc, 0x94, 0x05, 0xff, 0xb9, 0x8f, 0x00, 0xff, 0xc5, 0xa2, 0x22, 0xff,
  0xed, 0xe1, 0xb8, 0xff, 0xff, 0xff, 0xff, 0xff, 0xea, 0xe0, 0xb2, 0xff, 0xc6, 0xa3, 0x21, 0xff,
  0xb4, 0x88, 0x01, 0xff, 0xc0, 0x9a, 0x18, 0xff, 0xdb, 0xc3, 0x74, 0xff, 0xfb, 0xf7, 0xee, 0xff,
  0xf9, 0xf5, 0xe5, 0xff, 0xd8, 0xbf, 0x67, 0xff, 0xbe, 0x97, 0x12, 0xff, 0xb5, 0x88, 0x01, 0xff,
  0xc9, 0xa9, 0x2a, 0xff, 0xef, 0xe6, 0xc1, 0xff, 0xff, 0xff, 0xff, 0xff, 0xe9, 0xdc, 0xab, 0xff,
  0xc3, 0x9e, 0x19, 0xf9, 0xca, 0x9d, 0x00, 0xff, 0xba, 0x93, 0x06, 0x7e, 0x00, 0x00, 0x00, 0x00,
  0x00, 0x00, 0x00, 0x00, 0xbc, 0x93, 0x06, 0x7e, 0xcb, 0x9d, 0x00, 0xff, 0xc3, 0x9e, 0x15, 0xf9,
  0xe9, 0xd9, 0xa3, 0xff, 0xff, 0xff, 0xff, 0xff, 0xf3, 0xea, 0xd0, 0xff, 0xcd, 0xad, 0x35, 0xff,
  0xb8, 0x8e, 0x00, 0xff, 0xbc, 0x94, 0x0a, 0xff, 0xbd, 0x95, 0x08, 0xff, 0xb7, 0x8c, 0x03, 0xff,
  0xc4, 0xa0, 0x24, 0xff, 0xe8, 0xdb, 0xa6, 0xff, 0xff, 0xff, 0xff, 0xff, 0xeb, 0xdf, 0xb2, 0xff,
  0xc3, 0x9f, 0x1d, 0xff, 0xb7, 0x8d, 0x00, 0xff, 0xcf, 0xb2, 0x4a, 0xff, 0xf4, 0xec, 0xd2, 0xff,
  0xff, 0xff, 0xff, 0xff, 0xe3, 0xd0, 0x90, 0xff, 0xc3, 0x9e, 0x1d, 0xff, 0xb9, 0x90, 0x00, 0xff,
  0xba, 0x92, 0x02, 0xff, 0xbb, 0x93, 0x04, 0xff, 0xb9, 0x8f, 0x00, 0xff, 0xc5, 0xa2, 0x22, 0xff,
  0xed, 0xe1, 0xb8, 0xff, 0xff, 0xff, 0xff, 0xff, 0xea, 0xdf, 0xaf, 0xff, 0xc5, 0xa3, 0x20, 0xff,
  0xb5, 0x87, 0x00, 0xff, 0xc0, 0x99, 0x17, 0xff, 0xdb, 0xc4, 0x75, 0xff, 0xfb, 0xf8, 0xed, 0xff,
  0xf9, 0xf4, 0xe6, 0xff, 0xd8, 0xbe, 0x68, 0xff, 0xbe, 0x96, 0x12, 0xff, 0xb4, 0x87, 0x00, 0xff,
  0xc9, 0xa9, 0x29, 0xff, 0xef, 0xe6, 0xc2, 0xff, 0xff, 0xff, 0xff, 0xff, 0xe9, 0xdc, 0xab, 0xff,
  0xc3, 0x9e, 0x19, 0xf9, 0xca, 0x9d, 0x00, 0xff, 0xba, 0x93, 0x06, 0x7e, 0x00, 0x00, 0x00, 0x00,
  0x00, 0x00, 0x00, 0x00, 0xb7, 0x91, 0x08, 0x79, 0xc1, 0x95, 0x01, 0xff, 0xc0, 0x98, 0x0c, 0xf8,
  0xe2, 0xd2, 0x8f, 0xff, 0xfe, 0xff, 0xff, 0xff, 0xf9, 0xf4, 0xe7, 0xff, 0xd4, 0xba, 0x59, 0xff,
  0xba, 0x90, 0x01, 0xff, 0xb6, 0x8c, 0x00, 0xff, 0xb8, 0x8c, 0x00, 0xff, 0xb6, 0x89, 0x00, 0xff,
  0xca, 0xa9, 0x33, 0xff, 0xf1, 0xe7, 0xc8, 0xff, 0xff, 0xff, 0xff, 0xff, 0xea, 0xdd, 0xad, 0xff,
  0xc3, 0x9f, 0x1e, 0xff, 0xb7, 0x8d, 0x00, 0xff, 0xcf, 0xb2, 0x4a, 0xff, 0xf4, 0xec, 0xd2, 0xff,
  0xff, 0xff, 0xff, 0xff, 0xe3, 0xd1, 0x92, 0xff, 0xc3, 0x9f, 0x1e, 0xff, 0xb9, 0x8f, 0x00, 0xff,
  0xba, 0x92, 0x01, 0xff, 0xbb, 0x93, 0x04, 0xff, 0xb9, 0x8f, 0x00, 0xff, 0xc5, 0xa2, 0x22, 0xff,
  0xed, 0xe1, 0xb8, 0xff, 0xff, 0xff, 0xff, 0xff, 0xea, 0xdf, 0xaf, 0xff, 0xc5, 0xa3, 0x21, 0xff,
  0xb5, 0x87, 0x00, 0xff, 0xc0, 0x99, 0x15, 0xff, 0xdb, 0xc4, 0x75, 0xff, 0xfb, 0xf8, 0xee, 0xff,
  0xf9, 0xf5, 0xe6, 0xff, 0xd8, 0xbf, 0x6a, 0xff, 0xbe, 0x96, 0x11, 0xff, 0xb4, 0x87, 0x00, 0xff,
  0xc9, 0xa9, 0x29, 0xff, 0xef, 0xe6, 0xc2, 0xff, 0xff, 0xff, 0xff, 0xff, 0xea, 0xdd, 0xab, 0xff,
  0xc3, 0x9e, 0x19, 0xf8, 0xc1, 0x95, 0x00, 0xff, 0xb5, 0x8f, 0x06, 0x79, 0x00, 0x00, 0x00, 0x00,
  0x00, 0x00, 0x00, 0x00, 0xb0, 0x8b, 0x06, 0x6e, 0xb1, 0x87, 0x01, 0xfc, 0xbb, 0x92, 0x03, 0xf5,
  0xd8, 0xbf, 0x61, 0xff, 0xf8, 0xf4, 0xe6, 0xff, 0xff, 0xff, 0xfe, 0xff, 0xe9, 0xda, 0xa9, 0xff,
  0xcc, 0xad, 0x3d, 0xff, 0xbe, 0x98, 0x13, 0xff, 0xbe, 0x97, 0x11, 0xff, 0xc6, 0xa4, 0x27, 0xff,
  0xdf, 0xcb, 0x80, 0xff, 0xfa, 0xf7, 0xec, 0xff, 0xff, 0xff, 0xff, 0xff, 0xe8, 0xdb, 0xa8, 0xff,
  0xc3, 0x9f, 0x1d, 0xff, 0xb7, 0x8d, 0x00, 0xff, 0xcf, 0xb2, 0x49, 0xff, 0xf4, 0xeb, 0xd0, 0xff,
  0xff, 0xff, 0xfd, 0xff, 0xe3, 0xd0, 0x91, 0xff, 0xc3, 0x9e, 0x1e, 0xff, 0xb9, 0x8f, 0x00, 0xff,
  0xba, 0x92, 0x01, 0xff, 0xbb, 0x93, 0x04, 0xff, 0xb9, 0x8f, 0x00, 0xff, 0xc5, 0xa2, 0x22, 0xff,
  0xed, 0xe0, 0xb6, 0xff, 0xff, 0xff, 0xff, 0xff, 0xea, 0xdf, 0xad, 0xff, 0xc5, 0xa3, 0x20, 0xff,
  0xb5, 0x87, 0x00, 0xff, 0xc0, 0x99, 0x15, 0xff, 0xdb, 0xc4, 0x74, 0xff, 0xfb, 0xf7, 0xec, 0xff,
  0xf9, 0xf4, 0xe4, 0xff, 0xd8, 0xbf, 0x68, 0xff, 0xbe, 0x96, 0x11, 0xff, 0xb4, 0x87, 0x00, 0xff,
  0xc9, 0xa9, 0x29, 0xff, 0xef, 0xe6, 0xc1, 0xff, 0xff, 0xff, 0xff, 0xff, 0xea, 0xdd, 0xaa, 0xff,
  0xc3, 0x9d, 0x1a, 0xf5, 0xb1, 0x88, 0x00, 0xfc, 0xb0, 0x88, 0x06, 0x6e, 0x00, 0x00, 0x00, 0x00,
  0x00, 0x00, 0x00, 0x00, 0xa0, 0x7f, 0x02, 0x5c, 0xa4, 0x81, 0x01, 0xdf, 0xb6, 0x8e, 0x00, 0xf3,
  0xca, 0xa6, 0x27, 0xff, 0xe3, 0xd2, 0x99, 0xfd, 0xfe, 0xfd, 0xfb, 0xff, 0xfd, 0xfb, 0xf5, 0xff,
  0xed, 0xe1, 0xb9, 0xff, 0xdd, 0xc9, 0x7e, 0xff, 0xdb, 0xc4, 0x72, 0xff, 0xe8, 0xda, 0xa6, 0xff,
  0xf7, 0xf4, 0xe3, 0xff, 0xfe, 0xfe, 0xfc, 0xff, 0xff, 0xff, 0xff, 0xff, 0xe9, 0xdc, 0xac, 0xff,
  0xc3, 0x9f, 0x1e, 0xff, 0xb7, 0x8d, 0x00, 0xff, 0xcf, 0xb2, 0x4b, 0xff, 0xf5, 0xec, 0xd3, 0xff,
  0xfe, 0xfe, 0xfe, 0xff, 0xe3, 0xd1, 0x92, 0xff, 0xc3, 0x9e, 0x1d, 0xff, 0xb9, 0x8f, 0x00, 0xff,
  0xba, 0x92, 0x01, 0xff, 0xbb, 0x93, 0x04, 0xff, 0xb9, 0x8f, 0x00, 0xff, 0xc5, 0xa3, 0x23, 0xff,
  0xee, 0xe1, 0xba, 0xff, 0xff, 0xff, 0xfe, 0xff, 0xea, 0xdf, 0xaf, 0xff, 0xc6, 0xa3, 0x20, 0xff,
  0xb5, 0x87, 0x00, 0xff, 0xc0, 0x99, 0x16, 0xff, 0xdb, 0xc4, 0x76, 0xff, 0xfb, 0xf7, 0xef, 0xff,
  0xf9, 0xf5, 0xe7, 0xff, 0xd8, 0xc0, 0x6a, 0xff, 0xbd, 0x96, 0x11, 0xff, 0xb4, 0x87, 0x00, 0xff,
  0xc9, 0xa9, 0x29, 0xff, 0xef, 0xe6, 0xc2, 0xff, 0xff, 0xff, 0xff, 0xfd, 0xed, 0xde, 0xac, 0xff,
  0xc1, 0x9d, 0x19, 0xf3, 0xa6, 0x81, 0x00, 0xdf, 0xa0, 0x7f, 0x05, 0x5c, 0x00, 0x00, 0x00, 0x00,
  0x00, 0x00, 0x00, 0x00, 0x83, 0x67, 0x00, 0x40, 0x93, 0x73, 0x02, 0xaf, 0xb6, 0x8d, 0x02, 0xec,
  0xc2, 0x97, 0x04, 0xff, 0xca, 0xab, 0x3b, 0xfd, 0xea, 0xdd, 0xb0, 0xff, 0xfd, 0xfb, 0xf6, 0xff,
  0xff, 0xff, 0xff, 0xff, 0xfd, 0xfc, 0xf8, 0xff, 0xfb, 0xf8, 0xf0, 0xff, 0xfa, 0xf8, 0xed, 0xff,
  0xf7, 0xf4, 0xe4, 0xff, 0xf9, 0xf6, 0xeb, 0xff, 0xff, 0xff, 0xff, 0xff, 0xeb, 0xde, 0xaf, 0xff,
  0xc3, 0x9f, 0x1d, 0xff, 0xb7, 0x8d, 0x00, 0xff, 0xcf, 0xb3, 0x4e, 0xff, 0xf6, 0xef, 0xd8, 0xff,
  0xff, 0xfe, 0xfd, 0xff, 0xe1, 0xce, 0x8e, 0xff, 0xc2, 0x9c, 0x19, 0xff, 0xb9, 0x8f, 0x00, 0xff,
  0xba, 0x91, 0x01, 0xff, 0xbb, 0x93, 0x04, 0xff, 0xb9, 0x8f, 0x00, 0xff, 0xc7, 0xa4, 0x25, 0xff,
  0xee, 0xe3, 0xbb, 0xff, 0xff, 0xff, 0xff, 0xff, 0xec, 0xe0, 0xb3, 0xff, 0xc6, 0xa4, 0x21, 0xff,
  0xb5, 0x88, 0x00, 0xff, 0xbf, 0x99, 0x15, 0xff, 0xd9, 0xc4, 0x72, 0xff, 0xfc, 0xf8, 0xf0, 0xff,
  0xfa, 0xf6, 0xe8, 0xff, 0xd6, 0xbe, 0x67, 0xff, 0xbd, 0x96, 0x10, 0xff, 0xb4, 0x88, 0x00, 0xff,
  0xc9, 0xa8, 0x29, 0xff, 0xef, 0xe5, 0xc3, 0xff, 0xfd, 0xff, 0xff, 0xfd, 0xf1, 0xe3, 0xac, 0xff,
  0xc0, 0x9b, 0x18, 0xec, 0x91, 0x70, 0x00, 0xaf, 0x83, 0x6b, 0x07, 0x40, 0x00, 0x00, 0x00, 0x00,
  0x00, 0x00, 0x00, 0x00, 0x5c, 0x45, 0x00, 0x21, 0x7d, 0x60, 0x00, 0x7a, 0xb6, 0x8e, 0x02, 0xe5,
  0xc4, 0x98, 0x00, 0xff, 0xbb, 0x93, 0x08, 0xfa, 0xcb, 0xad, 0x3e, 0xfe, 0xe0, 0xcc, 0x85, 0xff,
  0xed, 0xe1, 0xb5, 0xff, 0xf2, 0xe9, 0xcc, 0xff, 0xf0, 0xe8, 0xca, 0xff, 0xe4, 0xd4, 0x95, 0xff,
  0xd8, 0xc2, 0x67, 0xff, 0xdc, 0xc7, 0x76, 0xff, 0xe6, 0xd5, 0x99, 0xff, 0xd9, 0xc0, 0x65, 0xff,
  0xc0, 0x98, 0x0e, 0xff, 0xb9, 0x8f, 0x00, 0xff, 0xc6, 0xa6, 0x2c, 0xff, 0xdf, 0xc9, 0x7d, 0xff,
  0xe5, 0xd4, 0x96, 0xff, 0xd2, 0xb6, 0x4d, 0xff, 0xbe, 0x97, 0x0b, 0xff, 0xba, 0x91, 0x00, 0xff,
  0xbb, 0x92, 0x00, 0xff, 0xbb, 0x92, 0x02, 0xff, 0xba, 0x91, 0x00, 0xff, 0xc3, 0x9d, 0x15, 0xff,
  0xda, 0xc3, 0x6c, 0xff, 0xe7, 0xd8, 0x9e, 0xff, 0xd9, 0xc1, 0x67, 0xff, 0xc2, 0x9c, 0x13, 0xff,
  0xb7, 0x8c, 0x00, 0xff, 0xbd, 0x96, 0x0a, 0xff, 0xcd, 0xae, 0x3b, 0xff, 0xe3, 0xce, 0x89, 0xff,
  0xe0, 0xcc, 0x83, 0xff, 0xca, 0xab, 0x34, 0xff, 0xbc, 0x94, 0x07, 0xff, 0xb7, 0x8c, 0x00, 0xff,
  0xc4, 0x9f, 0x16, 0xff, 0xda, 0xc2, 0x6e, 0xfe, 0xe3, 0xd5, 0x9d, 0xfa, 0xe2, 0xc8, 0x63, 0xff,
  0xbb, 0x96, 0x0d, 0xe5, 0x79, 0x5e, 0x00, 0x7a, 0x5c, 0x4d, 0x07, 0x21, 0x00, 0x00, 0x00, 0x00,
  0x00, 0x00, 0x00, 0x00, 0x19, 0x19, 0x00, 0x0a, 0x5e, 0x45, 0x00, 0x46, 0xb2, 0x8b, 0x00, 0xd6,
  0xcb, 0x9f, 0x02, 0xff, 0xb5, 0x8c, 0x00, 0xf8, 0xb9, 0x8f, 0x00, 0xfe, 0xbf, 0x99, 0x0d, 0xff,
  0xc6, 0xa4, 0x25, 0xff, 0xca, 0xab, 0x3a, 0xff, 0xca, 0xab, 0x38, 0xff, 0xc2, 0x9c, 0x16, 0xff,
  0xbc, 0x93, 0x00, 0xff, 0xbe, 0x96, 0x06, 0xff, 0xc1, 0x9a, 0x11, 0xff, 0xbf, 0x99, 0x0b, 0xff,
  0xbc, 0x92, 0x00, 0xff, 0xbb, 0x92, 0x00, 0xff, 0xbc, 0x96, 0x03, 0xff, 0xbf, 0x98, 0x0b, 0xff,
  0xc1, 0x9b, 0x11, 0xff, 0xbf, 0x98, 0x06, 0xff, 0xbd, 0x94, 0x00, 0xff, 0xbb, 0x92, 0x00, 0xff,
  0xbb, 0x92, 0x00, 0xff, 0xbb, 0x92, 0x01, 0xff, 0xbb, 0x92, 0x00, 0xff, 0xbc, 0x94, 0x01, 0xff,
  0xc0, 0x99, 0x0c, 0xff, 0xc2, 0x9b, 0x12, 0xff, 0xbf, 0x99, 0x09, 0xff, 0xbb, 0x92, 0x01, 0xff,
  0xba, 0x91, 0x00, 0xff, 0xbb, 0x93, 0x00, 0xff, 0xbd, 0x95, 0x01, 0xff, 0xc1, 0x99, 0x0e, 0xff,
  0xbf, 0x99, 0x0d, 0xff, 0xbd, 0x95, 0x01, 0xff, 0xbb, 0x92, 0x00, 0xff, 0xba, 0x91, 0x00, 0xff,
  0xbd, 0x93, 0x01, 0xff, 0xbf, 0x98, 0x0a, 0xfe, 0xbe, 0x98, 0x12, 0xf8, 0xd0, 0xa5, 0x0b, 0xff,
  0xb2, 0x8c, 0x01, 0xd6, 0x5b, 0x45, 0x00, 0x46, 0x33, 0x19, 0x00, 0x0a, 0x00, 0x00, 0x00, 0x00,
  0x00, 0x00, 0x00, 0x00, 0x00, 0x00, 0x00, 0x00, 0x25, 0x25, 0x00, 0x1b, 0xa3, 0x7e, 0x00, 0xb3,
  0xca, 0x9e, 0x01, 0xff, 0xb7, 0x8f, 0x01, 0xfb, 0xb9, 0x8f, 0x01, 0xfe, 0xb8, 0x8e, 0x00, 0xff,
  0xba, 0x90, 0x00, 0xff, 0xbb, 0x92, 0x01, 0xff, 0xbb, 0x91, 0x01, 0xff, 0xba, 0x91, 0x00, 0xff,
  0xba, 0x8f, 0x02, 0xff, 0xb9, 0x90, 0x00, 0xff, 0xb9, 0x8f, 0x00, 0xff, 0xb9, 0x90, 0x00, 0xff,
  0xbb, 0x92, 0x00, 0xff, 0xbb, 0x92, 0x00, 0xff, 0xbb, 0x92, 0x00, 0xff, 0xb9, 0x90, 0x00, 0xff,
  0xb9, 0x90, 0x00, 0xff, 0xbb, 0x91, 0x00, 0xff, 0xbb, 0x92, 0x00, 0xff, 0xbb, 0x92, 0x00, 0xff,
  0xbb, 0x92, 0x00, 0xff, 0xbb, 0x92, 0x00, 0xff, 0xbb, 0x92, 0x00, 0xff, 0xbb, 0x92, 0x00, 0xff,
  0xb9, 0x90, 0x00, 0xff, 0xb9, 0x90, 0x00, 0xff, 0xba, 0x91, 0x00, 0xff, 0xba, 0x91, 0x00, 0xff,
  0xbb, 0x92, 0x00, 0xff, 0xbb, 0x92, 0x00, 0xff, 0xba, 0x91, 0x01, 0xff, 0xb9, 0x8f, 0x00, 0xff,
  0xb9, 0x8f, 0x00, 0xff, 0xbb, 0x91, 0x01, 0xff, 0xbb, 0x92, 0x00, 0xff, 0xbb, 0x92, 0x00, 0xff,
  0xba, 0x91, 0x00, 0xff, 0xb9, 0x90, 0x00, 0xfe, 0xb6, 0x8e, 0x00, 0xfb, 0xc9, 0x9b, 0x00, 0xff,
  0xa3, 0x7e, 0x00, 0xb3, 0x25, 0x25, 0x00, 0x1b, 0x00, 0x00, 0x00, 0x00, 0x00, 0x00, 0x00, 0x00,
  0x00, 0x00, 0x00, 0x00, 0x01, 0x01, 0x00, 0x00, 0x00, 0x00, 0x00, 0x05, 0x87, 0x6c, 0x00, 0x7c,
  0xb8, 0x8f, 0x00, 0xf7, 0xbd, 0x94, 0x01, 0xfc, 0xbb, 0x93, 0x02, 0xfe, 0xb9, 0x92, 0x01, 0xfd,
  0xba, 0x91, 0x01, 0xff, 0xb9, 0x90, 0x00, 0xff, 0xb9, 0x8f, 0x00, 0xff, 0xbb, 0x93, 0x01, 0xff,
  0xbc, 0x94, 0x03, 0xff, 0xbb, 0x93, 0x02, 0xff, 0xba, 0x93, 0x01, 0xff, 0xba, 0x91, 0x01, 0xff,
  0xbb, 0x92, 0x01, 0xff, 0xbb, 0x92, 0x00, 0xff, 0xbb, 0x92, 0x00, 0xff, 0xba, 0x93, 0x02, 0xff,
  0xba, 0x92, 0x01, 0xff, 0xbb, 0x92, 0x01, 0xff, 0xbb, 0x92, 0x01, 0xff, 0xbb, 0x92, 0x00, 0xff,
  0xbb, 0x92, 0x00, 0xff, 0xbb, 0x92, 0x00, 0xff, 0xbb, 0x92, 0x00, 0xff, 0xbb, 0x92, 0x00, 0xff,
  0xba, 0x91, 0x01, 0xff, 0xba, 0x92, 0x01, 0xff, 0xbb, 0x92, 0x02, 0xff, 0xbb, 0x92, 0x00, 0xff,
  0xbb, 0x92, 0x00, 0xff, 0xbb, 0x92, 0x00, 0xff, 0xbb, 0x92, 0x02, 0xff, 0xba, 0x93, 0x02, 0xff,
  0xbb, 0x93, 0x02, 0xff, 0xbb, 0x92, 0x01, 0xff, 0xbb, 0x92, 0x00, 0xff, 0xbb, 0x92, 0x00, 0xff,
  0xba, 0x92, 0x00, 0xfd, 0xba, 0x92, 0x02, 0xfe, 0xbd, 0x93, 0x01, 0xfc, 0xb8, 0x90, 0x01, 0xf7,
  0x89, 0x6c, 0x00, 0x7c, 0x00, 0x00, 0x00, 0x05, 0x01, 0x01, 0x00, 0x00, 0x00, 0x00, 0x00, 0x00,
  0x00, 0x00, 0x00, 0x00, 0xff, 0xff, 0x00, 0x01, 0x00, 0x00, 0x00, 0x00, 0x5b, 0x48, 0x00, 0x38,
  0xa6, 0x81, 0x00, 0xcf, 0xc6, 0x9a, 0x00, 0xff, 0xba, 0x91, 0x00, 0xfb, 0xba, 0x91, 0x00, 0xfc,
  0xbc, 0x93, 0x01, 0xff, 0xbc, 0x93, 0x02, 0xff, 0xbc, 0x93, 0x02, 0xff, 0xbb, 0x92, 0x01, 0xff,
  0xbb, 0x92, 0x00, 0xff, 0xbb, 0x92, 0x00, 0xff, 0xbb, 0x92, 0x01, 0xff, 0xbb, 0x92, 0x01, 0xff,
  0xbb, 0x92, 0x00, 0xff, 0xbb, 0x92, 0x00, 0xff, 0xbb, 0x92, 0x00, 0xff, 0xbb, 0x92, 0x01, 0xff,
  0xbb, 0x92, 0x01, 0xff, 0xbb, 0x92, 0x00, 0xff, 0xbb, 0x92, 0x00, 0xff, 0xbb, 0x92, 0x00, 0xff,
  0xbb, 0x92, 0x00, 0xff, 0xbb, 0x92, 0x00, 0xff, 0xbb, 0x92, 0x00, 0xff, 0xbb, 0x92, 0x00, 0xff,
  0xbb, 0x92, 0x01, 0xff, 0xbb, 0x93, 0x01, 0xff, 0xbb, 0x92, 0x00, 0xff, 0xbb, 0x92, 0x00, 0xff,
  0xbb, 0x92, 0x00, 0xff, 0xbb, 0x92, 0x00, 0xff, 0xbb, 0x92, 0x00, 0xff, 0xbb, 0x92, 0x01, 0xff,
  0xbb, 0x92, 0x01, 0xff, 0xbb, 0x92, 0x00, 0xff, 0xbb, 0x92, 0x00, 0xff, 0xbc, 0x92, 0x00, 0xff,
  0xb9, 0x90, 0x00, 0xfc, 0xba, 0x91, 0x01, 0xfb, 0xc6, 0x9a, 0x01, 0xff, 0xa6, 0x81, 0x00, 0xcf,
  0x5b, 0x48, 0x00, 0x38, 0x00, 0x00, 0x00, 0x00, 0xff, 0xff, 0x00, 0x01, 0x00, 0x00, 0x00, 0x00,
  0x00, 0x00, 0x00, 0x00, 0x00, 0x00, 0x00, 0x01, 0xff, 0xff, 0x00, 0x01, 0x00, 0x00, 0x00, 0x08,
  0x8d, 0x6f, 0x00, 0x87, 0xbe, 0x93, 0x00, 0xfd, 0xbc, 0x92, 0x00, 0xfb, 0xb9, 0x91, 0x00, 0xfb,
  0xbc, 0x93, 0x01, 0xff, 0xbb, 0x92, 0x00, 0xff, 0xbb, 0x92, 0x00, 0xff, 0xbb, 0x92, 0x00, 0xff,
  0xbb, 0x92, 0x00, 0xff, 0xbb, 0x92, 0x00, 0xff, 0xbb, 0x92, 0x00, 0xff, 0xbb, 0x92, 0x00, 0xff,
  0xbb, 0x92, 0x00, 0xff, 0xbb, 0x92, 0x00, 0xff, 0xbb, 0x92, 0x00, 0xff, 0xbb, 0x92, 0x00, 0xff,
  0xbb, 0x92, 0x00, 0xff, 0xbb, 0x92, 0x00, 0xff, 0xbb, 0x92, 0x00, 0xff, 0xbb, 0x92, 0x00, 0xff,
  0xbb, 0x92, 0x00, 0xff, 0xbb, 0x92, 0x00, 0xff, 0xbb, 0x92, 0x00, 0xff, 0xbb, 0x92, 0x00, 0xff,
  0xbb, 0x92, 0x00, 0xff, 0xbb, 0x92, 0x00, 0xff, 0xbb, 0x92, 0x00, 0xff, 0xbb, 0x92, 0x00, 0xff,
  0xbb, 0x92, 0x00, 0xff, 0xbb, 0x92, 0x00, 0xff, 0xbb, 0x92, 0x00, 0xff, 0xbb, 0x92, 0x00, 0xff,
  0xbb, 0x92, 0x00, 0xff, 0xbb, 0x92, 0x00, 0xff, 0xbb, 0x92, 0x00, 0xff, 0xbc, 0x93, 0x00, 0xff,
  0xb9, 0x91, 0x00, 0xfb, 0xbb, 0x92, 0x00, 0xfb, 0xbe, 0x94, 0x00, 0xfd, 0x8d, 0x6f, 0x00, 0x87,
  0x00, 0x00, 0x00, 0x08, 0xff, 0xff, 0x00, 0x01, 0x00, 0x00, 0x00, 0x01, 0x00, 0x00, 0x00, 0x00,
  0x00, 0x00, 0x00, 0x00, 0x00, 0x00, 0x00, 0x00, 0xff, 0xff, 0x00, 0x01, 0x00, 0x00, 0x00, 0x00,
  0x5c, 0x4a, 0x00, 0x37, 0xa3, 0x7e, 0x00, 0xc3, 0xc0, 0x95, 0x00, 0xff, 0xbc, 0x93, 0x00, 0xfa,
  0xb9, 0x91, 0x00, 0xfc, 0xbb, 0x92, 0x00, 0xff, 0xbb, 0x92, 0x00, 0xff, 0xbb, 0x92, 0x00, 0xff,
  0xbb, 0x92, 0x00, 0xff, 0xbb, 0x92, 0x00, 0xff, 0xbb, 0x92, 0x00, 0xff, 0xbb, 0x92, 0x00, 0xff,
  0xbb, 0x92, 0x00, 0xff, 0xbb, 0x92, 0x00, 0xff, 0xbb, 0x92, 0x00, 0xff, 0xbb, 0x92, 0x00, 0xff,
  0xbb, 0x92, 0x00, 0xff, 0xbb, 0x92, 0x00, 0xff, 0xbb, 0x92, 0x00, 0xff, 0xbb, 0x92, 0x00, 0xff,
  0xbb, 0x92, 0x00, 0xff, 0xbb, 0x92, 0x00, 0xff, 0xbb, 0x92, 0x00, 0xff, 0xbb, 0x92, 0x00, 0xff,
  0xbb, 0x92, 0x00, 0xff, 0xbb, 0x92, 0x00, 0xff, 0xbb, 0x92, 0x00, 0xff, 0xbb, 0x92, 0x00, 0xff,
  0xbb, 0x92, 0x00, 0xff, 0xbb, 0x92, 0x00, 0xff, 0xbb, 0x92, 0x00, 0xff, 0xbb, 0x92, 0x00, 0xff,
  0xbb, 0x92, 0x00, 0xff, 0xbb, 0x92, 0x00, 0xff, 0xbb, 0x92, 0x00, 0xff, 0xb9, 0x91, 0x00, 0xfc,
  0xbc, 0x93, 0x00, 0xfa, 0xc0, 0x95, 0x00, 0xff, 0xa3, 0x7e, 0x00, 0xc3, 0x5c, 0x4a, 0x00, 0x37,
  0x00, 0x00, 0x00, 0x00, 0xff, 0xff, 0x00, 0x01, 0x00, 0x00, 0x00, 0x00, 0x00, 0x00, 0x00, 0x00,
  0x00, 0x00, 0x00, 0x00, 0x00, 0x00, 0x00, 0x00, 0x00, 0x00, 0x00, 0x01, 0x00, 0x00, 0x00, 0x01,
  0x00, 0x00, 0x00, 0x06, 0x76, 0x5d, 0x00, 0x5f, 0xb5, 0x8c, 0x00, 0xee, 0xc1, 0x97, 0x00, 0xff,
  0xb7, 0x8f, 0x00, 0xf9, 0xbb, 0x91, 0x00, 0xfe, 0xbb, 0x92, 0x00, 0xff, 0xbb, 0x92, 0x00, 0xff,
  0xbb, 0x92, 0x00, 0xff, 0xbb, 0x92, 0x00, 0xff, 0xbb, 0x92, 0x00, 0xff, 0xbb, 0x92, 0x00, 0xff,
  0xbb, 0x92, 0x00, 0xff, 0xbb, 0x92, 0x00, 0xff, 0xbb, 0x92, 0x00, 0xff, 0xbb, 0x92, 0x00, 0xff,
  0xbb, 0x92, 0x00, 0xff, 0xbb, 0x92, 0x00, 0xff, 0xbb, 0x92, 0x00, 0xff, 0xbb, 0x92, 0x00, 0xff,
  0xbb, 0x92, 0x00, 0xff, 0xbb, 0x92, 0x00, 0xff, 0xbb, 0x92, 0x00, 0xff, 0xbb, 0x92, 0x00, 0xff,
  0xbb, 0x92, 0x00, 0xff, 0xbb, 0x92, 0x00, 0xff, 0xbb, 0x92, 0x00, 0xff, 0xbb, 0x92, 0x00, 0xff,
  0xbb, 0x92, 0x00, 0xff, 0xbb, 0x92, 0x00, 0xff, 0xbb, 0x92, 0x00, 0xff, 0xbb, 0x92, 0x00, 0xff,
  0xbb, 0x92, 0x00, 0xff, 0xbb, 0x92, 0x00, 0xff, 0xbb, 0x91, 0x00, 0xfe, 0xb7, 0x8f, 0x00, 0xf9,
  0xc1, 0x97, 0x00, 0xff, 0xb5, 0x8c, 0x00, 0xee, 0x76, 0x5d, 0x00, 0x5f, 0x00, 0x00, 0x00, 0x06,
  0x00, 0x00, 0x00, 0x01, 0x00, 0x00, 0x00, 0x01, 0x00, 0x00, 0x00, 0x00, 0x00, 0x00, 0x00, 0x00,
  0x00, 0x00, 0x00, 0x00, 0x00, 0x00, 0x00, 0x00, 0x00, 0x00, 0x00, 0x00, 0x00, 0x00, 0x00, 0x01,
  0x01, 0x00, 0x00, 0x00, 0x26, 0x26, 0x00, 0x14, 0x8f, 0x6f, 0x00, 0x92, 0xb7, 0x8f, 0x00, 0xf9,
  0xc2, 0x96, 0x00, 0xfb, 0xb8, 0x90, 0x00, 0xfb, 0xb9, 0x91, 0x00, 0xfd, 0xbb, 0x92, 0x00, 0xff,
  0xbb, 0x92, 0x00, 0xff, 0xbb, 0x92, 0x00, 0xff, 0xbb, 0x92, 0x00, 0xff, 0xbb, 0x92, 0x00, 0xff,
  0xbb, 0x92, 0x00, 0xff, 0xbb, 0x92, 0x00, 0xff, 0xbb, 0x92, 0x00, 0xff, 0xbb, 0x92, 0x00, 0xff,
  0xbb, 0x92, 0x00, 0xff, 0xbb, 0x92, 0x00, 0xff, 0xbb, 0x92, 0x00, 0xff, 0xbb, 0x92, 0x00, 0xff,
  0xbb, 0x92, 0x00, 0xff, 0xbb, 0x92, 0x00, 0xff, 0xbb, 0x92, 0x00, 0xff, 0xbb, 0x92, 0x00, 0xff,
  0xbb, 0x92, 0x00, 0xff, 0xbb, 0x92, 0x00, 0xff, 0xbb, 0x92, 0x00, 0xff, 0xbb, 0x92, 0x00, 0xff,
  0xbb, 0x92, 0x00, 0xff, 0xbb, 0x92, 0x00, 0xff, 0xbb, 0x92, 0x00, 0xff, 0xbb, 0x92, 0x00, 0xff,
  0xbb, 0x92, 0x00, 0xff, 0xb9, 0x91, 0x00, 0xfd, 0xb8, 0x90, 0x00, 0xfb, 0xc2, 0x96, 0x00, 0xfb,
  0xb7, 0x8f, 0x00, 0xf9, 0x8f, 0x6f, 0x00, 0x92, 0x26, 0x26, 0x00, 0x14, 0x01, 0x00, 0x00, 0x00,
  0x00, 0x00, 0x00, 0x01, 0x00, 0x00, 0x00, 0x00, 0x00, 0x00, 0x00, 0x00, 0x00, 0x00, 0x00, 0x00,
  0x00, 0x00, 0x00, 0x00, 0x00, 0x00, 0x00, 0x00, 0x00, 0x00, 0x00, 0x00, 0x00, 0x00, 0x00, 0x00,
  0x00, 0x00, 0x00, 0x01, 0x00, 0x00, 0x00, 0x00, 0x36, 0x2e, 0x00, 0x21, 0x9e, 0x7b, 0x00, 0xae,
  0xc3, 0x97, 0x00, 0xff, 0xbb, 0x90, 0x00, 0xf8, 0xb8, 0x90, 0x00, 0xfa, 0xba, 0x92, 0x00, 0xfe,
  0xbb, 0x92, 0x00, 0xff, 0xbb, 0x92, 0x00, 0xff, 0xbb, 0x92, 0x00, 0xff, 0xbb, 0x92, 0x00, 0xff,
  0xbb, 0x92, 0x00, 0xff, 0xbb, 0x92, 0x00, 0xff, 0xbb, 0x92, 0x00, 0xff, 0xbb, 0x92, 0x00, 0xff,
  0xbb, 0x92, 0x00, 0xff, 0xbb, 0x92, 0x00, 0xff, 0xbb, 0x92, 0x00, 0xff, 0xbb, 0x92, 0x00, 0xff,
  0xbb, 0x92, 0x00, 0xff, 0xbb, 0x92, 0x00, 0xff, 0xbb, 0x92, 0x00, 0xff, 0xbb, 0x92, 0x00, 0xff,
  0xbb, 0x92, 0x00, 0xff, 0xbb, 0x92, 0x00, 0xff, 0xbb, 0x92, 0x00, 0xff, 0xbb, 0x92, 0x00, 0xff,
  0xbb, 0x92, 0x00, 0xff, 0xbb, 0x92, 0x00, 0xff, 0xbb, 0x92, 0x00, 0xff, 0xbb, 0x92, 0x00, 0xff,
  0xba, 0x92, 0x00, 0xfe, 0xb8, 0x90, 0x00, 0xfa, 0xbb, 0x90, 0x00, 0xf8, 0xc3, 0x97, 0x00, 0xff,
  0x9e, 0x7b, 0x00, 0xae, 0x36, 0x2e, 0x00, 0x21, 0x00, 0x00, 0x00, 0x00, 0x00, 0x00, 0x00, 0x01,
  0x00, 0x00, 0x00, 0x00, 0x00, 0x00, 0x00, 0x00, 0x00, 0x00, 0x00, 0x00, 0x00, 0x00, 0x00, 0x00,
  0x00, 0x00, 0x00, 0x00, 0x00, 0x00, 0x00, 0x00, 0x00, 0x00, 0x00, 0x00, 0x00, 0x00, 0x00, 0x00,
  0x00, 0x00, 0x00, 0x00, 0xff, 0xff, 0x00, 0x01, 0x00, 0x00, 0x00, 0x00, 0x56, 0x42, 0x00, 0x32,
  0x9d, 0x79, 0x00, 0xb4, 0xc2, 0x98, 0x00, 0xff, 0xbe, 0x94, 0x00, 0xff, 0xb7, 0x8e, 0x00, 0xfa,
  0xb8, 0x90, 0x00, 0xfb, 0xbb, 0x92, 0x00, 0xff, 0xbc, 0x93, 0x00, 0xff, 0xbb, 0x92, 0x00, 0xff,
  0xbb, 0x92, 0x00, 0xff, 0xbb, 0x92, 0x00, 0xff, 0xbb, 0x92, 0x00, 0xff, 0xbb, 0x92, 0x00, 0xff,
  0xbb, 0x92, 0x00, 0xff, 0xbb, 0x92, 0x00, 0xff, 0xbb, 0x92, 0x00, 0xff, 0xbb, 0x92, 0x00, 0xff,
  0xbb, 0x92, 0x00, 0xff, 0xbb, 0x92, 0x00, 0xff, 0xbb, 0x92, 0x00, 0xff, 0xbb, 0x92, 0x00, 0xff,
  0xbb, 0x92, 0x00, 0xff, 0xbb, 0x92, 0x00, 0xff, 0xbb, 0x92, 0x00, 0xff, 0xbb, 0x92, 0x00, 0xff,
  0xbb, 0x92, 0x00, 0xff, 0xbc, 0x93, 0x00, 0xff, 0xbb, 0x92, 0x00, 0xff, 0xb8, 0x90, 0x00, 0xfb,
  0xb7, 0x8e, 0x00, 0xfa, 0xbe, 0x94, 0x00, 0xff, 0xc2, 0x98, 0x00, 0xff, 0x9d, 0x79, 0x00, 0xb4,
  0x56, 0x42, 0x00, 0x32, 0x00, 0x00, 0x00, 0x00, 0xff, 0xff, 0x00, 0x01, 0x00, 0x00, 0x00, 0x00,
  0x00, 0x00, 0x00, 0x00, 0x00, 0x00, 0x00, 0x00, 0x00, 0x00, 0x00, 0x00, 0x00, 0x00, 0x00, 0x00,
  0x00, 0x00, 0x00, 0x00, 0x00, 0x00, 0x00, 0x00, 0x00, 0x00, 0x00, 0x00, 0x00, 0x00, 0x00, 0x00,
  0x00, 0x00, 0x00, 0x00, 0x00, 0x00, 0x00, 0x00, 0x00, 0x00, 0x00, 0x01, 0x00, 0x00, 0x00, 0x00,
  0x56, 0x47, 0x00, 0x32, 0x9c, 0x7a, 0x00, 0xad, 0xb8, 0x8f, 0x00, 0xf8, 0xc1, 0x96, 0x00, 0xff,
  0xbd, 0x93, 0x00, 0xfc, 0xb9, 0x90, 0x00, 0xfc, 0xb8, 0x90, 0x00, 0xfb, 0xba, 0x91, 0x00, 0xfd,
  0xbb, 0x92, 0x00, 0xff, 0xbb, 0x92, 0x00, 0xff, 0xbb, 0x92, 0x00, 0xff, 0xbb, 0x92, 0x00, 0xff,
  0xbb, 0x92, 0x00, 0xff, 0xbb, 0x92, 0x00, 0xff, 0xbb, 0x92, 0x00, 0xff, 0xbb, 0x92, 0x00, 0xff,
  0xbb, 0x92, 0x00, 0xff, 0xbb, 0x92, 0x00, 0xff, 0xbb, 0x92, 0x00, 0xff, 0xbb, 0x92, 0x00, 0xff,
  0xbb, 0x92, 0x00, 0xff, 0xbb, 0x92, 0x00, 0xff, 0xbb, 0x92, 0x00, 0xff, 0xbb, 0x92, 0x00, 0xff,
  0xba, 0x91, 0x00, 0xfd, 0xb8, 0x90, 0x00, 0xfb, 0xb9, 0x90, 0x00, 0xfc, 0xbd, 0x93, 0x00, 0xfc,
  0xc1, 0x96, 0x00, 0xff, 0xb8, 0x8f, 0x00, 0xf8, 0x9c, 0x7a, 0x00, 0xad, 0x56, 0x47, 0x00, 0x32,
  0x00, 0x00, 0x00, 0x00, 0x00, 0x00, 0x00, 0x01, 0x00, 0x00, 0x00, 0x00, 0x00, 0x00, 0x00, 0x00,
  0x00, 0x00, 0x00, 0x00, 0x00, 0x00, 0x00, 0x00, 0x00, 0x00, 0x00, 0x00, 0x00, 0x00, 0x00, 0x00,
  0x00, 0x00, 0x00, 0x00, 0x00, 0x00, 0x00, 0x00, 0x00, 0x00, 0x00, 0x00, 0x00, 0x00, 0x00, 0x00,
  0x00, 0x00, 0x00, 0x00, 0x00, 0x00, 0x00, 0x00, 0x00, 0x00, 0x00, 0x00, 0x00, 0x00, 0x00, 0x01,
  0x00, 0x00, 0x00, 0x00, 0x36, 0x26, 0x00, 0x21, 0x8f, 0x70, 0x00, 0x93, 0xb6, 0x8e, 0x00, 0xef,
  0xc0, 0x96, 0x00, 0xff, 0xbc, 0x92, 0x00, 0xfc, 0xbb, 0x91, 0x00, 0xfa, 0xba, 0x92, 0x00, 0xfd,
  0xba, 0x91, 0x00, 0xfe, 0xba, 0x91, 0x00, 0xfe, 0xbb, 0x92, 0x00, 0xfe, 0xbb, 0x92, 0x00, 0xff,
  0xbb, 0x92, 0x00, 0xff, 0xbb, 0x92, 0x00, 0xff, 0xbb, 0x92, 0x00, 0xff, 0xbb, 0x92, 0x00, 0xff,
  0xbb, 0x92, 0x00, 0xff, 0xbb, 0x92, 0x00, 0xff, 0xbb, 0x92, 0x00, 0xff, 0xbb, 0x92, 0x00, 0xff,
  0xbb, 0x92, 0x00, 0xff, 0xbb, 0x92, 0x00, 0xfe, 0xba, 0x91, 0x00, 0xfe, 0xba, 0x91, 0x00, 0xfe,
  0xba, 0x92, 0x00, 0xfd, 0xbb, 0x91, 0x00, 0xfa, 0xbc, 0x92, 0x00, 0xfc, 0xc0, 0x96, 0x00, 0xff,
  0xb6, 0x8e, 0x00, 0xef, 0x8f, 0x70, 0x00, 0x93, 0x36, 0x26, 0x00, 0x21, 0x00, 0x00, 0x00, 0x00,
  0x00, 0x00, 0x00, 0x01, 0x00, 0x00, 0x00, 0x00, 0x00, 0x00, 0x00, 0x00, 0x00, 0x00, 0x00, 0x00,
  0x00, 0x00, 0x00, 0x00, 0x00, 0x00, 0x00, 0x00, 0x00, 0x00, 0x00, 0x00, 0x00, 0x00, 0x00, 0x00,
  0x00, 0x00, 0x00, 0x00, 0x00, 0x00, 0x00, 0x00, 0x00, 0x00, 0x00, 0x00, 0x00, 0x00, 0x00, 0x00,
  0x00, 0x00, 0x00, 0x00, 0x00, 0x00, 0x00, 0x00, 0x00, 0x00, 0x00, 0x00, 0x00, 0x00, 0x00, 0x00,
  0xff, 0xff, 0x00, 0x01, 0x00, 0x00, 0x00, 0x00, 0x26, 0x19, 0x00, 0x14, 0x76, 0x5d, 0x00, 0x5f,
  0xa2, 0x7f, 0x00, 0xc4, 0xbf, 0x95, 0x00, 0xfe, 0xc6, 0x99, 0x00, 0xff, 0xbc, 0x93, 0x00, 0xff,
  0xb8, 0x8f, 0x00, 0xfa, 0xb7, 0x8e, 0x00, 0xf8, 0xb8, 0x8f, 0x00, 0xfa, 0xb9, 0x90, 0x00, 0xfc,
  0xba, 0x91, 0x00, 0xfd, 0xbb, 0x92, 0x00, 0xff, 0xbb, 0x92, 0x00, 0xff, 0xbb, 0x92, 0x00, 0xff,
  0xbb, 0x92, 0x00, 0xff, 0xbb, 0x92, 0x00, 0xff, 0xbb, 0x92, 0x00, 0xff, 0xba, 0x91, 0x00, 0xfd,
  0xb9, 0x90, 0x00, 0xfc, 0xb8, 0x8f, 0x00, 0xfa, 0xb7, 0x8e, 0x00, 0xf8, 0xb8, 0x8f, 0x00, 0xfa,
  0xbc, 0x93, 0x00, 0xff, 0xc6, 0x99, 0x00, 0xff, 0xbf, 0x95, 0x00, 0xfe, 0xa2, 0x7f, 0x00, 0xc4,
  0x76, 0x5d, 0x00, 0x5f, 0x26, 0x19, 0x00, 0x14, 0x00, 0x00, 0x00, 0x00, 0xff, 0xff, 0x00, 0x01,
  0x00, 0x00, 0x00, 0x00, 0x00, 0x00, 0x00, 0x00, 0x00, 0x00, 0x00, 0x00, 0x00, 0x00, 0x00, 0x00,
  0x00, 0x00, 0x00, 0x00, 0x00, 0x00, 0x00, 0x00, 0x00, 0x00, 0x00, 0x00, 0x00, 0x00, 0x00, 0x00,
  0x00, 0x00, 0x00, 0x00, 0x00, 0x00, 0x00, 0x00, 0x00, 0x00, 0x00, 0x00, 0x00, 0x00, 0x00, 0x00,
  0x00, 0x00, 0x00, 0x00, 0x00, 0x00, 0x00, 0x00, 0x00, 0x00, 0x00, 0x00, 0x00, 0x00, 0x00, 0x00,
  0x00, 0x00, 0x00, 0x00, 0xff, 0x00, 0x00, 0x01, 0x00, 0x00, 0x00, 0x00, 0x00, 0x00, 0x00, 0x06,
  0x58, 0x45, 0x00, 0x37, 0x8c, 0x6e, 0x00, 0x86, 0xa5, 0x81, 0x00, 0xcb, 0xb6, 0x8e, 0x00, 0xfa,
  0xca, 0x9e, 0x00, 0xff, 0xcb, 0x9e, 0x00, 0xff, 0xc7, 0x9c, 0x00, 0xff, 0xc1, 0x97, 0x00, 0xff,
  0xbf, 0x95, 0x00, 0xff, 0xbd, 0x93, 0x00, 0xff, 0xbb, 0x92, 0x00, 0xff, 0xbb, 0x92, 0x00, 0xff,
  0xbb, 0x92, 0x00, 0xff, 0xbb, 0x92, 0x00, 0xff, 0xbd, 0x93, 0x00, 0xff, 0xbf, 0x95, 0x00, 0xff,
  0xc1, 0x97, 0x00, 0xff, 0xc7, 0x9c, 0x00, 0xff, 0xcb, 0x9e, 0x00, 0xff, 0xca, 0x9e, 0x00, 0xff,
  0xb6, 0x8e, 0x00, 0xfa, 0xa5, 0x81, 0x00, 0xcb, 0x8c, 0x6e, 0x00, 0x86, 0x58, 0x45, 0x00, 0x37,
  0x00, 0x00, 0x00, 0x06, 0x00, 0x00, 0x00, 0x00, 0xff, 0x00, 0x00, 0x01, 0x00, 0x00, 0x00, 0x00,
  0x00, 0x00, 0x00, 0x00, 0x00, 0x00, 0x00, 0x00, 0x00, 0x00, 0x00, 0x00, 0x00, 0x00, 0x00, 0x00,
  0x00, 0x00, 0x00, 0x00, 0x00, 0x00, 0x00, 0x00, 0x00, 0x00, 0x00, 0x00, 0x00, 0x00, 0x00, 0x00,
  0x00, 0x00, 0x00, 0x00, 0x00, 0x00, 0x00, 0x00, 0x00, 0x00, 0x00, 0x00, 0x00, 0x00, 0x00, 0x00,
  0x00, 0x00, 0x00, 0x00, 0x00, 0x00, 0x00, 0x00, 0x00, 0x00, 0x00, 0x00, 0x00, 0x00, 0x00, 0x00,
  0x00, 0x00, 0x00, 0x00, 0x00, 0x00, 0x00, 0x00, 0x00, 0x00, 0x00, 0x01, 0x00, 0x00, 0x00, 0x00,
  0x00, 0x00, 0x00, 0x00, 0x00, 0x00, 0x00, 0x09, 0x5c, 0x4a, 0x00, 0x37, 0x8a, 0x6a, 0x00, 0x7d,
  0xa2, 0x7f, 0x00, 0xb4, 0xb0, 0x8b, 0x00, 0xd7, 0xb5, 0x8e, 0x00, 0xe5, 0xb6, 0x8f, 0x00, 0xec,
  0xb8, 0x90, 0x00, 0xf2, 0xba, 0x91, 0x00, 0xf6, 0xba, 0x91, 0x00, 0xf9, 0xbb, 0x92, 0x00, 0xf9,
  0xbb, 0x92, 0x00, 0xf9, 0xba, 0x91, 0x00, 0xf9, 0xba, 0x91, 0x00, 0xf6, 0xb8, 0x90, 0x00, 0xf2,
  0xb6, 0x8f, 0x00, 0xec, 0xb5, 0x8e, 0x00, 0xe5, 0xb0, 0x8b, 0x00, 0xd7, 0xa2, 0x7f, 0x00, 0xb4,
  0x8a, 0x6a, 0x00, 0x7d, 0x5c, 0x4a, 0x00, 0x37, 0x00, 0x00, 0x00, 0x09, 0x00, 0x00, 0x00, 0x00,
  0x00, 0x00, 0x00, 0x00, 0x00, 0x00, 0x00, 0x01, 0x00, 0x00, 0x00, 0x00, 0x00, 0x00, 0x00, 0x00,
  0x00, 0x00, 0x00, 0x00, 0x00, 0x00, 0x00, 0x00, 0x00, 0x00, 0x00, 0x00, 0x00, 0x00, 0x00, 0x00,
  0x00, 0x00, 0x00, 0x00, 0x00, 0x00, 0x00, 0x00, 0x00, 0x00, 0x00, 0x00, 0x00, 0x00, 0x00, 0x00,
  0x00, 0x00, 0x00, 0x00, 0x00, 0x00, 0x00, 0x00, 0x00, 0x00, 0x00, 0x00, 0x00, 0x00, 0x00, 0x00,
  0x00, 0x00, 0x00, 0x00, 0x00, 0x00, 0x00, 0x00, 0x00, 0x00, 0x00, 0x00, 0x00, 0x00, 0x00, 0x00,
  0x00, 0x00, 0x00, 0x00, 0x00, 0x00, 0x00, 0x00, 0x00, 0x00, 0x00, 0x00, 0x00, 0x00, 0x00, 0x00,
  0xff, 0xff, 0x00, 0x01, 0x01, 0x01, 0x00, 0x00, 0x00, 0x00, 0x00, 0x00, 0x00, 0x00, 0x00, 0x05,
  0x24, 0x24, 0x00, 0x1c, 0x5e, 0x45, 0x00, 0x46, 0x7b, 0x60, 0x00, 0x7a, 0x94, 0x74, 0x00, 0xb1,
  0xa6, 0x81, 0x00, 0xdf, 0xb1, 0x8a, 0x00, 0xfd, 0xc2, 0x98, 0x00, 0xff, 0xce, 0xa1, 0x00, 0xff,
  0xce, 0xa1, 0x00, 0xff, 0xc2, 0x98, 0x00, 0xff, 0xb1, 0x8a, 0x00, 0xfd, 0xa6, 0x81, 0x00, 0xdf,
  0x94, 0x74, 0x00, 0xb1, 0x7b, 0x60, 0x00, 0x7a, 0x5e, 0x45, 0x00, 0x46, 0x24, 0x24, 0x00, 0x1c,
  0x00, 0x00, 0x00, 0x05, 0x00, 0x00, 0x00, 0x00, 0x01, 0x01, 0x00, 0x00, 0xff, 0xff, 0x00, 0x01,
  0x00, 0x00, 0x00, 0x00, 0x00, 0x00, 0x00, 0x00, 0x00, 0x00, 0x00, 0x00, 0x00, 0x00, 0x00, 0x00,
  0x00, 0x00, 0x00, 0x00, 0x00, 0x00, 0x00, 0x00, 0x00, 0x00, 0x00, 0x00, 0x00, 0x00, 0x00, 0x00,
  0x00, 0x00, 0x00, 0x00, 0x00, 0x00, 0x00, 0x00, 0x00, 0x00, 0x00, 0x00, 0x00, 0x00, 0x00, 0x00,
  0x00, 0x00, 0x00, 0x00, 0x00, 0x00, 0x00, 0x00, 0x00, 0x00, 0x00, 0x00, 0x00, 0x00, 0x00, 0x00,
  0x00, 0x00, 0x00, 0x00, 0x00, 0x00, 0x00, 0x00, 0x00, 0x00, 0x00, 0x00, 0x00, 0x00, 0x00, 0x00,
  0x00, 0x00, 0x00, 0x00, 0x00, 0x00, 0x00, 0x00, 0x00, 0x00, 0x00, 0x00, 0x00, 0x00, 0x00, 0x00,
  0x00, 0x00, 0x00, 0x00, 0x00, 0x00, 0x00, 0x01, 0xff, 0xff, 0x00, 0x01, 0x01, 0x01, 0x00, 0x00,
  0x00, 0x00, 0x00, 0x00, 0x19, 0x19, 0x00, 0x0a, 0x61, 0x4b, 0x00, 0x22, 0x85, 0x69, 0x00, 0x41,
  0x9f, 0x7b, 0x00, 0x5b, 0xaf, 0x87, 0x00, 0x6d, 0xb5, 0x8f, 0x00, 0x79, 0xbc, 0x93, 0x00, 0x7e,
  0xbc, 0x93, 0x00, 0x7e, 0xb5, 0x8f, 0x00, 0x79, 0xaf, 0x87, 0x00, 0x6d, 0x9f, 0x7b, 0x00, 0x5b,
  0x85, 0x69, 0x00, 0x41, 0x61, 0x4b, 0x00, 0x22, 0x19, 0x19, 0x00, 0x0a, 0x00, 0x00, 0x00, 0x00,
  0x01, 0x01, 0x00, 0x00, 0xff, 0xff, 0x00, 0x01, 0x00, 0x00, 0x00, 0x01, 0x00, 0x00, 0x00, 0x00,
  0x00, 0x00, 0x00, 0x00, 0x00, 0x00, 0x00, 0x00, 0x00, 0x00, 0x00, 0x00, 0x00, 0x00, 0x00, 0x00,
  0x00, 0x00, 0x00, 0x00, 0x00, 0x00, 0x00, 0x00, 0x00, 0x00, 0x00, 0x00, 0x00, 0x00, 0x00, 0x00,
  0x00, 0x00, 0x00, 0x00, 0x00, 0x00, 0x00, 0x00, 0x00, 0x00, 0x00, 0x00, 0x00, 0x00, 0x00, 0x00,
  0x00, 0x00, 0x00, 0x00, 0x00, 0x00, 0x00, 0x00, 0x00, 0x00, 0x00, 0x00, 0x00, 0x00, 0x00, 0x00,
  0x00, 0x00, 0x00, 0x00, 0x00, 0x00, 0x00, 0x00, 0x00, 0x00, 0x00, 0x00, 0x00, 0x00, 0x00, 0x00,
  0x00, 0x00, 0x00, 0x00, 0x00, 0x00, 0x00, 0x00, 0x00, 0x00, 0x00, 0x00, 0x00, 0x00, 0x00, 0x00,
  0x00, 0x00, 0x00, 0x00, 0x00, 0x00, 0x00, 0x00, 0x00, 0x00, 0x00, 0x00, 0x00, 0x00, 0x00, 0x00,
  0x00, 0x00, 0x00, 0x00, 0x00, 0x00, 0x00, 0x00, 0x00, 0x00, 0x00, 0x00, 0x00, 0x00, 0x00, 0x00,
  0x00, 0x00, 0x00, 0x00, 0x00, 0x00, 0x00, 0x00, 0x00, 0x00, 0x00, 0x00, 0x00, 0x00, 0x00, 0x00,
  0x00, 0x00, 0x00, 0x00, 0x00, 0x00, 0x00, 0x00, 0x00, 0x00, 0x00, 0x00, 0x00, 0x00, 0x00, 0x00,
  0x00, 0x00, 0x00, 0x00, 0x00, 0x00, 0x00, 0x00, 0x00, 0x00, 0x00, 0x00, 0x00, 0x00, 0x00, 0x00,
  0x00, 0x00, 0x00, 0x00, 0x00, 0x00, 0x00, 0x00, 0x00, 0x00, 0x00, 0x00, 0x00, 0x00, 0x00, 0x00,
  0x00, 0x00, 0x00, 0x00, 0x00, 0x00, 0x00, 0x00, 0x00, 0x00, 0x00, 0x00, 0x00, 0x00, 0x00, 0x00,
  0x00, 0x00, 0x00, 0x00, 0x00, 0x00, 0x00, 0x00, 0x00, 0x00, 0x00, 0x00, 0x00, 0x00, 0x00, 0x00,
  0x00, 0x00, 0x00, 0x00, 0x00, 0x00, 0x00, 0x00, 0x00, 0x00, 0x00, 0x00, 0x00, 0x00, 0x00, 0x00,
  
};

const lv_image_dsc_t logo_ARM = {
  .header = { .magic = LV_IMAGE_HEADER_MAGIC, .cf = LV_COLOR_FORMAT_ARGB8888, .flags = 0, .w = 48, .h = 48, .stride = 192, .reserved_2 = 0 },
  .data_size = sizeof(logo_ARM_data),
  .data = logo_ARM_data,
  .reserved = nullptr,
};

static const LV_ATTRIBUTE_LARGE_CONST uint8_t logo_DELL_data[] = {
  0x00, 0x00, 0x00, 0x00, 0x00, 0x00, 0x00, 0x00, 0x00, 0x00, 0x00, 0x00, 0x00, 0x00, 0x00, 0x00,
  0x00, 0x00, 0x00, 0x00, 0x00, 0x00, 0x00, 0x00, 0x00, 0x00, 0x00, 0x00, 0x00, 0x00, 0x00, 0x00,
  0x00, 0x00, 0x00, 0x00, 0x00, 0x00, 0x00, 0x00, 0x00, 0x00, 0x00, 0x00, 0x00, 0x00, 0x00, 0x00,
  0x00, 0x00, 0x00, 0x00, 0x00, 0x00, 0x00, 0x00, 0x00, 0x00, 0x00, 0x00, 0x00, 0x00, 0x00, 0x00,
  0x00, 0x00, 0x00, 0x00, 0x00, 0x00, 0x00, 0x00, 0x00, 0x00, 0x00, 0x00, 0x00, 0x00, 0x00, 0x00,
  0x00, 0x00, 0x00, 0x00, 0x00, 0x00, 0x00, 0x00, 0x00, 0x00, 0x00, 0x00, 0x00, 0x00, 0x00, 0x00,
  0x00, 0x00, 0x00, 0x00, 0x00, 0x00, 0x00, 0x00, 0x00, 0x00, 0x00, 0x00, 0x00, 0x00, 0x00, 0x00,
  0x00, 0x00, 0x00, 0x00, 0x00, 0x00, 0x00, 0x00, 0x00, 0x00, 0x00, 0x00, 0x00, 0x00, 0x00, 0x00,
  0x00, 0x00, 0x00, 0x00, 0x00, 0x00, 0x00, 0x00, 0x00, 0x00, 0x00, 0x00, 0x00, 0x00, 0x00, 0x00,
  0x00, 0x00, 0x00, 0x00, 0x00, 0x00, 0x00, 0x00, 0x00, 0x00, 0x00, 0x00, 0x00, 0x00, 0x00, 0x00,
  0x00, 0x00, 0x00, 0x00, 0x00, 0x00, 0x00, 0x00, 0x00, 0x00, 0x00, 0x00, 0x00, 0x00, 0x00, 0x00,
  0x00, 0x00, 0x00, 0x00, 0x00, 0x00, 0x00, 0x00, 0x00, 0x00, 0x00, 0x00, 0x00, 0x00, 0x00, 0x00,
  0x00, 0x00, 0x00, 0x00, 0xc9, 0x73, 0x04, 0x3e, 0xde, 0x7d, 0x06, 0x7e, 0xcb, 0x72, 0x06, 0x7b,
  0xca, 0x71, 0x06, 0x7e, 0xca, 0x71, 0x06, 0x7e, 0xca, 0x71, 0x06, 0x7e, 0xca, 0x71, 0x06, 0x7e,
  0xca, 0x71, 0x06, 0x7e, 0xca, 0x71, 0x06, 0x7e, 0xca, 0x71, 0x06, 0x7e, 0xca, 0x71, 0x06, 0x7e,
  0xca, 0x71, 0x06, 0x7e, 0xca, 0x71, 0x06, 0x7e, 0xca, 0x71, 0x06, 0x7e, 0xca, 0x71, 0x06, 0x7e,
  0xca, 0x71, 0x06, 0x7e, 0xca, 0x71, 0x06, 0x7e, 0xca, 0x71, 0x06, 0x7e, 0xca, 0x71, 0x06, 0x7e,
  0xca, 0x71, 0x06, 0x7e, 0xca, 0x71, 0x06, 0x7e, 0xca, 0x71, 0x06, 0x7e, 0xca, 0x71, 0x06, 0x7e,
  0xca, 0x71, 0x06, 0x7e, 0xca, 0x71, 0x06, 0x7e, 0xca, 0x71, 0x06, 0x7e, 0xca, 0x71, 0x06, 0x7e,
  0xca, 0x71, 0x06, 0x7e, 0xca, 0x71, 0x06, 0x7e, 0xca, 0x71, 0x06, 0x7e, 0xca, 0x71, 0x06, 0x7e,
  0xca, 0x71, 0x06, 0x7e, 0xca, 0x71, 0x06, 0x7e, 0xca, 0x71, 0x06, 0x7e, 0xca, 0x71, 0x06, 0x7e,
  0xca, 0x71, 0x06, 0x7e, 0xca, 0x71, 0x06, 0x7e, 0xca, 0x71, 0x06, 0x7e, 0xca, 0x71, 0x06, 0x7e,
  0xca, 0x71, 0x06, 0x7e, 0xca, 0x71, 0x06, 0x7e, 0xca, 0x71, 0x06, 0x7e, 0xca, 0x71, 0x06, 0x7e,
  0xcb, 0x72, 0x06, 0x7b, 0xde, 0x7d, 0x06, 0x7e, 0xc9, 0x73, 0x04, 0x3e, 0x00, 0x00, 0x00, 0x00,
  0x00, 0x00, 0x00, 0x00, 0xcb, 0x70, 0x05, 0x8a, 0xf3, 0x89, 0x08, 0xff, 0xd9, 0x7a, 0x07, 0xff,
  0xde, 0x7d, 0x07, 0xff, 0xde, 0x7d, 0x07, 0xff, 0xde, 0x7d, 0x07, 0xff, 0xde, 0x7d, 0x07, 0xff,
  0xde, 0x7d, 0x07, 0xff, 0xde, 0x7d, 0x07, 0xff, 0xde, 0x7d, 0x07, 0xff, 0xde, 0x7d, 0x07, 0xff,
  0xde, 0x7d, 0x07, 0xff, 0xde, 0x7d, 0x07, 0xff, 0xde, 0x7d, 0x07, 0xff, 0xde, 0x7d, 0x07, 0xff,
  0xde, 0x7d, 0x07, 0xff, 0xde, 0x7d, 0x07, 0xff, 0xde, 0x7d, 0x07, 0xff, 0xde, 0x7d, 0x07, 0xff,
  0xde, 0x7d, 0x07, 0xff, 0xde, 0x7d, 0x07, 0xff, 0xde, 0x7d, 0x07, 0xff, 0xde, 0x7d, 0x07, 0xff,
  0xde, 0x7d, 0x07, 0xff, 0xde, 0x7d, 0x07, 0xff, 0xde, 0x7d, 0x07, 0xff, 0xde, 0x7d, 0x07, 0xff,
  0xde, 0x7d, 0x07, 0xff, 0xde, 0x7d, 0x07, 0xff, 0xde, 0x7d, 0x07, 0xff, 0xde, 0x7d, 0x07, 0xff,
  0xde, 0x7d, 0x07, 0xff, 0xde, 0x7d, 0x07, 0xff, 0xde, 0x7d, 0x07, 0xff, 0xde, 0x7d, 0x07, 0xff,
  0xde, 0x7d, 0x07, 0xff, 0xde, 0x7d, 0x07, 0xff, 0xde, 0x7d, 0x07, 0xff, 0xde, 0x7d, 0x07, 0xff,
  0xde, 0x7d, 0x07, 0xff, 0xde, 0x7d, 0x07, 0xff, 0xde, 0x7d, 0x07, 0xff, 0xde, 0x7d, 0x07, 0xff,
  0xd9, 0x7a, 0x07, 0xff, 0xf3, 0x89, 0x08, 0xff, 0xcb, 0x70, 0x05, 0x8a, 0x00, 0x00, 0x00, 0x00,
  0x00, 0x00, 0x00, 0x00, 0xcb, 0x72, 0x06, 0x7b, 0xde, 0x7c, 0x07, 0xf9, 0xca, 0x71, 0x06, 0xf3,
  0xca, 0x71, 0x06, 0xf9, 0xca, 0x71, 0x06, 0xf9, 0xca, 0x71, 0x06, 0xf9, 0xca, 0x71, 0x06, 0xf9,
  0xca, 0x71, 0x06, 0xf9, 0xca, 0x71, 0x06, 0xf9, 0xca, 0x71, 0x06, 0xf9, 0xca, 0x71, 0x06, 0xf9,
  0xca, 0x71, 0x06, 0xf9, 0xca, 0x71, 0x06, 0xf9, 0xca, 0x71, 0x06, 0xf9, 0xca, 0x71, 0x06, 0xf9,
  0xca, 0x71, 0x06, 0xf9, 0xca, 0x71, 0x06, 0xf9, 0xca, 0x71, 0x06, 0xf9, 0xca, 0x71, 0x06, 0xf9,
  0xca, 0x71, 0x06, 0xf9, 0xca, 0x71, 0x06, 0xf9, 0xca, 0x71, 0x06, 0xf9, 0xca, 0x71, 0x06, 0xf9,
  0xca, 0x71, 0x06, 0xf9, 0xca, 0x71, 0x06, 0xf9, 0xca, 0x71, 0x06, 0xf9, 0xca, 0x71, 0x06, 0xf9,
  0xca, 0x71, 0x06, 0xf9, 0xca, 0x71, 0x06, 0xf9, 0xca, 0x71, 0x06, 0xf9, 0xca, 0x71, 0x06, 0xf9,
  0xca, 0x71, 0x06, 0xf9, 0xca, 0x71, 0x06, 0xf9, 0xca, 0x71, 0x06, 0xf9, 0xca, 0x71, 0x06, 0xf9,
  0xca, 0x71, 0x06, 0xf9, 0xca, 0x71, 0x06, 0xf9, 0xca, 0x71, 0x06, 0xf9, 0xca, 0x71, 0x06, 0xf9,
  0xca, 0x71, 0x06, 0xf9, 0xca, 0x71, 0x06, 0xf9, 0xca, 0x71, 0x06, 0xf9, 0xca, 0x71, 0x06, 0xf9,
  0xca, 0x71, 0x06, 0xf3, 0xde, 0x7c, 0x07, 0xf9, 0xcb, 0x72, 0x06, 0x7b, 0x00, 0x00, 0x00, 0x00,
  0x00, 0x00, 0x00, 0x00, 0xca, 0x71, 0x06, 0x7e, 0xde, 0x7d, 0x07, 0xff, 0xca, 0x71, 0x06, 0xf9,
  0xcb, 0x72, 0x06, 0xff, 0xcb, 0x72, 0x06, 0xff, 0xcb, 0x72, 0x06, 0xff, 0xcb, 0x72, 0x06, 0xff,
  0xcb, 0x72, 0x06, 0xff, 0xcb, 0x72, 0x06, 0xff, 0xcb, 0x72, 0x06, 0xff, 0xcb, 0x72, 0x06, 0xff,
  0xcb, 0x72, 0x06, 0xff, 0xcb, 0x72, 0x06, 0xff, 0xcb, 0x72, 0x06, 0xff, 0xcb, 0x72, 0x06, 0xff,
  0xcb, 0x72, 0x06, 0xff, 0xcb, 0x72, 0x06, 0xff, 0xcb, 0x72, 0x06, 0xff, 0xcb, 0x72, 0x06, 0xff,
  0xcb, 0x72, 0x06, 0xff, 0xcb, 0x72, 0x06, 0xff, 0xcb, 0x72, 0x06, 0xff, 0xcb, 0x72, 0x06, 0xff,
  0xcb, 0x72, 0x06, 0xff, 0xcb, 0x72, 0x06, 0xff, 0xcb, 0x72, 0x06, 0xff, 0xcb, 0x72, 0x06, 0xff,
  0xcb, 0x72, 0x06, 0xff, 0xcb, 0x72, 0x06, 0xff, 0xcb, 0x72, 0x06, 0xff, 0xcb, 0x72, 0x06, 0xff,
  0xcb, 0x72, 0x06, 0xff, 0xcb, 0x72, 0x06, 0xff, 0xcb, 0x72, 0x06, 0xff, 0xcb, 0x72, 0x06, 0xff,
  0xcb, 0x72, 0x06, 0xff, 0xcb, 0x72, 0x06, 0xff, 0xcb, 0x72, 0x06, 0xff, 0xcb, 0x72, 0x06, 0xff,
  0xcb, 0x72, 0x06, 0xff, 0xcb, 0x72, 0x06, 0xff, 0xcb, 0x72, 0x06, 0xff, 0xcb, 0x72, 0x06, 0xff,
  0xca, 0x71, 0x06, 0xf9, 0xde, 0x7d, 0x07, 0xff, 0xca, 0x71, 0x06, 0x7e, 0x00, 0x00, 0x00, 0x00,
  0x00, 0x00, 0x00, 0x00, 0xca, 0x71, 0x06, 0x7e, 0xde, 0x7d, 0x07, 0xff, 0xca, 0x71, 0x06, 0xf9,
  0xcb, 0x72, 0x06, 0xff, 0xcb, 0x72, 0x06, 0xff, 0xcb, 0x72, 0x06, 0xff, 0xcb, 0x72, 0x06, 0xff,
  0xcb, 0x72, 0x06, 0xff, 0xcb, 0x72, 0x06, 0xff, 0xcb, 0x72, 0x06, 0xff, 0xcb, 0x72, 0x06, 0xff,
  0xcb, 0x72, 0x06, 0xff, 0xcb, 0x72, 0x06, 0xff, 0xcb, 0x72, 0x06, 0xff, 0xcb, 0x72, 0x06, 0xff,
  0xcb, 0x72, 0x06, 0xff, 0xcb, 0x72, 0x06, 0xff, 0xcb, 0x72, 0x06, 0xff, 0xcb, 0x72, 0x06, 0xff,
  0xcb, 0x72, 0x06, 0xff, 0xcb, 0x72, 0x06, 0xff, 0xcb, 0x72, 0x06, 0xff, 0xcb, 0x72, 0x06, 0xff,
  0xcb, 0x72, 0x06, 0xff, 0xcb, 0x72, 0x06, 0xff, 0xcb, 0x72, 0x06, 0xff, 0xcb, 0x72, 0x06, 0xff,
  0xcb, 0x72, 0x06, 0xff, 0xcb, 0x72, 0x06, 0xff, 0xcb, 0x72, 0x06, 0xff, 0xcb, 0x72, 0x06, 0xff,
  0xcb, 0x72, 0x06, 0xff, 0xcb, 0x72, 0x06, 0xff, 0xcb, 0x72, 0x06, 0xff, 0xcb, 0x72, 0x06, 0xff,
  0xcb, 0x72, 0x06, 0xff, 0xcb, 0x72, 0x06, 0xff, 0xcb, 0x72, 0x06, 0xff, 0xcb, 0x72, 0x06, 0xff,
  0xcb, 0x72, 0x06, 0xff, 0xcb, 0x72, 0x06, 0xff, 0xcb, 0x72, 0x06, 0xff, 0xcb, 0x72, 0x06, 0xff,
  0xca, 0x71, 0x06, 0xf9, 0xde, 0x7d, 0x07, 0xff, 0xca, 0x71, 0x06, 0x7e, 0x00, 0x00, 0x00, 0x00,
  0x00, 0x00, 0x00, 0x00, 0xca, 0x71, 0x06, 0x7e, 0xde, 0x7d, 0x07, 0xff, 0xca, 0x71, 0x06, 0xf9,
  0xcb, 0x72, 0x06, 0xff, 0xcb, 0x72, 0x06, 0xff, 0xcb, 0x72, 0x06, 0xff, 0xcb, 0x72, 0x06, 0xff,
  0xcb, 0x72, 0x06, 0xff, 0xcb, 0x72, 0x06, 0xff, 0xcb, 0x72, 0x06, 0xff, 0xcb, 0x72, 0x06, 0xff,
  0xcb, 0x72, 0x06, 0xff, 0xcb, 0x72, 0x06, 0xff, 0xcb, 0x72, 0x06, 0xff, 0xcb, 0x72, 0x06, 0xff,
  0xcb, 0x72, 0x06, 0xff, 0xcb, 0x72, 0x06, 0xff, 0xcb, 0x72, 0x06, 0xff, 0xcb, 0x72, 0x06, 0xff,
  0xcb, 0x72, 0x06, 0xff, 0xcb, 0x72, 0x06, 0xff, 0xcb, 0x72, 0x06, 0xff, 0xcb, 0x72, 0x06, 0xff,
  0xcb, 0x72, 0x06, 0xff, 0xcb, 0x72, 0x06, 0xff, 0xcb, 0x72, 0x06, 0xff, 0xcb, 0x72, 0x06, 0xff,
  0xcb, 0x72, 0x06, 0xff, 0xcb, 0x72, 0x06, 0xff, 0xcb, 0x72, 0x06, 0xff, 0xcb, 0x72, 0x06, 0xff,
  0xcb, 0x72, 0x06, 0xff, 0xcb, 0x72, 0x06, 0xff, 0xcb, 0x72, 0x06, 0xff, 0xcb, 0x72, 0x06, 0xff,
  0xcb, 0x72, 0x06, 0xff, 0xcb, 0x72, 0x06, 0xff, 0xcb, 0x72, 0x06, 0xff, 0xcb, 0x72, 0x06, 0xff,
  0xcb, 0x72, 0x06, 0xff, 0xcb, 0x72, 0x06, 0xff, 0xcb, 0x72, 0x06, 0xff, 0xcb, 0x72, 0x06, 0xff,
  0xca, 0x71, 0x06, 0xf9, 0xde, 0x7d, 0x07, 0xff, 0xca, 0x71, 0x06, 0x7e, 0x00, 0x00, 0x00, 0x00,
  0x00, 0x00, 0x00, 0x00, 0xca, 0x71, 0x06, 0x7e, 0xde, 0x7d, 0x07, 0xff, 0xca, 0x71, 0x06, 0xf9,
  0xcb, 0x72, 0x06, 0xff, 0xcb, 0x72, 0x06, 0xff, 0xcb, 0x72, 0x06, 0xff, 0xcb, 0x72, 0x06, 0xff,
  0xcb, 0x72, 0x06, 0xff, 0xcb, 0x72, 0x06, 0xff, 0xcb, 0x72, 0x06, 0xff, 0xcb, 0x72, 0x06, 0xff,
  0xcb, 0x72, 0x06, 0xff, 0xcb, 0x72, 0x06, 0xff, 0xcb, 0x72, 0x06, 0xff, 0xcb, 0x72, 0x06, 0xff,
  0xcb, 0x72, 0x06, 0xff, 0xcb, 0x72, 0x06, 0xff, 0xcb, 0x72, 0x06, 0xff, 0xcb, 0x72, 0x06, 0xff,
  0xcb, 0x72, 0x06, 0xff, 0xcb, 0x72, 0x06, 0xff, 0xcb, 0x72, 0x06, 0xff, 0xcb, 0x72, 0x06, 0xff,
  0xcb, 0x72, 0x06, 0xff, 0xcb, 0x72, 0x06, 0xff, 0xcb, 0x72, 0x06, 0xff, 0xcb, 0x72, 0x06, 0xff,
  0xcb, 0x72, 0x06, 0xff, 0xcb, 0x72, 0x06, 0xff, 0xcb, 0x72, 0x06, 0xff, 0xcb, 0x72, 0x06, 0xff,
  0xcb, 0x72, 0x06, 0xff, 0xcb, 0x72, 0x06, 0xff, 0xcb, 0x72, 0x06, 0xff, 0xcb, 0x72, 0x06, 0xff,
  0xcb, 0x72, 0x06, 0xff, 0xcb, 0x72, 0x06, 0xff, 0xcb, 0x72, 0x06, 0xff, 0xcb, 0x72, 0x06, 0xff,
  0xcb, 0x72, 0x06, 0xff, 0xcb, 0x72, 0x06, 0xff, 0xcb, 0x72, 0x06, 0xff, 0xcb, 0x72, 0x06, 0xff,
  0xca, 0x71, 0x06, 0xf9, 0xde, 0x7d, 0x07, 0xff, 0xca, 0x71, 0x06, 0x7e, 0x00, 0x00, 0x00, 0x00,
  0x00, 0x00, 0x00, 0x00, 0xca, 0x71, 0x06, 0x7e, 0xde, 0x7d, 0x07, 0xff, 0xca, 0x71, 0x06, 0xf9,
  0xcb, 0x72, 0x06, 0xff, 0xcb, 0x72, 0x06, 0xff, 0xcb, 0x72, 0x06, 0xff, 0xcb, 0x72, 0x06, 0xff,
  0xcb, 0x72, 0x06, 0xff, 0xcb, 0x72, 0x06, 0xff, 0xcb, 0x72, 0x06, 0xff, 0xcb, 0x72, 0x06, 0xff,
  0xcb, 0x72, 0x06, 0xff, 0xcb, 0x72, 0x06, 0xff, 0xcb, 0x72, 0x06, 0xff, 0xcb, 0x72, 0x06, 0xff,
  0xcb, 0x72, 0x06, 0xff, 0xcb, 0x72, 0x06, 0xff, 0xcb, 0x72, 0x06, 0xff, 0xcb, 0x72, 0x06, 0xff,
  0xcb, 0x72, 0x06, 0xff, 0xcb, 0x72, 0x06, 0xff, 0xcb, 0x72, 0x06, 0xff, 0xcb, 0x72, 0x06, 0xff,
  0xcb, 0x72, 0x06, 0xff, 0xcb, 0x72, 0x06, 0xff, 0xcb, 0x72, 0x06, 0xff, 0xcb, 0x72, 0x06, 0xff,
  0xcb, 0x72, 0x06, 0xff, 0xcb, 0x72, 0x06, 0xff, 0xcb, 0x72, 0x06, 0xff, 0xcb, 0x72, 0x06, 0xff,
  0xcb, 0x72, 0x06, 0xff, 0xcb, 0x72, 0x06, 0xff, 0xcb, 0x72, 0x06, 0xff, 0xcb, 0x72, 0x06, 0xff,
  0xcb, 0x72, 0x06, 0xff, 0xcb, 0x72, 0x06, 0xff, 0xcb, 0x72, 0x06, 0xff, 0xcb, 0x72, 0x06, 0xff,
  0xcb, 0x72, 0x06, 0xff, 0xcb, 0x72, 0x06, 0xff, 0xcb, 0x72, 0x06, 0xff, 0xcb, 0x72, 0x06, 0xff,
  0xca, 0x71, 0x06, 0xf9, 0xde, 0x7d, 0x07, 0xff, 0xca, 0x71, 0x06, 0x7e, 0x00, 0x00, 0x00, 0x00,
  0x00, 0x00, 0x00, 0x00, 0xca, 0x71, 0x06, 0x7e, 0xde, 0x7d, 0x07, 0xff, 0xca, 0x71, 0x06, 0xf9,
  0xcb, 0x72, 0x06, 0xff, 0xcb, 0x72, 0x06, 0xff, 0xcb, 0x72, 0x06, 0xff, 0xcb, 0x72, 0x06, 0xff,
  0xcb, 0x72, 0x06, 0xff, 0xcb, 0x72, 0x06, 0xff, 0xcb, 0x72, 0x06, 0xff, 0xcb, 0x72, 0x06, 0xff,
  0xcb, 0x72, 0x06, 0xff, 0xcb, 0x72, 0x06, 0xff, 0xcb, 0x72, 0x06, 0xff, 0xcb, 0x72, 0x06, 0xff,
  0xcb, 0x72, 0x06, 0xff, 0xcb, 0x72, 0x06, 0xff, 0xcb, 0x72, 0x06, 0xff, 0xcb, 0x72, 0x06, 0xff,
  0xcb, 0x72, 0x06, 0xff, 0xcb, 0x72, 0x06, 0xff, 0xcb, 0x72, 0x06, 0xff, 0xcb, 0x72, 0x06, 0xff,
  0xcb, 0x72, 0x06, 0xff, 0xcb, 0x72, 0x06, 0xff, 0xcb, 0x72, 0x06, 0xff, 0xcb, 0x72, 0x06, 0xff,
  0xcb, 0x72, 0x06, 0xff, 0xcb, 0x72, 0x06, 0xff, 0xcb, 0x72, 0x06, 0xff, 0xcb, 0x72, 0x06, 0xff,
  0xcb, 0x72, 0x06, 0xff, 0xcb, 0x72, 0x06, 0xff, 0xcb, 0x72, 0x06, 0xff, 0xcb, 0x72, 0x06, 0xff,
  0xcb, 0x72, 0x06, 0xff, 0xcb, 0x72, 0x06, 0xff, 0xcb, 0x72, 0x06, 0xff, 0xcb, 0x72, 0x06, 0xff,
  0xcb, 0x72, 0x06, 0xff, 0xcb, 0x72, 0x06, 0xff, 0xcb, 0x72, 0x06, 0xff, 0xcb, 0x72, 0x06, 0xff,
  0xca, 0x71, 0x06, 0xf9, 0xde, 0x7d, 0x07, 0xff, 0xca, 0x71, 0x06, 0x7e, 0x00, 0x00, 0x00, 0x00,
  0x00, 0x00, 0x00, 0x00, 0xca, 0x71, 0x06, 0x7e, 0xde, 0x7d, 0x07, 0xff, 0xca, 0x71, 0x06, 0xf9,
  0xcb, 0x72, 0x06, 0xff, 0xcb, 0x72, 0x06, 0xff, 0xcb, 0x72, 0x06, 0xff, 0xcb, 0x72, 0x06, 0xff,
  0xcb, 0x72, 0x06, 0xff, 0xcb, 0x72, 0x06, 0xff, 0xcb, 0x72, 0x06, 0xff, 0xcb, 0x72, 0x06, 0xff,
  0xcb, 0x72, 0x06, 0xff, 0xcb, 0x72, 0x06, 0xff, 0xcb, 0x72, 0x06, 0xff, 0xcb, 0x72, 0x06, 0xff,
  0xcb, 0x72, 0x06, 0xff, 0xcb, 0x72, 0x06, 0xff, 0xcb, 0x72, 0x06, 0xff, 0xcb, 0x72, 0x06, 0xff,
  0xcb, 0x72, 0x06, 0xff, 0xcb, 0x72, 0x06, 0xff, 0xcb, 0x72, 0x06, 0xff, 0xcb, 0x72, 0x06, 0xff,
  0xcb, 0x72, 0x06, 0xff, 0xcb, 0x72, 0x06, 0xff, 0xcb, 0x72, 0x06, 0xff, 0xcb, 0x72, 0x06, 0xff,
  0xcb, 0x72, 0x06, 0xff, 0xcb, 0x72, 0x06, 0xff, 0xcb, 0x72, 0x06, 0xff, 0xcb, 0x72, 0x06, 0xff,
  0xcb, 0x72, 0x06, 0xff, 0xcb, 0x72, 0x06, 0xff, 0xcb, 0x72, 0x06, 0xff, 0xcb, 0x72, 0x06, 0xff,
  0xcb, 0x72, 0x06, 0xff, 0xcb, 0x72, 0x06, 0xff, 0xcb, 0x72, 0x06, 0xff, 0xcb, 0x72, 0x06, 0xff,
  0xcb, 0x72, 0x06, 0xff, 0xcb, 0x72, 0x06, 0xff, 0xcb, 0x72, 0x06, 0xff, 0xcb, 0x72, 0x06, 0xff,
  0xca, 0x71, 0x06, 0xf9, 0xde, 0x7d, 0x07, 0xff, 0xca, 0x71, 0x06, 0x7e, 0x00, 0x00, 0x00, 0x00,
  0x00, 0x00, 0x00, 0x00, 0xca, 0x71, 0x06, 0x7e, 0xde, 0x7d, 0x07, 0xff, 0xca, 0x71, 0x06, 0xf9,
  0xcb, 0x72, 0x06, 0xff, 0xcb, 0x72, 0x06, 0xff, 0xcb, 0x72, 0x06, 0xff, 0xcb, 0x72, 0x06, 0xff,
  0xcb, 0x72, 0x06, 0xff, 0xcb, 0x72, 0x06, 0xff, 0xcb, 0x72, 0x06, 0xff, 0xcb, 0x72, 0x06, 0xff,
  0xcb, 0x72, 0x06, 0xff, 0xcb, 0x72, 0x06, 0xff, 0xcb, 0x72, 0x06, 0xff, 0xcb, 0x72, 0x06, 0xff,
  0xcb, 0x72, 0x06, 0xff, 0xcb, 0x72, 0x06, 0xff, 0xcb, 0x72, 0x06, 0xff, 0xcb, 0x72, 0x06, 0xff,
  0xcb, 0x72, 0x06, 0xff, 0xcb, 0x72, 0x06, 0xff, 0xcb, 0x72, 0x06, 0xff, 0xcb, 0x72, 0x06, 0xff,
  0xcb, 0x72, 0x06, 0xff, 0xcb, 0x72, 0x06, 0xff, 0xcb, 0x72, 0x06, 0xff, 0xcb, 0x72, 0x06, 0xff,
  0xcb, 0x72, 0x06, 0xff, 0xcb, 0x72, 0x06, 0xff, 0xcb, 0x72, 0x06, 0xff, 0xcb, 0x72, 0x06, 0xff,
  0xcb, 0x72, 0x06, 0xff, 0xcb, 0x72, 0x06, 0xff, 0xcb, 0x72, 0x06, 0xff, 0xcb, 0x72, 0x06, 0xff,
  0xcb, 0x72, 0x06, 0xff, 0xcb, 0x72, 0x06, 0xff, 0xcb, 0x72, 0x06, 0xff, 0xcb, 0x72, 0x06, 0xff,
  0xcb, 0x72, 0x06, 0xff, 0xcb, 0x72, 0x06, 0xff, 0xcb, 0x72, 0x06, 0xff, 0xcb, 0x72, 0x06, 0xff,
  0xca, 0x71, 0x06, 0xf9, 0xde, 0x7d, 0x07, 0xff, 0xca, 0x71, 0x06, 0x7e, 0x00, 0x00, 0x00, 0x00,
  0x00, 0x00, 0x00, 0x00, 0xca, 0x71, 0x06, 0x7e, 0xde, 0x7d, 0x07, 0xff, 0xca, 0x71, 0x06, 0xf9,
  0xcb, 0x72, 0x06, 0xff, 0xcb, 0x72, 0x06, 0xff, 0xcb, 0x72, 0x06, 0xff, 0xcb, 0x72, 0x06, 0xff,
  0xcb, 0x72, 0x06, 0xff, 0xcb, 0x72, 0x06, 0xff, 0xcb, 0x72, 0x06, 0xff, 0xcb, 0x72, 0x06, 0xff,
  0xcb, 0x72, 0x06, 0xff, 0xcb, 0x72, 0x06, 0xff, 0xcb, 0x72, 0x06, 0xff, 0xcb, 0x72, 0x06, 0xff,
  0xcb, 0x72, 0x06, 0xff, 0xcb, 0x72, 0x06, 0xff, 0xcb, 0x72, 0x06, 0xff, 0xcb, 0x72, 0x06, 0xff,
  0xcb, 0x72, 0x06, 0xff, 0xcb, 0x72, 0x06, 0xff, 0xcb, 0x72, 0x06, 0xff, 0xcb, 0x72, 0x06, 0xff,
  0xcb, 0x72, 0x06, 0xff, 0xcb, 0x72, 0x06, 0xff, 0xcb, 0x72, 0x06, 0xff, 0xcb, 0x72, 0x06, 0xff,
  0xcb, 0x72, 0x06, 0xff, 0xcb, 0x72, 0x06, 0xff, 0xcb, 0x72, 0x06, 0xff, 0xcb, 0x72, 0x06, 0xff,
  0xcb, 0x72, 0x06, 0xff, 0xcb, 0x72, 0x06, 0xff, 0xcb, 0x72, 0x06, 0xff, 0xcb, 0x72, 0x06, 0xff,
  0xcb, 0x72, 0x06, 0xff, 0xcb, 0x72, 0x06, 0xff, 0xcb, 0x72, 0x06, 0xff, 0xcb, 0x72, 0x06, 0xff,
  0xcb, 0x72, 0x06, 0xff, 0xcb, 0x72, 0x06, 0xff, 0xcb, 0x72, 0x06, 0xff, 0xcb, 0x72, 0x06, 0xff,
  0xca, 0x71, 0x06, 0xf9, 0xde, 0x7d, 0x07, 0xff, 0xca, 0x71, 0x06, 0x7e, 0x00, 0x00, 0x00, 0x00,
  0x00, 0x00, 0x00, 0x00, 0xca, 0x71, 0x06, 0x7e, 0xde, 0x7d, 0x07, 0xff, 0xca, 0x71, 0x06, 0xf9,
  0xcb, 0x72, 0x06, 0xff, 0xcb, 0x72, 0x06, 0xff, 0xcb, 0x72, 0x06, 0xff, 0xcb, 0x72, 0x06, 0xff,
  0xcb, 0x72, 0x06, 0xff, 0xcb, 0x72, 0x06, 0xff, 0xcb, 0x72, 0x06, 0xff, 0xcb, 0x72, 0x06, 0xff,
  0xcb, 0x72, 0x06, 0xff, 0xcb, 0x72, 0x06, 0xff, 0xcb, 0x72, 0x06, 0xff, 0xcb, 0x72, 0x06, 0xff,
  0xcb, 0x72, 0x06, 0xff, 0xcb, 0x72, 0x06, 0xff, 0xcb, 0x72, 0x06, 0xff, 0xcb, 0x72, 0x06, 0xff,
  0xcb, 0x72, 0x06, 0xff, 0xcb, 0x72, 0x06, 0xff, 0xcb, 0x72, 0x06, 0xff, 0xcb, 0x72, 0x06, 0xff,
  0xcb, 0x72, 0x06, 0xff, 0xcb, 0x72, 0x06, 0xff, 0xcb, 0x72, 0x06, 0xff, 0xcb, 0x72, 0x06, 0xff,
  0xcb, 0x72, 0x06, 0xff, 0xcb, 0x72, 0x06, 0xff, 0xcb, 0x72, 0x06, 0xff, 0xcb, 0x72, 0x06, 0xff,
  0xcb, 0x72, 0x06, 0xff, 0xcb, 0x72, 0x06, 0xff, 0xcb, 0x72, 0x06, 0xff, 0xcb, 0x72, 0x06, 0xff,
  0xcb, 0x72, 0x06, 0xff, 0xcb, 0x72, 0x06, 0xff, 0xcb, 0x72, 0x06, 0xff, 0xcb, 0x72, 0x06, 0xff,
  0xcb, 0x72, 0x06, 0xff, 0xcb, 0x72, 0x06, 0xff, 0xcb, 0x72, 0x06, 0xff, 0xcb, 0x72, 0x06, 0xff,
  0xca, 0x71, 0x06, 0xf9, 0xde, 0x7d, 0x07, 0xff, 0xca, 0x71, 0x06, 0x7e, 0x00, 0x00, 0x00, 0x00,
  0x00, 0x00, 0x00, 0x00, 0xca, 0x71, 0x06, 0x7e, 0xde, 0x7d, 0x07, 0xff, 0xca, 0x71, 0x06, 0xf9,
  0xcb, 0x72, 0x06, 0xff, 0xcb, 0x72, 0x06, 0xff, 0xcb, 0x72, 0x06, 0xff, 0xcb, 0x72, 0x06, 0xff,
  0xcb, 0x72, 0x06, 0xff, 0xcb, 0x72, 0x06, 0xff, 0xcb, 0x72, 0x06, 0xff, 0xcb, 0x72, 0x06, 0xff,
  0xcb, 0x72, 0x06, 0xff, 0xcb, 0x72, 0x06, 0xff, 0xcb, 0x72, 0x06, 0xff, 0xcb, 0x72, 0x06, 0xff,
  0xcb, 0x72, 0x06, 0xff, 0xcb, 0x72, 0x06, 0xff, 0xcb, 0x72, 0x06, 0xff, 0xcb, 0x72, 0x06, 0xff,
  0xcb, 0x72, 0x06, 0xff, 0xcb, 0x72, 0x06, 0xff, 0xcb, 0x72, 0x06, 0xff, 0xcb, 0x72, 0x06, 0xff,
  0xcb, 0x72, 0x06, 0xff, 0xcb, 0x72, 0x06, 0xff, 0xcb, 0x72, 0x06, 0xff, 0xcb, 0x72, 0x06, 0xff,
  0xcb, 0x72, 0x06, 0xff, 0xcb, 0x72, 0x06, 0xff, 0xcb, 0x72, 0x06, 0xff, 0xcb, 0x72, 0x06, 0xff,
  0xcb, 0x72, 0x06, 0xff, 0xcb, 0x72, 0x06, 0xff, 0xcb, 0x72, 0x06, 0xff, 0xcb, 0x72, 0x06, 0xff,
  0xcb, 0x72, 0x06, 0xff, 0xcb, 0x72, 0x06, 0xff, 0xcb, 0x72, 0x06, 0xff, 0xcb, 0x72, 0x06, 0xff,
  0xcb, 0x72, 0x06, 0xff, 0xcb, 0x72, 0x06, 0xff, 0xcb, 0x72, 0x06, 0xff, 0xcb, 0x72, 0x06, 0xff,
  0xca, 0x71, 0x06, 0xf9, 0xde, 0x7d, 0x07, 0xff, 0xca, 0x71, 0x06, 0x7e, 0x00, 0x00, 0x00, 0x00,
  0x00, 0x00, 0x00, 0x00, 0xca, 0x71, 0x06, 0x7e, 0xde, 0x7d, 0x07, 0xff, 0xca, 0x71, 0x06, 0xf9,
  0xcb, 0x72, 0x06, 0xff, 0xcb, 0x72, 0x06, 0xff, 0xcb, 0x72, 0x06, 0xff, 0xcb, 0x73, 0x07, 0xff,
  0xcb, 0x72, 0x07, 0xff, 0xcb, 0x72, 0x07, 0xff, 0xcb, 0x72, 0x07, 0xff, 0xcb, 0x72, 0x07, 0xff,
  0xcb, 0x72, 0x06, 0xff, 0xcb, 0x72, 0x06, 0xff, 0xcb, 0x72, 0x06, 0xff, 0xcb, 0x72, 0x06, 0xff,
  0xcb, 0x72, 0x06, 0xff, 0xcb, 0x72, 0x06, 0xff, 0xcb, 0x72, 0x06, 0xff, 0xcb, 0x72, 0x06, 0xff,
  0xcb, 0x72, 0x06, 0xff, 0xcb, 0x74, 0x09, 0xff, 0xcb, 0x73, 0x07, 0xff, 0xcb, 0x72, 0x06, 0xff,
  0xcb, 0x72, 0x06, 0xff, 0xcb, 0x72, 0x06, 0xff, 0xcb, 0x72, 0x06, 0xff, 0xcb, 0x72, 0x07, 0xff,
  0xcb, 0x72, 0x07, 0xff, 0xcb, 0x72, 0x06, 0xff, 0xcb, 0x72, 0x06, 0xff, 0xcb, 0x72, 0x06, 0xff,
  0xcb, 0x72, 0x06, 0xff, 0xcb, 0x72, 0x06, 0xff, 0xcb, 0x72, 0x06, 0xff, 0xcb, 0x72, 0x06, 0xff,
  0xcb, 0x72, 0x06, 0xff, 0xcb, 0x72, 0x06, 0xff, 0xcb, 0x72, 0x06, 0xff, 0xcb, 0x72, 0x06, 0xff,
  0xcb, 0x72, 0x06, 0xff, 0xcb, 0x72, 0x06, 0xff, 0xcb, 0x72, 0x06, 0xff, 0xcb, 0x72, 0x06, 0xff,
  0xca, 0x71, 0x06, 0xf9, 0xde, 0x7d, 0x07, 0xff, 0xca, 0x71, 0x06, 0x7e, 0x00, 0x00, 0x00, 0x00,
  0x00, 0x00, 0x00, 0x00, 0xca, 0x71, 0x06, 0x7e, 0xde, 0x7d, 0x07, 0xff, 0xca, 0x71, 0x06, 0xf9,
  0xcb, 0x72, 0x06, 0xff, 0xcb, 0x72, 0x06, 0xff, 0xcb, 0x72, 0x06, 0xff, 0xca, 0x70, 0x00, 0xff,
  0xca, 0x6f, 0x00, 0xff, 0xca, 0x6f, 0x00, 0xff, 0xca, 0x6f, 0x00, 0xff, 0xca, 0x70, 0x03, 0xff,
  0xcb, 0x73, 0x06, 0xff, 0xcc, 0x74, 0x09, 0xff, 0xcb, 0x72, 0x07, 0xff, 0xcb, 0x72, 0x06, 0xff,
  0xcb, 0x72, 0x06, 0xff, 0xcb, 0x72, 0x06, 0xff, 0xcb, 0x72, 0x06, 0xff, 0xcb, 0x73, 0x08, 0xff,
  0xcb, 0x72, 0x05, 0xff, 0xc7, 0x68, 0x00, 0xff, 0xca, 0x6f, 0x01, 0xff, 0xcb, 0x73, 0x07, 0xff,
  0xcb, 0x72, 0x06, 0xff, 0xcb, 0x72, 0x06, 0xff, 0xcb, 0x72, 0x06, 0xff, 0xca, 0x6f, 0x02, 0xff,
  0xca, 0x6f, 0x00, 0xff, 0xcb, 0x71, 0x03, 0xff, 0xcb, 0x72, 0x06, 0xff, 0xcb, 0x72, 0x06, 0xff,
  0xcb, 0x72, 0x06, 0xff, 0xcb, 0x72, 0x06, 0xff, 0xcb, 0x72, 0x07, 0xff, 0xcb, 0x72, 0x07, 0xff,
  0xcb, 0x73, 0x07, 0xff, 0xcb, 0x72, 0x06, 0xff, 0xcb, 0x72, 0x06, 0xff, 0xcb, 0x72, 0x06, 0xff,
  0xcb, 0x72, 0x06, 0xff, 0xcb, 0x72, 0x06, 0xff, 0xcb, 0x72, 0x06, 0xff, 0xcb, 0x72, 0x06, 0xff,
  0xca, 0x71, 0x06, 0xf9, 0xde, 0x7d, 0x07, 0xff, 0xca, 0x71, 0x06, 0x7e, 0x00, 0x00, 0x00, 0x00,
  0x00, 0x00, 0x00, 0x00, 0xca, 0x71, 0x06, 0x7e, 0xde, 0x7d, 0x07, 0xff, 0xca, 0x71, 0x06, 0xf9,
  0xcb, 0x72, 0x06, 0xff, 0xcb, 0x72, 0x05, 0xff, 0xcb, 0x72, 0x05, 0xff, 0xd1, 0x82, 0x23, 0xff,
  0xd3, 0x85, 0x2a, 0xff, 0xd2, 0x83, 0x25, 0xff, 0xd2, 0x85, 0x27, 0xff, 0xd0, 0x80, 0x1d, 0xff,
  0xca, 0x6f, 0x05, 0xff, 0xc7, 0x6a, 0x00, 0xff, 0xcc, 0x73, 0x07, 0xff, 0xcb, 0x73, 0x08, 0xff,
  0xcb, 0x72, 0x06, 0xff, 0xcb, 0x73, 0x06, 0xff, 0xcb, 0x74, 0x0a, 0xff, 0xc9, 0x6e, 0x00, 0xff,
  0xcc, 0x75, 0x0c, 0xff, 0xdd, 0xa6, 0x61, 0xff, 0xcf, 0x7e, 0x1f, 0xff, 0xc9, 0x6e, 0x02, 0xff,
  0xcd, 0x75, 0x0b, 0xff, 0xca, 0x72, 0x04, 0xff, 0xcc, 0x73, 0x09, 0xff, 0xd0, 0x80, 0x1f, 0xff,
  0xd3, 0x86, 0x28, 0xff, 0xcf, 0x7b, 0x14, 0xff, 0xcb, 0x71, 0x04, 0xff, 0xcb, 0x73, 0x07, 0xff,
  0xcb, 0x72, 0x06, 0xff, 0xcb, 0x72, 0x05, 0xff, 0xcb, 0x71, 0x05, 0xff, 0xcb, 0x72, 0x06, 0xff,
  0xcb, 0x71, 0x05, 0xff, 0xcb, 0x72, 0x05, 0xff, 0xcb, 0x72, 0x06, 0xff, 0xcb, 0x72, 0x06, 0xff,
  0xcb, 0x72, 0x06, 0xff, 0xcb, 0x72, 0x06, 0xff, 0xcb, 0x72, 0x06, 0xff, 0xcb, 0x72, 0x06, 0xff,
  0xca, 0x71, 0x06, 0xf9, 0xde, 0x7d, 0x07, 0xff, 0xca, 0x71, 0x06, 0x7e, 0x00, 0x00, 0x00, 0x00,
  0x00, 0x00, 0x00, 0x00, 0xca, 0x71, 0x06, 0x7e, 0xde, 0x7d, 0x07, 0xff, 0xca, 0x71, 0x06, 0xf9,
  0xcb, 0x73, 0x07, 0xff, 0xcb, 0x70, 0x05, 0xff, 0xca, 0x71, 0x10, 0xff, 0xec, 0xcb, 0xa1, 0xff,
  0xf4, 0xe0, 0xc9, 0xff, 0xf1, 0xda, 0xbe, 0xff, 0xf1, 0xdb, 0xbe, 0xff, 0xf0, 0xd8, 0xb8, 0xff,
  0xec, 0xcc, 0xa5, 0xff, 0xdb, 0xa0, 0x59, 0xff, 0xca, 0x6f, 0x02, 0xff, 0xcb, 0x72, 0x07, 0xff,
  0xcb, 0x73, 0x08, 0xff, 0xcc, 0x75, 0x0a, 0xff, 0xc9, 0x6c, 0x00, 0xff, 0xcd, 0x79, 0x15, 0xff,
  0xe9, 0xc2, 0x93, 0xff, 0xfe, 0xfc, 0xfb, 0xff, 0xf1, 0xd7, 0xba, 0xff, 0xcd, 0x78, 0x13, 0xff,
  0xc9, 0x6f, 0x00, 0xff, 0xc9, 0x6e, 0x04, 0xff, 0xcf, 0x7d, 0x1b, 0xff, 0xeb, 0xca, 0x9f, 0xff,
  0xf4, 0xe1, 0xca, 0xff, 0xdf, 0xa7, 0x64, 0xff, 0xc8, 0x6a, 0x00, 0xff, 0xcc, 0x74, 0x08, 0xff,
  0xcb, 0x73, 0x09, 0xff, 0xc8, 0x6b, 0x01, 0xff, 0xde, 0xa5, 0x61, 0xff, 0xee, 0xd1, 0xaf, 0xff,
  0xe6, 0xba, 0x85, 0xff, 0xcd, 0x79, 0x16, 0xff, 0xcb, 0x6f, 0x03, 0xff, 0xcb, 0x73, 0x08, 0xff,
  0xcb, 0x72, 0x06, 0xff, 0xcb, 0x72, 0x06, 0xff, 0xcb, 0x72, 0x06, 0xff, 0xcb, 0x72, 0x06, 0xff,
  0xca, 0x71, 0x06, 0xf9, 0xde, 0x7d, 0x07, 0xff, 0xca, 0x71, 0x06, 0x7e, 0x00, 0x00, 0x00, 0x00,
  0x00, 0x00, 0x00, 0x00, 0xca, 0x71, 0x06, 0x7e, 0xde, 0x7d, 0x07, 0xff, 0xca, 0x71, 0x06, 0xf9,
  0xcb, 0x73, 0x07, 0xff, 0xca, 0x6f, 0x04, 0xff, 0xcb, 0x71, 0x15, 0xff, 0xf6, 0xe6, 0xd0, 0xff,
  0xff, 0xff, 0xff, 0xff, 0xff, 0xff, 0xff, 0xff, 0xff, 0xff, 0xff, 0xff, 0xff, 0xff, 0xff, 0xff,
  0xff, 0xff, 0xff, 0xff, 0xfb, 0xf6, 0xee, 0xff, 0xe0, 0xac, 0x6c, 0xff, 0xc9, 0x6d, 0x00, 0xff,
  0xcb, 0x75, 0x0a, 0xff, 0xc8, 0x6a, 0x00, 0xff, 0xd3, 0x85, 0x27, 0xff, 0xef, 0xd1, 0xac, 0xff,
  0xff, 0xff, 0xff, 0xff, 0xfd, 0xfa, 0xf7, 0xff, 0xe4, 0xb5, 0x7c, 0xff, 0xcb, 0x70, 0x07, 0xff,
  0xd0, 0x7e, 0x1a, 0xff, 0xc8, 0x68, 0x01, 0xff, 0xd1, 0x80, 0x26, 0xff, 0xf5, 0xe7, 0xd3, 0xff,
  0xff, 0xff, 0xff, 0xff, 0xe5, 0xb8, 0x85, 0xff, 0xc7, 0x66, 0x00, 0xff, 0xcc, 0x75, 0x09, 0xff,
  0xcb, 0x73, 0x0b, 0xff, 0xc7, 0x67, 0x00, 0xff, 0xe9, 0xc3, 0x95, 0xff, 0xff, 0xff, 0xff, 0xff,
  0xf5, 0xe4, 0xcc, 0xff, 0xcf, 0x7c, 0x1e, 0xff, 0xca, 0x6d, 0x01, 0xff, 0xcc, 0x74, 0x09, 0xff,
  0xcb, 0x72, 0x06, 0xff, 0xcb, 0x72, 0x06, 0xff, 0xcb, 0x72, 0x06, 0xff, 0xcb, 0x72, 0x06, 0xff,
  0xca, 0x71, 0x06, 0xf9, 0xde, 0x7d, 0x07, 0xff, 0xca, 0x71, 0x06, 0x7e, 0x00, 0x00, 0x00, 0x00,
  0x00, 0x00, 0x00, 0x00, 0xca, 0x71, 0x06, 0x7e, 0xde, 0x7d, 0x07, 0xff, 0xca, 0x71, 0x06, 0xf9,
  0xcb, 0x73, 0x07, 0xff, 0xca, 0x70, 0x04, 0xff, 0xca, 0x6f, 0x12, 0xff, 0xf4, 0xe0, 0xc8, 0xff,
  0xff, 0xfd, 0xfe, 0xff, 0xe5, 0xba, 0x85, 0xff, 0xd9, 0x99, 0x4c, 0xff, 0xdf, 0xa8, 0x66, 0xff,
  0xf2, 0xdc, 0xc2, 0xff, 0xff, 0xff, 0xff, 0xff, 0xfb, 0xf5, 0xef, 0xff, 0xdb, 0x9b, 0x52, 0xff,
  0xc4, 0x61, 0x00, 0xff, 0xd8, 0x94, 0x43, 0xff, 0xf3, 0xe1, 0xc9, 0xff, 0xff, 0xff, 0xff, 0xff,
  0xfa, 0xf3, 0xe8, 0xff, 0xdb, 0x9f, 0x5a, 0xff, 0xc8, 0x68, 0x00, 0xff, 0xe3, 0xb4, 0x79, 0xff,
  0xf6, 0xe6, 0xd2, 0xff, 0xda, 0x98, 0x4c, 0xff, 0xcf, 0x7d, 0x1b, 0xff, 0xf3, 0xe0, 0xc8, 0xff,
  0xff, 0xfe, 0xfe, 0xff, 0xe3, 0xb4, 0x7b, 0xff, 0xc7, 0x67, 0x00, 0xff, 0xcc, 0x75, 0x09, 0xff,
  0xcb, 0x73, 0x0b, 0xff, 0xc7, 0x68, 0x00, 0xff, 0xe5, 0xbb, 0x86, 0xff, 0xff, 0xfe, 0xfd, 0xff,
  0xf1, 0xda, 0xba, 0xff, 0xce, 0x7b, 0x1b, 0xff, 0xca, 0x6e, 0x02, 0xff, 0xcc, 0x74, 0x08, 0xff,
  0xcb, 0x72, 0x06, 0xff, 0xcb, 0x72, 0x06, 0xff, 0xcb, 0x72, 0x06, 0xff, 0xcb, 0x72, 0x06, 0xff,
  0xca, 0x71, 0x06, 0xf9, 0xde, 0x7d, 0x07, 0xff, 0xca, 0x71, 0x06, 0x7e, 0x00, 0x00, 0x00, 0x00,
  0x00, 0x00, 0x00, 0x00, 0xca, 0x71, 0x06, 0x7e, 0xde, 0x7d, 0x07, 0xff, 0xca, 0x71, 0x06, 0xf9,
  0xcb, 0x73, 0x07, 0xff, 0xca, 0x70, 0x05, 0xff, 0xca, 0x6f, 0x12, 0xff, 0xf4, 0xe2, 0xca, 0xff,
  0xff, 0xfe, 0xfe, 0xff, 0xd9, 0x97, 0x46, 0xff, 0xc6, 0x65, 0x00, 0xff, 0xc8, 0x6a, 0x00, 0xff,
  0xd4, 0x8b, 0x31, 0xff, 0xf3, 0xde, 0xc5, 0xff, 0xff, 0xff, 0xff, 0xff, 0xea, 0xc7, 0x9d, 0xff,
  0xdb, 0x9e, 0x56, 0xff, 0xf9, 0xed, 0xde, 0xff, 0xff, 0xff, 0xff, 0xff, 0xf5, 0xe3, 0xce, 0xff,
  0xd6, 0x8e, 0x3d, 0xff, 0xc9, 0x6d, 0x07, 0xff, 0xe9, 0xc1, 0x92, 0xff, 0xfe, 0xfd, 0xfb, 0xff,
  0xff, 0xff, 0xff, 0xff, 0xe4, 0xb6, 0x7f, 0xff, 0xcd, 0x7a, 0x13, 0xff, 0xf4, 0xe2, 0xca, 0xff,
  0xff, 0xff, 0xff, 0xff, 0xe4, 0xb5, 0x7e, 0xff, 0xc7, 0x67, 0x00, 0xff, 0xcc, 0x75, 0x09, 0xff,
  0xcb, 0x73, 0x0b, 0xff, 0xc7, 0x67, 0x00, 0xff, 0xe6, 0xbd, 0x89, 0xff, 0xff, 0xff, 0xff, 0xff,
  0xf2, 0xdc, 0xbf, 0xff, 0xce, 0x7b, 0x1c, 0xff, 0xca, 0x6e, 0x02, 0xff, 0xcc, 0x74, 0x08, 0xff,
  0xcb, 0x72, 0x06, 0xff, 0xcb, 0x72, 0x06, 0xff, 0xcb, 0x72, 0x06, 0xff, 0xcb, 0x72, 0x06, 0xff,
  0xca, 0x71, 0x06, 0xf9, 0xde, 0x7d, 0x07, 0xff, 0xca, 0x71, 0x06, 0x7e, 0x00, 0x00, 0x00, 0x00,
  0x00, 0x00, 0x00, 0x00, 0xca, 0x71, 0x06, 0x7e, 0xde, 0x7d, 0x07, 0xff, 0xca, 0x71, 0x06, 0xf9,
  0xcb, 0x73, 0x07, 0xff, 0xca, 0x70, 0x05, 0xff, 0xca, 0x6f, 0x12, 0xff, 0xf4, 0xe2, 0xc9, 0xff,
  0xff, 0xfe, 0xfe, 0xff, 0xdc, 0xa0, 0x56, 0xff, 0xcb, 0x72, 0x06, 0xff, 0xcc, 0x75, 0x0b, 0xff,
  0xc8, 0x68, 0x00, 0xff, 0xe0, 0xac, 0x6d, 0xff, 0xff, 0xff, 0xfe, 0xff, 0xfb, 0xf2, 0xe7, 0xff,
  0xfc, 0xf6, 0xed, 0xff, 0xff, 0xff, 0xff, 0xff, 0xed, 0xcf, 0xab, 0xff, 0xcf, 0x7f, 0x23, 0xff,
  0xcc, 0x75, 0x12, 0xff, 0xed, 0xce, 0xa7, 0xff, 0xff, 0xff, 0xff, 0xff, 0xfd, 0xfb, 0xf7, 0xff,
  0xe4, 0xb6, 0x80, 0xff, 0xcb, 0x73, 0x09, 0xff, 0xdb, 0x9e, 0x54, 0xff, 0xfc, 0xf8, 0xf1, 0xff,
  0xff, 0xff, 0xff, 0xff, 0xe4, 0xb6, 0x7d, 0xff, 0xc8, 0x67, 0x00, 0xff, 0xcc, 0x75, 0x09, 0xff,
  0xcb, 0x73, 0x0b, 0xff, 0xc7, 0x67, 0x00, 0xff, 0xe6, 0xbd, 0x89, 0xff, 0xff, 0xff, 0xff, 0xff,
  0xf2, 0xdc, 0xbe, 0xff, 0xce, 0x7b, 0x1c, 0xff, 0xca, 0x6e, 0x02, 0xff, 0xcc, 0x74, 0x08, 0xff,
  0xcb, 0x72, 0x06, 0xff, 0xcb, 0x72, 0x06, 0xff, 0xcb, 0x72, 0x06, 0xff, 0xcb, 0x72, 0x06, 0xff,
  0xca, 0x71, 0x06, 0xf9, 0xde, 0x7d, 0x07, 0xff, 0xca, 0x71, 0x06, 0x7e, 0x00, 0x00, 0x00, 0x00,
  0x00, 0x00, 0x00, 0x00, 0xca, 0x71, 0x06, 0x7e, 0xde, 0x7d, 0x07, 0xff, 0xca, 0x71, 0x06, 0xf9,
  0xcb, 0x73, 0x07, 0xff, 0xca, 0x70, 0x05, 0xff, 0xca, 0x6f, 0x12, 0xff, 0xf4, 0xe2, 0xc9, 0xff,
  0xff, 0xfe, 0xfd, 0xff, 0xdb, 0x9d, 0x52, 0xff, 0xca, 0x6d, 0x00, 0xff, 0xcd, 0x76, 0x0e, 0xff,
  0xc7, 0x67, 0x02, 0xff, 0xda, 0x9a, 0x51, 0xff, 0xff, 0xfe, 0xfe, 0xff, 0xff, 0xff, 0xff, 0xff,
  0xff, 0xff, 0xff, 0xff, 0xfb, 0xf4, 0xed, 0xff, 0xd9, 0x98, 0x4a, 0xff, 0xcf, 0x7d, 0x1e, 0xff,
  0xf4, 0xdf, 0xc5, 0xff, 0xff, 0xff, 0xff, 0xff, 0xfc, 0xf5, 0xee, 0xff, 0xe0, 0xa8, 0x67, 0xff,
  0xca, 0x6f, 0x01, 0xff, 0xdd, 0xa2, 0x5b, 0xff, 0xfa, 0xf2, 0xe9, 0xff, 0xff, 0xff, 0xff, 0xff,
  0xff, 0xff, 0xff, 0xff, 0xe3, 0xb6, 0x7e, 0xff, 0xc8, 0x66, 0x00, 0xff, 0xcc, 0x74, 0x08, 0xff,
  0xcb, 0x72, 0x0a, 0xff, 0xc7, 0x67, 0x00, 0xff, 0xe6, 0xbd, 0x89, 0xff, 0xff, 0xff, 0xff, 0xff,
  0xf2, 0xdc, 0xbe, 0xff, 0xce, 0x7a, 0x1b, 0xff, 0xca, 0x6d, 0x01, 0xff, 0xcc, 0x73, 0x07, 0xff,
  0xcb, 0x72, 0x05, 0xff, 0xcb, 0x72, 0x06, 0xff, 0xcb, 0x72, 0x06, 0xff, 0xcb, 0x72, 0x06, 0xff,
  0xca, 0x71, 0x06, 0xf9, 0xde, 0x7d, 0x07, 0xff, 0xca, 0x71, 0x06, 0x7e, 0x00, 0x00, 0x00, 0x00,
  0x00, 0x00, 0x00, 0x00, 0xca, 0x71, 0x06, 0x7e, 0xde, 0x7d, 0x07, 0xff, 0xca, 0x71, 0x06, 0xf9,
  0xcb, 0x73, 0x07, 0xff, 0xca, 0x70, 0x05, 0xff, 0xca, 0x6f, 0x12, 0xff, 0xf4, 0xe2, 0xc9, 0xff,
  0xff, 0xfe, 0xfd, 0xff, 0xdc, 0xa0, 0x57, 0xff, 0xcb, 0x73, 0x04, 0xff, 0xce, 0x78, 0x0f, 0xff,
  0xc7, 0x67, 0x00, 0xff, 0xdd, 0xa4, 0x5e, 0xff, 0xff, 0xff, 0xff, 0xff, 0xfb, 0xf6, 0xef, 0xff,
  0xfe, 0xfd, 0xfb, 0xff, 0xff, 0xff, 0xff, 0xff, 0xf5, 0xe3, 0xcf, 0xff, 0xf8, 0xec, 0xdd, 0xff,
  0xff, 0xff, 0xff, 0xff, 0xf9, 0xee, 0xe2, 0xff, 0xd9, 0x99, 0x4c, 0xff, 0xca, 0x6e, 0x02, 0xff,
  0xe3, 0xb2, 0x78, 0xff, 0xfe, 0xfc, 0xf9, 0xff, 0xff, 0xff, 0xff, 0xff, 0xfd, 0xf8, 0xf3, 0xff,
  0xff, 0xff, 0xff, 0xff, 0xe4, 0xb8, 0x82, 0xff, 0xc9, 0x6b, 0x03, 0xff, 0xce, 0x79, 0x0e, 0xff,
  0xcd, 0x77, 0x10, 0xff, 0xc8, 0x69, 0x02, 0xff, 0xe6, 0xbd, 0x89, 0xff, 0xff, 0xff, 0xff, 0xff,
  0xf2, 0xdd, 0xc0, 0xff, 0xcf, 0x7e, 0x1f, 0xff, 0xcb, 0x71, 0x05, 0xff, 0xcd, 0x77, 0x0c, 0xff,
  0xcc, 0x75, 0x09, 0xff, 0xcb, 0x72, 0x06, 0xff, 0xcb, 0x72, 0x06, 0xff, 0xcb, 0x72, 0x06, 0xff,
  0xca, 0x71, 0x06, 0xf9, 0xde, 0x7d, 0x07, 0xff, 0xca, 0x71, 0x06, 0x7e, 0x00, 0x00, 0x00, 0x00,
  0x00, 0x00, 0x00, 0x00, 0xca, 0x71, 0x06, 0x7e, 0xde, 0x7d, 0x07, 0xff, 0xca, 0x71, 0x06, 0xf9,
  0xcb, 0x73, 0x07, 0xff, 0xca, 0x70, 0x05, 0xff, 0xca, 0x6f, 0x12, 0xff, 0xf4, 0xe2, 0xca, 0xff,
  0xff, 0xfe, 0xfd, 0xff, 0xd9, 0x99, 0x4a, 0xff, 0xc7, 0x68, 0x00, 0xff, 0xc7, 0x67, 0x00, 0xff,
  0xce, 0x7b, 0x15, 0xff, 0xed, 0xcf, 0xaa, 0xff, 0xff, 0xff, 0xff, 0xff, 0xee, 0xd2, 0xaf, 0xff,
  0xe3, 0xb1, 0x73, 0xff, 0xfb, 0xf4, 0xeb, 0xff, 0xff, 0xff, 0xff, 0xff, 0xff, 0xff, 0xff, 0xff,
  0xf9, 0xef, 0xe3, 0xff, 0xd5, 0x8b, 0x36, 0xff, 0xc9, 0x6e, 0x04, 0xff, 0xe7, 0xbe, 0x8c, 0xff,
  0xfe, 0xfd, 0xfb, 0xff, 0xfc, 0xf7, 0xf1, 0xff, 0xeb, 0xc6, 0x9a, 0xff, 0xee, 0xd3, 0xb2, 0xff,
  0xff, 0xff, 0xff, 0xff, 0xe2, 0xb0, 0x75, 0xff, 0xc3, 0x5c, 0x00, 0xff, 0xc8, 0x6b, 0x03, 0xff,
  0xc7, 0x69, 0x03, 0xff, 0xc5, 0x61, 0x00, 0xff, 0xe6, 0xbc, 0x88, 0xff, 0xff, 0xff, 0xff, 0xff,
  0xf1, 0xda, 0xb9, 0xff, 0xcb, 0x74, 0x16, 0xff, 0xc7, 0x66, 0x00, 0xff, 0xc9, 0x6b, 0x03, 0xff,
  0xc8, 0x6b, 0x01, 0xff, 0xcc, 0x72, 0x05, 0xff, 0xcb, 0x72, 0x06, 0xff, 0xcb, 0x72, 0x06, 0xff,
  0xca, 0x71, 0x06, 0xf9, 0xde, 0x7d, 0x07, 0xff, 0xca, 0x71, 0x06, 0x7e, 0x00, 0x00, 0x00, 0x00,
  0x00, 0x00, 0x00, 0x00, 0xca, 0x71, 0x06, 0x7e, 0xde, 0x7d, 0x07, 0xff, 0xca, 0x71, 0x06, 0xf9,
  0xcb, 0x73, 0x07, 0xff, 0xca, 0x70, 0x05, 0xff, 0xca, 0x70, 0x12, 0xff, 0xf4, 0xe0, 0xc8, 0xff,
  0xff, 0xfd, 0xfc, 0xff, 0xdf, 0xa9, 0x68, 0xff, 0xd0, 0x7f, 0x26, 0xff, 0xd3, 0x86, 0x33, 0xff,
  0xe7, 0xbf, 0x8e, 0xff, 0xfe, 0xfd, 0xfb, 0xff, 0xfd, 0xfc, 0xfa, 0xff, 0xe0, 0xa9, 0x6a, 0xff,
  0xc5, 0x61, 0x00, 0xff, 0xdb, 0xa0, 0x5a, 0xff, 0xf7, 0xea, 0xd8, 0xff, 0xff, 0xff, 0xff, 0xff,
  0xfa, 0xf0, 0xe5, 0xff, 0xdb, 0x9e, 0x55, 0xff, 0xe9, 0xc6, 0x9a, 0xff, 0xff, 0xff, 0xff, 0xff,
  0xfb, 0xf4, 0xea, 0xff, 0xdf, 0xac, 0x6e, 0xff, 0xcc, 0x77, 0x0f, 0xff, 0xed, 0xce, 0xa7, 0xff,
  0xff, 0xfe, 0xfd, 0xff, 0xe8, 0xc0, 0x92, 0xff, 0xd0, 0x82, 0x35, 0xff, 0xd5, 0x8d, 0x3a, 0xff,
  0xd4, 0x8c, 0x3b, 0xff, 0xcd, 0x76, 0x1b, 0xff, 0xe7, 0xbc, 0x88, 0xff, 0xff, 0xfe, 0xfd, 0xff,
  0xf4, 0xdf, 0xc4, 0xff, 0xd5, 0x8c, 0x3b, 0xff, 0xd1, 0x80, 0x27, 0xff, 0xd3, 0x87, 0x30, 0xff,
  0xd1, 0x82, 0x26, 0xff, 0xcb, 0x71, 0x06, 0xff, 0xcb, 0x72, 0x06, 0xff, 0xcb, 0x72, 0x06, 0xff,
  0xca, 0x71, 0x06, 0xf9, 0xde, 0x7d, 0x07, 0xff, 0xca, 0x71, 0x06, 0x7e, 0x00, 0x00, 0x00, 0x00,
  0x00, 0x00, 0x00, 0x00, 0xca, 0x71, 0x06, 0x7e, 0xde, 0x7d, 0x07, 0xff, 0xca, 0x71, 0x06, 0xf9,
  0xcb, 0x73, 0x07, 0xff, 0xca, 0x70, 0x04, 0xff, 0xca, 0x71, 0x15, 0xff, 0xf5, 0xe5, 0xd0, 0xff,
  0xff, 0xff, 0xff, 0xff, 0xfd, 0xf8, 0xf2, 0xff, 0xfc, 0xf4, 0xea, 0xff, 0xfe, 0xfd, 0xfd, 0xff,
  0xff, 0xff, 0xff, 0xff, 0xff, 0xfe, 0xfe, 0xff, 0xe6, 0xbc, 0x87, 0xff, 0xcc, 0x73, 0x08, 0xff,
  0xcb, 0x74, 0x0b, 0xff, 0xc8, 0x6b, 0x00, 0xff, 0xd6, 0x8f, 0x3a, 0xff, 0xf4, 0xdf, 0xc6, 0xff,
  0xff, 0xff, 0xff, 0xff, 0xff, 0xff, 0xff, 0xff, 0xff, 0xff, 0xff, 0xff, 0xf8, 0xec, 0xde, 0xff,
  0xdc, 0xa1, 0x56, 0xff, 0xc7, 0x69, 0x00, 0xff, 0xcd, 0x7b, 0x18, 0xff, 0xf0, 0xd7, 0xb6, 0xff,
  0xff, 0xff, 0xff, 0xff, 0xff, 0xff, 0xff, 0xff, 0xff, 0xff, 0xff, 0xff, 0xff, 0xff, 0xff, 0xff,
  0xff, 0xff, 0xff, 0xff, 0xe6, 0xbe, 0x89, 0xff, 0xe8, 0xc2, 0x92, 0xff, 0xff, 0xff, 0xff, 0xff,
  0xff, 0xff, 0xfe, 0xff, 0xfb, 0xf3, 0xe9, 0xff, 0xf9, 0xef, 0xe2, 0xff, 0xfc, 0xf7, 0xf1, 0xff,
  0xf3, 0xde, 0xc1, 0xff, 0xca, 0x6f, 0x10, 0xff, 0xcb, 0x70, 0x04, 0xff, 0xcb, 0x73, 0x07, 0xff,
  0xca, 0x71, 0x06, 0xf9, 0xde, 0x7d, 0x07, 0xff, 0xca, 0x71, 0x06, 0x7e, 0x00, 0x00, 0x00, 0x00,
  0x00, 0x00, 0x00, 0x00, 0xca, 0x71, 0x06, 0x7e, 0xde, 0x7d, 0x07, 0xff, 0xca, 0x71, 0x06, 0xf9,
  0xcb, 0x73, 0x07, 0xff, 0xca, 0x70, 0x04, 0xff, 0xcb, 0x71, 0x10, 0xff, 0xef, 0xd2, 0xaf, 0xff,
  0xf7, 0xea, 0xdb, 0xff, 0xf6, 0xe8, 0xd7, 0xff, 0xf8, 0xeb, 0xdc, 0xff, 0xf6, 0xe6, 0xd2, 0xff,
  0xf1, 0xd9, 0xbc, 0xff, 0xe1, 0xaf, 0x70, 0xff, 0xcc, 0x74, 0x0a, 0xff, 0xcb, 0x71, 0x02, 0xff,
  0xcb, 0x74, 0x07, 0xff, 0xcc, 0x74, 0x09, 0xff, 0xc8, 0x6a, 0x00, 0xff, 0xd1, 0x81, 0x22, 0xff,
  0xed, 0xd1, 0xac, 0xff, 0xff, 0xff, 0xff, 0xff, 0xf4, 0xe0, 0xc8, 0xff, 0xd6, 0x8f, 0x38, 0xff,
  0xc9, 0x6c, 0x00, 0xff, 0xca, 0x6f, 0x02, 0xff, 0xce, 0x7a, 0x15, 0xff, 0xe9, 0xc2, 0x93, 0xff,
  0xf8, 0xea, 0xda, 0xff, 0xf7, 0xe7, 0xd5, 0xff, 0xf7, 0xe8, 0xd7, 0xff, 0xf7, 0xe7, 0xd6, 0xff,
  0xf8, 0xea, 0xdb, 0xff, 0xe1, 0xac, 0x6d, 0xff, 0xe5, 0xb8, 0x81, 0xff, 0xfa, 0xf2, 0xe8, 0xff,
  0xfa, 0xf1, 0xe6, 0xff, 0xfb, 0xf3, 0xea, 0xff, 0xfa, 0xf2, 0xe8, 0xff, 0xfc, 0xf5, 0xee, 0xff,
  0xf2, 0xda, 0xbe, 0xff, 0xcb, 0x71, 0x12, 0xff, 0xca, 0x70, 0x04, 0xff, 0xcb, 0x73, 0x07, 0xff,
  0xca, 0x71, 0x06, 0xf9, 0xde, 0x7d, 0x07, 0xff, 0xca, 0x71, 0x06, 0x7e, 0x00, 0x00, 0x00, 0x00,
  0x00, 0x00, 0x00, 0x00, 0xca, 0x71, 0x06, 0x7e, 0xde, 0x7d, 0x07, 0xff, 0xca, 0x71, 0x06, 0xf9,
  0xcb, 0x72, 0x06, 0xff, 0xcb, 0x72, 0x06, 0xff, 0xcb, 0x71, 0x06, 0xff, 0xd4, 0x8b, 0x31, 0xff,
  0xd7, 0x90, 0x3d, 0xff, 0xd5, 0x8c, 0x36, 0xff, 0xd6, 0x8d, 0x37, 0xff, 0xd3, 0x8a, 0x2f, 0xff,
  0xcc, 0x76, 0x10, 0xff, 0xc8, 0x68, 0x00, 0xff, 0xca, 0x72, 0x04, 0xff, 0xcb, 0x72, 0x07, 0xff,
  0xcb, 0x72, 0x06, 0xff, 0xcb, 0x73, 0x07, 0xff, 0xcc, 0x73, 0x09, 0xff, 0xc9, 0x6c, 0x00, 0xff,
  0xce, 0x7a, 0x13, 0xff, 0xe3, 0xb5, 0x7b, 0xff, 0xd3, 0x87, 0x2f, 0xff, 0xc7, 0x6a, 0x00, 0xff,
  0xcc, 0x73, 0x09, 0xff, 0xcb, 0x72, 0x06, 0xff, 0xcc, 0x74, 0x08, 0xff, 0xd2, 0x84, 0x26, 0xff,
  0xd7, 0x90, 0x3b, 0xff, 0xd5, 0x8e, 0x37, 0xff, 0xd5, 0x8d, 0x36, 0xff, 0xd5, 0x8c, 0x36, 0xff,
  0xd7, 0x90, 0x3d, 0xff, 0xd0, 0x7e, 0x1c, 0xff, 0xd3, 0x88, 0x2d, 0xff, 0xda, 0x9d, 0x52, 0xff,
  0xda, 0x9c, 0x4f, 0xff, 0xda, 0x9a, 0x4e, 0xff, 0xda, 0x99, 0x4d, 0xff, 0xdc, 0x9e, 0x55, 0xff,
  0xd8, 0x96, 0x46, 0xff, 0xcb, 0x71, 0x07, 0xff, 0xcb, 0x71, 0x06, 0xff, 0xcb, 0x72, 0x06, 0xff,
  0xca, 0x71, 0x06, 0xf9, 0xde, 0x7d, 0x07, 0xff, 0xca, 0x71, 0x06, 0x7e, 0x00, 0x00, 0x00, 0x00,
  0x00, 0x00, 0x00, 0x00, 0xca, 0x71, 0x06, 0x7e, 0xde, 0x7d, 0x07, 0xff, 0xca, 0x71, 0x06, 0xf9,
  0xcb, 0x72, 0x06, 0xff, 0xcb, 0x72, 0x06, 0xff, 0xcb, 0x72, 0x06, 0xff, 0xc9, 0x6f, 0x00, 0xff,
  0xca, 0x6d, 0x00, 0xff, 0xca, 0x6d, 0x00, 0xff, 0xca, 0x6d, 0x00, 0xff, 0xca, 0x6e, 0x00, 0xff,
  0xca, 0x71, 0x06, 0xff, 0xcc, 0x74, 0x0b, 0xff, 0xcb, 0x73, 0x08, 0xff, 0xcb, 0x72, 0x06, 0xff,
  0xcb, 0x72, 0x06, 0xff, 0xcb, 0x72, 0x06, 0xff, 0xcb, 0x72, 0x07, 0xff, 0xcc, 0x74, 0x09, 0xff,
  0xcb, 0x71, 0x05, 0xff, 0xc8, 0x69, 0x00, 0xff, 0xca, 0x6f, 0x04, 0xff, 0xcc, 0x74, 0x0a, 0xff,
  0xcb, 0x73, 0x07, 0xff, 0xcb, 0x72, 0x07, 0xff, 0xcb, 0x72, 0x06, 0xff, 0xca, 0x70, 0x01, 0xff,
  0xc9, 0x6d, 0x00, 0xff, 0xca, 0x6e, 0x00, 0xff, 0xca, 0x6e, 0x00, 0xff, 0xca, 0x6e, 0x00, 0xff,
  0xc9, 0x6e, 0x00, 0xff, 0xca, 0x70, 0x03, 0xff, 0xca, 0x6f, 0x01, 0xff, 0xc9, 0x6c, 0x00, 0xff,
  0xc9, 0x6c, 0x00, 0xff, 0xc9, 0x6c, 0x00, 0xff, 0xc9, 0x6c, 0x00, 0xff, 0xc9, 0x6b, 0x00, 0xff,
  0xc9, 0x6d, 0x00, 0xff, 0xcb, 0x72, 0x05, 0xff, 0xcb, 0x72, 0x06, 0xff, 0xcb, 0x72, 0x06, 0xff,
  0xca, 0x71, 0x06, 0xf9, 0xde, 0x7d, 0x07, 0xff, 0xca, 0x71, 0x06, 0x7e, 0x00, 0x00, 0x00, 0x00,
  0x00, 0x00, 0x00, 0x00, 0xca, 0x71, 0x06, 0x7e, 0xde, 0x7d, 0x07, 0xff, 0xca, 0x71, 0x06, 0xf9,
  0xcb, 0x72, 0x06, 0xff, 0xcb, 0x72, 0x06, 0xff, 0xcb, 0x72, 0x06, 0xff, 0xcb, 0x73, 0x08, 0xff,
  0xcb, 0x73, 0x09, 0xff, 0xcb, 0x73, 0x09, 0xff, 0xcb, 0x73, 0x09, 0xff, 0xcb, 0x73, 0x08, 0xff,
  0xcb, 0x73, 0x08, 0xff, 0xcb, 0x72, 0x06, 0xff, 0xcb, 0x72, 0x06, 0xff, 0xcb, 0x72, 0x06, 0xff,
  0xcb, 0x72, 0x06, 0xff, 0xcb, 0x72, 0x06, 0xff, 0xcb, 0x72, 0x06, 0xff, 0xcb, 0x72, 0x06, 0xff,
  0xcb, 0x73, 0x07, 0xff, 0xcc, 0x74, 0x09, 0xff, 0xcc, 0x73, 0x08, 0xff, 0xcb, 0x72, 0x06, 0xff,
  0xcb, 0x72, 0x06, 0xff, 0xcb, 0x72, 0x06, 0xff, 0xcb, 0x72, 0x06, 0xff, 0xcb, 0x73, 0x08, 0xff,
  0xcb, 0x73, 0x09, 0xff, 0xcb, 0x73, 0x09, 0xff, 0xcb, 0x73, 0x09, 0xff, 0xcb, 0x73, 0x09, 0xff,
  0xcb, 0x73, 0x08, 0xff, 0xcb, 0x73, 0x07, 0xff, 0xcb, 0x72, 0x07, 0xff, 0xcb, 0x73, 0x08, 0xff,
  0xcb, 0x73, 0x08, 0xff, 0xcb, 0x73, 0x08, 0xff, 0xcb, 0x73, 0x08, 0xff, 0xcb, 0x74, 0x08, 0xff,
  0xcc, 0x73, 0x08, 0xff, 0xcb, 0x72, 0x06, 0xff, 0xcb, 0x72, 0x06, 0xff, 0xcb, 0x72, 0x06, 0xff,
  0xca, 0x71, 0x06, 0xf9, 0xde, 0x7d, 0x07, 0xff, 0xca, 0x71, 0x06, 0x7e, 0x00, 0x00, 0x00, 0x00,
  0x00, 0x00, 0x00, 0x00, 0xca, 0x71, 0x06, 0x7e, 0xde, 0x7d, 0x07, 0xff, 0xca, 0x71, 0x06, 0xf9,
  0xcb, 0x72, 0x06, 0xff, 0xcb, 0x72, 0x06, 0xff, 0xcb, 0x72, 0x06, 0xff, 0xcb, 0x72, 0x06, 0xff,
  0xcb, 0x72, 0x06, 0xff, 0xcb, 0x72, 0x06, 0xff, 0xcb, 0x72, 0x06, 0xff, 0xcb, 0x72, 0x06, 0xff,
  0xcb, 0x72, 0x06, 0xff, 0xcb, 0x72, 0x06, 0xff, 0xcb, 0x72, 0x06, 0xff, 0xcb, 0x72, 0x06, 0xff,
  0xcb, 0x72, 0x06, 0xff, 0xcb, 0x72, 0x06, 0xff, 0xcb, 0x72, 0x06, 0xff, 0xcb, 0x72, 0x06, 0xff,
  0xcb, 0x72, 0x06, 0xff, 0xcb, 0x72, 0x06, 0xff, 0xcb, 0x72, 0x06, 0xff, 0xcb, 0x72, 0x06, 0xff,
  0xcb, 0x72, 0x06, 0xff, 0xcb, 0x72, 0x06, 0xff, 0xcb, 0x72, 0x06, 0xff, 0xcb, 0x72, 0x06, 0xff,
  0xcb, 0x72, 0x06, 0xff, 0xcb, 0x72, 0x06, 0xff, 0xcb, 0x72, 0x06, 0xff, 0xcb, 0x72, 0x06, 0xff,
  0xcb, 0x72, 0x06, 0xff, 0xcb, 0x72, 0x06, 0xff, 0xcb, 0x72, 0x06, 0xff, 0xcb, 0x72, 0x06, 0xff,
  0xcb, 0x72, 0x06, 0xff, 0xcb, 0x72, 0x06, 0xff, 0xcb, 0x72, 0x06, 0xff, 0xcb, 0x72, 0x06, 0xff,
  0xcb, 0x72, 0x06, 0xff, 0xcb, 0x72, 0x06, 0xff, 0xcb, 0x72, 0x06, 0xff, 0xcb, 0x72, 0x06, 0xff,
  0xca, 0x71, 0x06, 0xf9, 0xde, 0x7d, 0x07, 0xff, 0xca, 0x71, 0x06, 0x7e, 0x00, 0x00, 0x00, 0x00,
  0x00, 0x00, 0x00, 0x00, 0xca, 0x71, 0x06, 0x7e, 0xde, 0x7d, 0x07, 0xff, 0xca, 0x71, 0x06, 0xf9,
  0xcb, 0x72, 0x06, 0xff, 0xcb, 0x72, 0x06, 0xff, 0xcb, 0x72, 0x06, 0xff, 0xcb, 0x72, 0x06, 0xff,
  0xcb, 0x72, 0x06, 0xff, 0xcb, 0x72, 0x06, 0xff, 0xcb, 0x72, 0x06, 0xff, 0xcb, 0x72, 0x06, 0xff,
  0xcb, 0x72, 0x06, 0xff, 0xcb, 0x72, 0x06, 0xff, 0xcb, 0x72, 0x06, 0xff, 0xcb, 0x72, 0x06, 0xff,
  0xcb, 0x72, 0x06, 0xff, 0xcb, 0x72, 0x06, 0xff, 0xcb, 0x72, 0x06, 0xff, 0xcb, 0x72, 0x06, 0xff,
  0xcb, 0x72, 0x06, 0xff, 0xcb, 0x72, 0x06, 0xff, 0xcb, 0x72, 0x06, 0xff, 0xcb, 0x72, 0x06, 0xff,
  0xcb, 0x72, 0x06, 0xff, 0xcb, 0x72, 0x06, 0xff, 0xcb, 0x72, 0x06, 0xff, 0xcb, 0x72, 0x06, 0xff,
  0xcb, 0x72, 0x06, 0xff, 0xcb, 0x72, 0x06, 0xff, 0xcb, 0x72, 0x06, 0xff, 0xcb, 0x72, 0x06, 0xff,
  0xcb, 0x72, 0x06, 0xff, 0xcb, 0x72, 0x06, 0xff, 0xcb, 0x72, 0x06, 0xff, 0xcb, 0x72, 0x06, 0xff,
  0xcb, 0x72, 0x06, 0xff, 0xcb, 0x72, 0x06, 0xff, 0xcb, 0x72, 0x06, 0xff, 0xcb, 0x72, 0x06, 0xff,
  0xcb, 0x72, 0x06, 0xff, 0xcb, 0x72, 0x06, 0xff, 0xcb, 0x72, 0x06, 0xff, 0xcb, 0x72, 0x06, 0xff,
  0xca, 0x71, 0x06, 0xf9, 0xde, 0x7d, 0x07, 0xff, 0xca, 0x71, 0x06, 0x7e, 0x00, 0x00, 0x00, 0x00,
  0x00, 0x00, 0x00, 0x00, 0xca, 0x71, 0x06, 0x7e, 0xde, 0x7d, 0x07, 0xff, 0xca, 0x71, 0x06, 0xf9,
  0xcb, 0x72, 0x06, 0xff, 0xcb, 0x72, 0x06, 0xff, 0xcb, 0x72, 0x06, 0xff, 0xcb, 0x72, 0x06, 0xff,
  0xcb, 0x72, 0x06, 0xff, 0xcb, 0x72, 0x06, 0xff, 0xcb, 0x72, 0x06, 0xff, 0xcb, 0x72, 0x06, 0xff,
  0xcb, 0x72, 0x06, 0xff, 0xcb, 0x72, 0x06, 0xff, 0xcb, 0x72, 0x06, 0xff, 0xcb, 0x72, 0x06, 0xff,
  0xcb, 0x72, 0x06, 0xff, 0xcb, 0x72, 0x06, 0xff, 0xcb, 0x72, 0x06, 0xff, 0xcb, 0x72, 0x06, 0xff,
  0xcb, 0x72, 0x06, 0xff, 0xcb, 0x72, 0x06, 0xff, 0xcb, 0x72, 0x06, 0xff, 0xcb, 0x72, 0x06, 0xff,
  0xcb, 0x72, 0x06, 0xff, 0xcb, 0x72, 0x06, 0xff, 0xcb, 0x72, 0x06, 0xff, 0xcb, 0x72, 0x06, 0xff,
  0xcb, 0x72, 0x06, 0xff, 0xcb, 0x72, 0x06, 0xff, 0xcb, 0x72, 0x06, 0xff, 0xcb, 0x72, 0x06, 0xff,
  0xcb, 0x72, 0x06, 0xff, 0xcb, 0x72, 0x06, 0xff, 0xcb, 0x72, 0x06, 0xff, 0xcb, 0x72, 0x06, 0xff,
  0xcb, 0x72, 0x06, 0xff, 0xcb, 0x72, 0x06, 0xff, 0xcb, 0x72, 0x06, 0xff, 0xcb, 0x72, 0x06, 0xff,
  0xcb, 0x72, 0x06, 0xff, 0xcb, 0x72, 0x06, 0xff, 0xcb, 0x72, 0x06, 0xff, 0xcb, 0x72, 0x06, 0xff,
  0xca, 0x71, 0x06, 0xf9, 0xde, 0x7d, 0x07, 0xff, 0xca, 0x71, 0x06, 0x7e, 0x00, 0x00, 0x00, 0x00,
  0x00, 0x00, 0x00, 0x00, 0xca, 0x71, 0x06, 0x7e, 0xde, 0x7d, 0x07, 0xff, 0xca, 0x71, 0x06, 0xf9,
  0xcb, 0x72, 0x06, 0xff, 0xcb, 0x72, 0x06, 0xff, 0xcb, 0x72, 0x06, 0xff, 0xcb, 0x72, 0x06, 0xff,
  0xcb, 0x72, 0x06, 0xff, 0xcb, 0x72, 0x06, 0xff, 0xcb, 0x72, 0x06, 0xff, 0xcb, 0x72, 0x06, 0xff,
  0xcb, 0x72, 0x06, 0xff, 0xcb, 0x72, 0x06, 0xff, 0xcb, 0x72, 0x06, 0xff, 0xcb, 0x72, 0x06, 0xff,
  0xcb, 0x72, 0x06, 0xff, 0xcb, 0x72, 0x06, 0xff, 0xcb, 0x72, 0x06, 0xff, 0xcb, 0x72, 0x06, 0xff,
  0xcb, 0x72, 0x06, 0xff, 0xcb, 0x72, 0x06, 0xff, 0xcb, 0x72, 0x06, 0xff, 0xcb, 0x72, 0x06, 0xff,
  0xcb, 0x72, 0x06, 0xff, 0xcb, 0x72, 0x06, 0xff, 0xcb, 0x72, 0x06, 0xff, 0xcb, 0x72, 0x06, 0xff,
  0xcb, 0x72, 0x06, 0xff, 0xcb, 0x72, 0x06, 0xff, 0xcb, 0x72, 0x06, 0xff, 0xcb, 0x72, 0x06, 0xff,
  0xcb, 0x72, 0x06, 0xff, 0xcb, 0x72, 0x06, 0xff, 0xcb, 0x72, 0x06, 0xff, 0xcb, 0x72, 0x06, 0xff,
  0xcb, 0x72, 0x06, 0xff, 0xcb, 0x72, 0x06, 0xff, 0xcb, 0x72, 0x06, 0xff, 0xcb, 0x72, 0x06, 0xff,
  0xcb, 0x72, 0x06, 0xff, 0xcb, 0x72, 0x06, 0xff, 0xcb, 0x72, 0x06, 0xff, 0xcb, 0x72, 0x06, 0xff,
  0xca, 0x71, 0x06, 0xf9, 0xde, 0x7d, 0x07, 0xff, 0xca, 0x71, 0x06, 0x7e, 0x00, 0x00, 0x00, 0x00,
  0x00, 0x00, 0x00, 0x00, 0xca, 0x71, 0x06, 0x7e, 0xde, 0x7d, 0x07, 0xff, 0xca, 0x71, 0x06, 0xf9,
  0xcb, 0x72, 0x06, 0xff, 0xcb, 0x72, 0x06, 0xff, 0xcb, 0x72, 0x06, 0xff, 0xcb, 0x72, 0x06, 0xff,
  0xcb, 0x72, 0x06, 0xff, 0xcb, 0x72, 0x06, 0xff, 0xcb, 0x72, 0x06, 0xff, 0xcb, 0x72, 0x06, 0xff,
  0xcb, 0x72, 0x06, 0xff, 0xcb, 0x72, 0x06, 0xff, 0xcb, 0x72, 0x06, 0xff, 0xcb, 0x72, 0x06, 0xff,
  0xcb, 0x72, 0x06, 0xff, 0xcb, 0x72, 0x06, 0xff, 0xcb, 0x72, 0x06, 0xff, 0xcb, 0x72, 0x06, 0xff,
  0xcb, 0x72, 0x06, 0xff, 0xcb, 0x72, 0x06, 0xff, 0xcb, 0x72, 0x06, 0xff, 0xcb, 0x72, 0x06, 0xff,
  0xcb, 0x72, 0x06, 0xff, 0xcb, 0x72, 0x06, 0xff, 0xcb, 0x72, 0x06, 0xff, 0xcb, 0x72, 0x06, 0xff,
  0xcb, 0x72, 0x06, 0xff, 0xcb, 0x72, 0x06, 0xff, 0xcb, 0x72, 0x06, 0xff, 0xcb, 0x72, 0x06, 0xff,
  0xcb, 0x72, 0x06, 0xff, 0xcb, 0x72, 0x06, 0xff, 0xcb, 0x72, 0x06, 0xff, 0xcb, 0x72, 0x06, 0xff,
  0xcb, 0x72, 0x06, 0xff, 0xcb, 0x72, 0x06, 0xff, 0xcb, 0x72, 0x06, 0xff, 0xcb, 0x72, 0x06, 0xff,
  0xcb, 0x72, 0x06, 0xff, 0xcb, 0x72, 0x06, 0xff, 0xcb, 0x72, 0x06, 0xff, 0xcb, 0x72, 0x06, 0xff,
  0xca, 0x71, 0x06, 0xf9, 0xde, 0x7d, 0x07, 0xff, 0xca, 0x71, 0x06, 0x7e, 0x00, 0x00, 0x00, 0x00,
  0x00, 0x00, 0x00, 0x00, 0xca, 0x71, 0x06, 0x7e, 0xde, 0x7d, 0x07, 0xff, 0xca, 0x71, 0x06, 0xf9,
  0xcb, 0x72, 0x06, 0xff, 0xcb, 0x72, 0x06, 0xff, 0xcb, 0x72, 0x06, 0xff, 0xcb, 0x72, 0x06, 0xff,
  0xcb, 0x72, 0x06, 0xff, 0xcb, 0x72, 0x06, 0xff, 0xcb, 0x72, 0x06, 0xff, 0xcb, 0x72, 0x06, 0xff,
  0xcb, 0x72, 0x06, 0xff, 0xcb, 0x72, 0x06, 0xff, 0xcb, 0x72, 0x06, 0xff, 0xcb, 0x72, 0x06, 0xff,
  0xcb, 0x72, 0x06, 0xff, 0xcb, 0x72, 0x06, 0xff, 0xcb, 0x72, 0x06, 0xff, 0xcb, 0x72, 0x06, 0xff,
  0xcb, 0x72, 0x06, 0xff, 0xcb, 0x72, 0x06, 0xff, 0xcb, 0x72, 0x06, 0xff, 0xcb, 0x72, 0x06, 0xff,
  0xcb, 0x72, 0x06, 0xff, 0xcb, 0x72, 0x06, 0xff, 0xcb, 0x72, 0x06, 0xff, 0xcb, 0x72, 0x06, 0xff,
  0xcb, 0x72, 0x06, 0xff, 0xcb, 0x72, 0x06, 0xff, 0xcb, 0x72, 0x06, 0xff, 0xcb, 0x72, 0x06, 0xff,
  0xcb, 0x72, 0x06, 0xff, 0xcb, 0x72, 0x06, 0xff, 0xcb, 0x72, 0x06, 0xff, 0xcb, 0x72, 0x06, 0xff,
  0xcb, 0x72, 0x06, 0xff, 0xcb, 0x72, 0x06, 0xff, 0xcb, 0x72, 0x06, 0xff, 0xcb, 0x72, 0x06, 0xff,
  0xcb, 0x72, 0x06, 0xff, 0xcb, 0x72, 0x06, 0xff, 0xcb, 0x72, 0x06, 0xff, 0xcb, 0x72, 0x06, 0xff,
  0xca, 0x71, 0x06, 0xf9, 0xde, 0x7d, 0x07, 0xff, 0xca, 0x71, 0x06, 0x7e, 0x00, 0x00, 0x00, 0x00,
  0x00, 0x00, 0x00, 0x00, 0xca, 0x71, 0x06, 0x7e, 0xde, 0x7d, 0x07, 0xff, 0xca, 0x71, 0x06, 0xf9,
  0xcb, 0x72, 0x06, 0xff, 0xcb, 0x72, 0x06, 0xff, 0xcb, 0x72, 0x06, 0xff, 0xcb, 0x72, 0x06, 0xff,
  0xcb, 0x72, 0x06, 0xff, 0xcb, 0x72, 0x06, 0xff, 0xcb, 0x72, 0x06, 0xff, 0xcb, 0x72, 0x06, 0xff,
  0xcb, 0x72, 0x06, 0xff, 0xcb, 0x72, 0x06, 0xff, 0xcb, 0x72, 0x06, 0xff, 0xcb, 0x72, 0x06, 0xff,
  0xcb, 0x72, 0x06, 0xff, 0xcb, 0x72, 0x06, 0xff, 0xcb, 0x72, 0x06, 0xff, 0xcb, 0x72, 0x06, 0xff,
  0xcb, 0x72, 0x06, 0xff, 0xcb, 0x72, 0x06, 0xff, 0xcb, 0x72, 0x06, 0xff, 0xcb, 0x72, 0x06, 0xff,
  0xcb, 0x72, 0x06, 0xff, 0xcb, 0x72, 0x06, 0xff, 0xcb, 0x72, 0x06, 0xff, 0xcb, 0x72, 0x06, 0xff,
  0xcb, 0x72, 0x06, 0xff, 0xcb, 0x72, 0x06, 0xff, 0xcb, 0x72, 0x06, 0xff, 0xcb, 0x72, 0x06, 0xff,
  0xcb, 0x72, 0x06, 0xff, 0xcb, 0x72, 0x06, 0xff, 0xcb, 0x72, 0x06, 0xff, 0xcb, 0x72, 0x06, 0xff,
  0xcb, 0x72, 0x06, 0xff, 0xcb, 0x72, 0x06, 0xff, 0xcb, 0x72, 0x06, 0xff, 0xcb, 0x72, 0x06, 0xff,
  0xcb, 0x72, 0x06, 0xff, 0xcb, 0x72, 0x06, 0xff, 0xcb, 0x72, 0x06, 0xff, 0xcb, 0x72, 0x06, 0xff,
  0xca, 0x71, 0x06, 0xf9, 0xde, 0x7d, 0x07, 0xff, 0xca, 0x71, 0x06, 0x7e, 0x00, 0x00, 0x00, 0x00,
  0x00, 0x00, 0x00, 0x00, 0xca, 0x71, 0x06, 0x7e, 0xde, 0x7d, 0x07, 0xff, 0xca, 0x71, 0x06, 0xf9,
  0xcb, 0x72, 0x06, 0xff, 0xcb, 0x72, 0x06, 0xff, 0xcb, 0x72, 0x06, 0xff, 0xcb, 0x72, 0x06, 0xff,
  0xcb, 0x72, 0x06, 0xff, 0xcb, 0x72, 0x06, 0xff, 0xcb, 0x72, 0x06, 0xff, 0xcb, 0x72, 0x06, 0xff,
  0xcb, 0x72, 0x06, 0xff, 0xcb, 0x72, 0x06, 0xff, 0xcb, 0x72, 0x06, 0xff, 0xcb, 0x72, 0x06, 0xff,
  0xcb, 0x72, 0x06, 0xff, 0xcb, 0x72, 0x06, 0xff, 0xcb, 0x72, 0x06, 0xff, 0xcb, 0x72, 0x06, 0xff,
  0xcb, 0x72, 0x06, 0xff, 0xcb, 0x72, 0x06, 0xff, 0xcb, 0x72, 0x06, 0xff, 0xcb, 0x72, 0x06, 0xff,
  0xcb, 0x72, 0x06, 0xff, 0xcb, 0x72, 0x06, 0xff, 0xcb, 0x72, 0x06, 0xff, 0xcb, 0x72, 0x06, 0xff,
  0xcb, 0x72, 0x06, 0xff, 0xcb, 0x72, 0x06, 0xff, 0xcb, 0x72, 0x06, 0xff, 0xcb, 0x72, 0x06, 0xff,
  0xcb, 0x72, 0x06, 0xff, 0xcb, 0x72, 0x06, 0xff, 0xcb, 0x72, 0x06, 0xff, 0xcb, 0x72, 0x06, 0xff,
  0xcb, 0x72, 0x06, 0xff, 0xcb, 0x72, 0x06, 0xff, 0xcb, 0x72, 0x06, 0xff, 0xcb, 0x72, 0x06, 0xff,
  0xcb, 0x72, 0x06, 0xff, 0xcb, 0x72, 0x06, 0xff, 0xcb, 0x72, 0x06, 0xff, 0xcb, 0x72, 0x06, 0xff,
  0xca, 0x71, 0x06, 0xf9, 0xde, 0x7d, 0x07, 0xff, 0xca, 0x71, 0x06, 0x7e, 0x00, 0x00, 0x00, 0x00,
  0x00, 0x00, 0x00, 0x00, 0xca, 0x71, 0x06, 0x7e, 0xde, 0x7d, 0x07, 0xff, 0xca, 0x71, 0x06, 0xf9,
  0xcb, 0x72, 0x06, 0xff, 0xcb, 0x72, 0x06, 0xff, 0xcb, 0x72, 0x06, 0xff, 0xcb, 0x72, 0x06, 0xff,
  0xcb, 0x72, 0x06, 0xff, 0xcb, 0x72, 0x06, 0xff, 0xcb, 0x72, 0x06, 0xff, 0xcb, 0x72, 0x06, 0xff,
  0xcb, 0x72, 0x06, 0xff, 0xcb, 0x72, 0x06, 0xff, 0xcb, 0x72, 0x06, 0xff, 0xcb, 0x72, 0x06, 0xff,
  0xcb, 0x72, 0x06, 0xff, 0xcb, 0x72, 0x06, 0xff, 0xcb, 0x72, 0x06, 0xff, 0xcb, 0x72, 0x06, 0xff,
  0xcb, 0x72, 0x06, 0xff, 0xcb, 0x72, 0x06, 0xff, 0xcb, 0x72, 0x06, 0xff, 0xcb, 0x72, 0x06, 0xff,
  0xcb, 0x72, 0x06, 0xff, 0xcb, 0x72, 0x06, 0xff, 0xcb, 0x72, 0x06, 0xff, 0xcb, 0x72, 0x06, 0xff,
  0xcb, 0x72, 0x06, 0xff, 0xcb, 0x72, 0x06, 0xff, 0xcb, 0x72, 0x06, 0xff, 0xcb, 0x72, 0x06, 0xff,
  0xcb, 0x72, 0x06, 0xff, 0xcb, 0x72, 0x06, 0xff, 0xcb, 0x72, 0x06, 0xff, 0xcb, 0x72, 0x06, 0xff,
  0xcb, 0x72, 0x06, 0xff, 0xcb, 0x72, 0x06, 0xff, 0xcb, 0x72, 0x06, 0xff, 0xcb, 0x72, 0x06, 0xff,
  0xcb, 0x72, 0x06, 0xff, 0xcb, 0x72, 0x06, 0xff, 0xcb, 0x72, 0x06, 0xff, 0xcb, 0x72, 0x06, 0xff,
  0xca, 0x71, 0x06, 0xf9, 0xde, 0x7d, 0x07, 0xff, 0xca, 0x71, 0x06, 0x7e, 0x00, 0x00, 0x00, 0x00,
  0x00, 0x00, 0x00, 0x00, 0xca, 0x71, 0x06, 0x7e, 0xde, 0x7d, 0x07, 0xff, 0xca, 0x71, 0x06, 0xf9,
  0xcb, 0x72, 0x06, 0xff, 0xcb, 0x72, 0x06, 0xff, 0xcb, 0x72, 0x06, 0xff, 0xcb, 0x72, 0x06, 0xff,
  0xcb, 0x72, 0x06, 0xff, 0xcb, 0x72, 0x06, 0xff, 0xcb, 0x72, 0x06, 0xff, 0xcb, 0x72, 0x06, 0xff,
  0xcb, 0x72, 0x06, 0xff, 0xcb, 0x72, 0x06, 0xff, 0xcb, 0x72, 0x06, 0xff, 0xcb, 0x72, 0x06, 0xff,
  0xcb, 0x72, 0x06, 0xff, 0xcb, 0x72, 0x06, 0xff, 0xcb, 0x72, 0x06, 0xff, 0xcb, 0x72, 0x06, 0xff,
  0xcb, 0x72, 0x06, 0xff, 0xcb, 0x72, 0x06, 0xff, 0xcb, 0x72, 0x06, 0xff, 0xcb, 0x72, 0x06, 0xff,
  0xcb, 0x72, 0x06, 0xff, 0xcb, 0x72, 0x06, 0xff, 0xcb, 0x72, 0x06, 0xff, 0xcb, 0x72, 0x06, 0xff,
  0xcb, 0x72, 0x06, 0xff, 0xcb, 0x72, 0x06, 0xff, 0xcb, 0x72, 0x06, 0xff, 0xcb, 0x72, 0x06, 0xff,
  0xcb, 0x72, 0x06, 0xff, 0xcb, 0x72, 0x06, 0xff, 0xcb, 0x72, 0x06, 0xff, 0xcb, 0x72, 0x06, 0xff,
  0xcb, 0x72, 0x06, 0xff, 0xcb, 0x72, 0x06, 0xff, 0xcb, 0x72, 0x06, 0xff, 0xcb, 0x72, 0x06, 0xff,
  0xcb, 0x72, 0x06, 0xff, 0xcb, 0x72, 0x06, 0xff, 0xcb, 0x72, 0x06, 0xff, 0xcb, 0x72, 0x06, 0xff,
  0xca, 0x71, 0x06, 0xf9, 0xde, 0x7d, 0x07, 0xff, 0xca, 0x71, 0x06, 0x7e, 0x00, 0x00, 0x00, 0x00,
  0x00, 0x00, 0x00, 0x00, 0xca, 0x71, 0x06, 0x7e, 0xde, 0x7d, 0x07, 0xff, 0xca, 0x71, 0x06, 0xf9,
  0xcb, 0x72, 0x06, 0xff, 0xcb, 0x72, 0x06, 0xff, 0xcb, 0x72, 0x06, 0xff, 0xcb, 0x72, 0x06, 0xff,
  0xcb, 0x72, 0x06, 0xff, 0xcb, 0x72, 0x06, 0xff, 0xcb, 0x72, 0x06, 0xff, 0xcb, 0x72, 0x06, 0xff,
  0xcb, 0x72, 0x06, 0xff, 0xcb, 0x72, 0x06, 0xff, 0xcb, 0x72, 0x06, 0xff, 0xcb, 0x72, 0x06, 0xff,
  0xcb, 0x72, 0x06, 0xff, 0xcb, 0x72, 0x06, 0xff, 0xcb, 0x72, 0x06, 0xff, 0xcb, 0x72, 0x06, 0xff,
  0xcb, 0x72, 0x06, 0xff, 0xcb, 0x72, 0x06, 0xff, 0xcb, 0x72, 0x06, 0xff, 0xcb, 0x72, 0x06, 0xff,
  0xcb, 0x72, 0x06, 0xff, 0xcb, 0x72, 0x06, 0xff, 0xcb, 0x72, 0x06, 0xff, 0xcb, 0x72, 0x06, 0xff,
  0xcb, 0x72, 0x06, 0xff, 0xcb, 0x72, 0x06, 0xff, 0xcb, 0x72, 0x06, 0xff, 0xcb, 0x72, 0x06, 0xff,
  0xcb, 0x72, 0x06, 0xff, 0xcb, 0x72, 0x06, 0xff, 0xcb, 0x72, 0x06, 0xff, 0xcb, 0x72, 0x06, 0xff,
  0xcb, 0x72, 0x06, 0xff, 0xcb, 0x72, 0x06, 0xff, 0xcb, 0x72, 0x06, 0xff, 0xcb, 0x72, 0x06, 0xff,
  0xcb, 0x72, 0x06, 0xff, 0xcb, 0x72, 0x06, 0xff, 0xcb, 0x72, 0x06, 0xff, 0xcb, 0x72, 0x06, 0xff,
  0xca, 0x71, 0x06, 0xf9, 0xde, 0x7d, 0x07, 0xff, 0xca, 0x71, 0x06, 0x7e, 0x00, 0x00, 0x00, 0x00,
  0x00, 0x00, 0x00, 0x00, 0xca, 0x71, 0x06, 0x7e, 0xde, 0x7d, 0x07, 0xff, 0xca, 0x71, 0x06, 0xf9,
  0xcb, 0x72, 0x06, 0xff, 0xcb, 0x72, 0x06, 0xff, 0xcb, 0x72, 0x06, 0xff, 0xcb, 0x72, 0x06, 0xff,
  0xcb, 0x72, 0x06, 0xff, 0xcb, 0x72, 0x06, 0xff, 0xcb, 0x72, 0x06, 0xff, 0xcb, 0x72, 0x06, 0xff,
  0xcb, 0x72, 0x06, 0xff, 0xcb, 0x72, 0x06, 0xff, 0xcb, 0x72, 0x06, 0xff, 0xcb, 0x72, 0x06, 0xff,
  0xcb, 0x72, 0x06, 0xff, 0xcb, 0x72, 0x06, 0xff, 0xcb, 0x72, 0x06, 0xff, 0xcb, 0x72, 0x06, 0xff,
  0xcb, 0x72, 0x06, 0xff, 0xcb, 0x72, 0x06, 0xff, 0xcb, 0x72, 0x06, 0xff, 0xcb, 0x72, 0x06, 0xff,
  0xcb, 0x72, 0x06, 0xff, 0xcb, 0x72, 0x06, 0xff, 0xcb, 0x72, 0x06, 0xff, 0xcb, 0x72, 0x06, 0xff,
  0xcb, 0x72, 0x06, 0xff, 0xcb, 0x72, 0x06, 0xff, 0xcb, 0x72, 0x06, 0xff, 0xcb, 0x72, 0x06, 0xff,
  0xcb, 0x72, 0x06, 0xff, 0xcb, 0x72, 0x06, 0xff, 0xcb, 0x72, 0x06, 0xff, 0xcb, 0x72, 0x06, 0xff,
  0xcb, 0x72, 0x06, 0xff, 0xcb, 0x72, 0x06, 0xff, 0xcb, 0x72, 0x06, 0xff, 0xcb, 0x72, 0x06, 0xff,
  0xcb, 0x72, 0x06, 0xff, 0xcb, 0x72, 0x06, 0xff, 0xcb, 0x72, 0x06, 0xff, 0xcb, 0x72, 0x06, 0xff,
  0xca, 0x71, 0x06, 0xf9, 0xde, 0x7d, 0x07, 0xff, 0xca, 0x71, 0x06, 0x7e, 0x00, 0x00, 0x00, 0x00,
  0x00, 0x00, 0x00, 0x00, 0xcb, 0x72, 0x06, 0x7b, 0xde, 0x7c, 0x07, 0xf9, 0xca, 0x71, 0x06, 0xf3,
  0xca, 0x71, 0x06, 0xf9, 0xca, 0x71, 0x06, 0xf9, 0xca, 0x71, 0x06, 0xf9, 0xca, 0x71, 0x06, 0xf9,
  0xca, 0x71, 0x06, 0xf9, 0xca, 0x71, 0x06, 0xf9, 0xca, 0x71, 0x06, 0xf9, 0xca, 0x71, 0x06, 0xf9,
  0xca, 0x71, 0x06, 0xf9, 0xca, 0x71, 0x06, 0xf9, 0xca, 0x71, 0x06, 0xf9, 0xca, 0x71, 0x06, 0xf9,
  0xca, 0x71, 0x06, 0xf9, 0xca, 0x71, 0x06, 0xf9, 0xca, 0x71, 0x06, 0xf9, 0xca, 0x71, 0x06, 0xf9,
  0xca, 0x71, 0x06, 0xf9, 0xca, 0x71, 0x06, 0xf9, 0xca, 0x71, 0x06, 0xf9, 0xca, 0x71, 0x06, 0xf9,
  0xca, 0x71, 0x06, 0xf9, 0xca, 0x71, 0x06, 0xf9, 0xca, 0x71, 0x06, 0xf9, 0xca, 0x71, 0x06, 0xf9,
  0xca, 0x71, 0x06, 0xf9, 0xca, 0x71, 0x06, 0xf9, 0xca, 0x71, 0x06, 0xf9, 0xca, 0x71, 0x06, 0xf9,
  0xca, 0x71, 0x06, 0xf9, 0xca, 0x71, 0x06, 0xf9, 0xca, 0x71, 0x06, 0xf9, 0xca, 0x71, 0x06, 0xf9,
  0xca, 0x71, 0x06, 0xf9, 0xca, 0x71, 0x06, 0xf9, 0xca, 0x71, 0x06, 0xf9, 0xca, 0x71, 0x06, 0xf9,
  0xca, 0x71, 0x06, 0xf9, 0xca, 0x71, 0x06, 0xf9, 0xca, 0x71, 0x06, 0xf9, 0xca, 0x71, 0x06, 0xf9,
  0xca, 0x71, 0x06, 0xf3, 0xde, 0x7c, 0x07, 0xf9, 0xcb, 0x72, 0x06, 0x7b, 0x00, 0x00, 0x00, 0x00,
  0x00, 0x00, 0x00, 0x00, 0xcb, 0x70, 0x05, 0x8a, 0xf3, 0x89, 0x08, 0xff, 0xd9, 0x7a, 0x07, 0xff,
  0xde, 0x7d, 0x07, 0xff, 0xde, 0x7d, 0x07, 0xff, 0xde, 0x7d, 0x07, 0xff, 0xde, 0x7d, 0x07, 0xff,
  0xde, 0x7d, 0x07, 0xff, 0xde, 0x7d, 0x07, 0xff, 0xde, 0x7d, 0x07, 0xff, 0xde, 0x7d, 0x07, 0xff,
  0xde, 0x7d, 0x07, 0xff, 0xde, 0x7d, 0x07, 0xff, 0xde, 0x7d, 0x07, 0xff, 0xde, 0x7d, 0x07, 0xff,
  0xde, 0x7d, 0x07, 0xff, 0xde, 0x7d, 0x07, 0xff, 0xde, 0x7d, 0x07, 0xff, 0xde, 0x7d, 0x07, 0xff,
  0xde, 0x7d, 0x07, 0xff, 0xde, 0x7d, 0x07, 0xff, 0xde, 0x7d, 0x07, 0xff, 0xde, 0x7d, 0x07, 0xff,
  0xde, 0x7d, 0x07, 0xff, 0xde, 0x7d, 0x07, 0xff, 0xde, 0x7d, 0x07, 0xff, 0xde, 0x7d, 0x07, 0xff,
  0xde, 0x7d, 0x07, 0xff, 0xde, 0x7d, 0x07, 0xff, 0xde, 0x7d, 0x07, 0xff, 0xde, 0x7d, 0x07, 0xff,
  0xde, 0x7d, 0x07, 0xff, 0xde, 0x7d, 0x07, 0xff, 0xde, 0x7d, 0x07, 0xff, 0xde, 0x7d, 0x07, 0xff,
  0xde, 0x7d, 0x07, 0xff, 0xde, 0x7d, 0x07, 0xff, 0xde, 0x7d, 0x07, 0xff, 0xde, 0x7d, 0x07, 0xff,
  0xde, 0x7d, 0x07, 0xff, 0xde, 0x7d, 0x07, 0xff, 0xde, 0x7d, 0x07, 0xff, 0xde, 0x7d, 0x07, 0xff,
  0xd9, 0x7a, 0x07, 0xff, 0xf3, 0x89, 0x08, 0xff, 0xcb, 0x70, 0x05, 0x8a, 0x00, 0x00, 0x00, 0x00,
  0x00, 0x00, 0x00, 0x00, 0xc9, 0x73, 0x04, 0x3e, 0xde, 0x7d, 0x06, 0x7e, 0xcb, 0x72, 0x06, 0x7b,
  0xca, 0x71, 0x06, 0x7e, 0xca, 0x71, 0x06, 0x7e, 0xca, 0x71, 0x06, 0x7e, 0xca, 0x71, 0x06, 0x7e,
  0xca, 0x71, 0x06, 0x7e, 0xca, 0x71, 0x06, 0x7e, 0xca, 0x71, 0x06, 0x7e, 0xca, 0x71, 0x06, 0x7e,
  0xca, 0x71, 0x06, 0x7e, 0xca, 0x71, 0x06, 0x7e, 0xca, 0x71, 0x06, 0x7e, 0xca, 0x71, 0x06, 0x7e,
  0xca, 0x71, 0x06, 0x7e, 0xca, 0x71, 0x06, 0x7e, 0xca, 0x71, 0x06, 0x7e, 0xca, 0x71, 0x06, 0x7e,
  0xca, 0x71, 0x06, 0x7e, 0xca, 0x71, 0x06, 0x7e, 0xca, 0x71, 0x06, 0x7e, 0xca, 0x71, 0x06, 0x7e,
  0xca, 0x71, 0x06, 0x7e, 0xca, 0x71, 0x06, 0x7e, 0xca, 0x71, 0x06, 0x7e, 0xca, 0x71, 0x06, 0x7e,
  0xca, 0x71, 0x06, 0x7e, 0xca, 0x71, 0x06, 0x7e, 0xca, 0x71, 0x06, 0x7e, 0xca, 0x71, 0x06, 0x7e,
  0xca, 0x71, 0x06, 0x7e, 0xca, 0x71, 0x06, 0x7e, 0xca, 0x71, 0x06, 0x7e, 0xca, 0x71, 0x06, 0x7e,
  0xca, 0x71, 0x06, 0x7e, 0xca, 0x71, 0x06, 0x7e, 0xca, 0x71, 0x06, 0x7e, 0xca, 0x71, 0x06, 0x7e,
  0xca, 0x71, 0x06, 0x7e, 0xca, 0x71, 0x06, 0x7e, 0xca, 0x71, 0x06, 0x7e, 0xca, 0x71, 0x06, 0x7e,
  0xcb, 0x72, 0x06, 0x7b, 0xde, 0x7d, 0x06, 0x7e, 0xc9, 0x73, 0x04, 0x3e, 0x00, 0x00, 0x00, 0x00,
  0x00, 0x00, 0x00, 0x00, 0x00, 0x00, 0x00, 0x00, 0x00, 0x00, 0x00, 0x00, 0x00, 0x00, 0x00, 0x00,
  0x00, 0x00, 0x00, 0x00, 0x00, 0x00, 0x00, 0x00, 0x00, 0x00, 0x00, 0x00, 0x00, 0x00, 0x00, 0x00,
  0x00, 0x00, 0x00, 0x00, 0x00, 0x00, 0x00, 0x00, 0x00, 0x00, 0x00, 0x00, 0x00, 0x00, 0x00, 0x00,
  0x00, 0x00, 0x00, 0x00, 0x00, 0x00, 0x00, 0x00, 0x00, 0x00, 0x00, 0x00, 0x00, 0x00, 0x00, 0x00,
  0x00, 0x00, 0x00, 0x00, 0x00, 0x00, 0x00, 0x00, 0x00, 0x00, 0x00, 0x00, 0x00, 0x00, 0x00, 0x00,
  0x00, 0x00, 0x00, 0x00, 0x00, 0x00, 0x00, 0x00, 0x00, 0x00, 0x00, 0x00, 0x00, 0x00, 0x00, 0x00,
  0x00, 0x00, 0x00, 0x00, 0x00, 0x00, 0x00, 0x00, 0x00, 0x00, 0x00, 0x00, 0x00, 0x00, 0x00, 0x00,
  0x00, 0x00, 0x00, 0x00, 0x00, 0x00, 0x00, 0x00, 0x00, 0x00, 0x00, 0x00, 0x00, 0x00, 0x00, 0x00,
  0x00, 0x00, 0x00, 0x00, 0x00, 0x00, 0x00, 0x00, 0x00, 0x00, 0x00, 0x00, 0x00, 0x00, 0x00, 0x00,
  0x00, 0x00, 0x00, 0x00, 0x00, 0x00, 0x00, 0x00, 0x00, 0x00, 0x00, 0x00, 0x00, 0x00, 0x00, 0x00,
  0x00, 0x00, 0x00, 0x00, 0x00, 0x00, 0x00, 0x00, 0x00, 0x00, 0x00, 0x00, 0x00, 0x00, 0x00, 0x00,
  0x00, 0x00, 0x00, 0x00, 0x00, 0x00, 0x00, 0x00, 0x00, 0x00, 0x00, 0x00, 0x00, 0x00, 0x00, 0x00,
  
};

const lv_image_dsc_t logo_DELL = {
  .header = { .magic = LV_IMAGE_HEADER_MAGIC, .cf = LV_COLOR_FORMAT_ARGB8888, .flags = 0, .w = 48, .h = 48, .stride = 192, .reserved_2 = 0 },
  .data_size = sizeof(logo_DELL_data),
  .data = logo_DELL_data,
  .reserved = nullptr,
};

static const LV_ATTRIBUTE_LARGE_CONST uint8_t logo_GOOGL_data[] = {
  0x00, 0x00, 0x00, 0x00, 0x00, 0x00, 0x00, 0x00, 0x00, 0x00, 0x00, 0x00, 0x00, 0x00, 0x00, 0x00,
  0x00, 0x00, 0x00, 0x00, 0x00, 0x00, 0x00, 0x00, 0x00, 0x00, 0x00, 0x00, 0x00, 0x00, 0x00, 0x00,
  0x00, 0x00, 0x00, 0x00, 0x00, 0x00, 0x00, 0x00, 0x00, 0x00, 0x00, 0x00, 0x00, 0x00, 0x00, 0x00,
  0x00, 0x00, 0x00, 0x00, 0x00, 0x00, 0x00, 0x00, 0x00, 0x00, 0x00, 0x00, 0x00, 0x00, 0x00, 0x00,
  0x00, 0x00, 0x00, 0x00, 0x00, 0x00, 0x00, 0x00, 0x00, 0x00, 0x00, 0x00, 0x00, 0x00, 0x00, 0x00,
  0x00, 0x00, 0x00, 0x00, 0x00, 0x00, 0x00, 0x00, 0x00, 0x00, 0x00, 0x00, 0x00, 0x00, 0x00, 0x00,
  0x00, 0x00, 0x00, 0x00, 0x00, 0x00, 0x00, 0x00, 0x00, 0x00, 0x00, 0x00, 0x00, 0x00, 0x00, 0x00,
  0x00, 0x00, 0x00, 0x00, 0x00, 0x00, 0x00, 0x00, 0x00, 0x00, 0x00, 0x00, 0x00, 0x00, 0x00, 0x00,
  0x00, 0x00, 0x00, 0x00, 0x00, 0x00, 0x00, 0x00, 0x00, 0x00, 0x00, 0x00, 0x00, 0x00, 0x00, 0x00,
  0x00, 0x00, 0x00, 0x00, 0x00, 0x00, 0x00, 0x00, 0x00, 0x00, 0x00, 0x00, 0x00, 0x00, 0x00, 0x00,
  0x00, 0x00, 0x00, 0x00, 0x00, 0x00, 0x00, 0x00, 0x00, 0x00, 0x00, 0x00, 0x00, 0x00, 0x00, 0x00,
  0x00, 0x00, 0x00, 0x00, 0x00, 0x00, 0x00, 0x00, 0x00, 0x00, 0x00, 0x00, 0x00, 0x00, 0x00, 0x00,
  0x00, 0x00, 0x00, 0x00, 0x2d, 0x1c, 0xfa, 0x3e, 0x32, 0x1e, 0xff, 0x7e, 0x29, 0x18, 0xf6, 0x7b,
  0x24, 0x14, 0xf0, 0x7e, 0x1e, 0x12, 0xea, 0x7e, 0x1a, 0x14, 0xe8, 0x7e, 0x1c, 0x1a, 0xec, 0x7e,
  0x1e, 0x20, 0xf0, 0x7e, 0x1e, 0x22, 0xf0, 0x7e, 0x1e, 0x20, 0xee, 0x7e, 0x1e, 0x1c, 0xec, 0x7e,
  0x1c, 0x18, 0xe8, 0x7e, 0x1c, 0x16, 0xe6, 0x7e, 0x1e, 0x14, 0xe8, 0x7e, 0x22, 0x16, 0xe8, 0x7e,
  0x26, 0x1a, 0xe8, 0x7e, 0x2c, 0x22, 0xec, 0x7e, 0x32, 0x28, 0xec, 0x7e, 0x30, 0x28, 0xe6, 0x7e,
  0x24, 0x1e, 0xda, 0x7e, 0x14, 0x0c, 0xca, 0x7e, 0x02, 0x00, 0xbc, 0x7e, 0x00, 0x00, 0xb8, 0x7e,
  0x00, 0x00, 0xb8, 0x7e, 0x02, 0x00, 0xbe, 0x7e, 0x10, 0x0e, 0xc8, 0x7e, 0x22, 0x1c, 0xd8, 0x7e,
  0x2e, 0x26, 0xe4, 0x7e, 0x30, 0x28, 0xea, 0x7e, 0x2c, 0x22, 0xec, 0x7e, 0x26, 0x1a, 0xe8, 0x7e,
  0x22, 0x16, 0xe8, 0x7e, 0x1e, 0x14, 0xe8, 0x7e, 0x1c, 0x16, 0xe6, 0x7e, 0x1c, 0x18, 0xe8, 0x7e,
  0x1e, 0x1c, 0xec, 0x7e, 0x1e, 0x20, 0xee, 0x7e, 0x1e, 0x22, 0xf0, 0x7e, 0x1e, 0x20, 0xf0, 0x7e,
  0x1c, 0x1a, 0xec, 0x7e, 0x1c, 0x16, 0xea, 0x7e, 0x1e, 0x12, 0xec, 0x7e, 0x26, 0x14, 0xf0, 0x7e,
  0x2b, 0x18, 0xf8, 0x7b, 0x34, 0x20, 0xff, 0x7e, 0x31, 0x1c, 0xff, 0x3e, 0x00, 0x00, 0x00, 0x00,
  0x00, 0x00, 0x00, 0x00, 0x2e, 0x1b, 0xfb, 0x8a, 0x36, 0x21, 0xff, 0xff, 0x2c, 0x1a, 0xff, 0xff,
  0x29, 0x17, 0xff, 0xff, 0x22, 0x14, 0xff, 0xff, 0x1f, 0x17, 0xff, 0xff, 0x20, 0x1d, 0xff, 0xff,
  0x22, 0x22, 0xff, 0xff, 0x22, 0x25, 0xff, 0xff, 0x21, 0x23, 0xff, 0xff, 0x21, 0x20, 0xff, 0xff,
  0x21, 0x1c, 0xff, 0xff, 0x21, 0x19, 0xfe, 0xff, 0x23, 0x18, 0xff, 0xff, 0x26, 0x1a, 0xff, 0xff,
  0x2b, 0x1e, 0xff, 0xff, 0x2f, 0x24, 0xff, 0xff, 0x32, 0x27, 0xfe, 0xff, 0x30, 0x27, 0xf6, 0xff,
  0x27, 0x20, 0xeb, 0xff, 0x1a, 0x15, 0xdf, 0xff, 0x0e, 0x0a, 0xd4, 0xff, 0x09, 0x07, 0xcf, 0xff,
  0x09, 0x07, 0xcf, 0xff, 0x0e, 0x0a, 0xd5, 0xff, 0x19, 0x14, 0xde, 0xff, 0x26, 0x1f, 0xea, 0xff,
  0x2f, 0x26, 0xf4, 0xff, 0x31, 0x27, 0xfc, 0xff, 0x2f, 0x24, 0xff, 0xff, 0x2b, 0x1e, 0xff, 0xff,
  0x26, 0x1a, 0xff, 0xff, 0x23, 0x18, 0xff, 0xff, 0x21, 0x19, 0xfe, 0xff, 0x21, 0x1c, 0xff, 0xff,
  0x21, 0x20, 0xff, 0xff, 0x21, 0x23, 0xff, 0xff, 0x22, 0x25, 0xff, 0xff, 0x22, 0x22, 0xff, 0xff,
  0x20, 0x1e, 0xff, 0xff, 0x20, 0x18, 0xff, 0xff, 0x23, 0x16, 0xff, 0xff, 0x2a, 0x18, 0xff, 0xff,
  0x2e, 0x1b, 0xff, 0xff, 0x38, 0x22, 0xff, 0xff, 0x30, 0x1d, 0xfb, 0x8a, 0x00, 0x00, 0x00, 0x00,
  0x00, 0x00, 0x00, 0x00, 0x2b, 0x1a, 0xf8, 0x7b, 0x2f, 0x1c, 0xff, 0xf9, 0x28, 0x18, 0xf5, 0xf3,
  0x25, 0x16, 0xf2, 0xf9, 0x20, 0x15, 0xed, 0xf9, 0x1e, 0x16, 0xec, 0xf9, 0x1c, 0x19, 0xec, 0xf9,
  0x1c, 0x1c, 0xec, 0xf9, 0x1c, 0x1e, 0xec, 0xf9, 0x1c, 0x1e, 0xec, 0xf9, 0x1d, 0x1d, 0xec, 0xf9,
  0x1f, 0x1b, 0xeb, 0xf9, 0x1f, 0x18, 0xea, 0xf9, 0x22, 0x18, 0xeb, 0xf9, 0x25, 0x1b, 0xec, 0xf9,
  0x28, 0x1e, 0xeb, 0xf9, 0x26, 0x1d, 0xe5, 0xf9, 0x22, 0x19, 0xdb, 0xf9, 0x1e, 0x17, 0xd1, 0xf9,
  0x1f, 0x19, 0xcd, 0xf9, 0x23, 0x1f, 0xcd, 0xf9, 0x28, 0x24, 0xcf, 0xf9, 0x2b, 0x27, 0xcc, 0xf9,
  0x2b, 0x27, 0xcc, 0xf9, 0x28, 0x24, 0xcf, 0xf9, 0x23, 0x1e, 0xcc, 0xf9, 0x1e, 0x18, 0xcc, 0xf9,
  0x1d, 0x16, 0xd0, 0xf9, 0x21, 0x19, 0xdb, 0xf9, 0x26, 0x1c, 0xe5, 0xf9, 0x28, 0x1e, 0xeb, 0xf9,
  0x25, 0x1b, 0xed, 0xf9, 0x22, 0x18, 0xeb, 0xf9, 0x1f, 0x18, 0xea, 0xf9, 0x1f, 0x1b, 0xeb, 0xf9,
  0x1d, 0x1d, 0xec, 0xf9, 0x1c, 0x1e, 0xec, 0xf9, 0x1c, 0x1e, 0xeb, 0xf9, 0x1c, 0x1c, 0xec, 0xf9,
  0x1c, 0x1a, 0xeb, 0xf9, 0x1e, 0x17, 0xed, 0xf9, 0x22, 0x16, 0xee, 0xf9, 0x26, 0x17, 0xf3, 0xf9,
  0x29, 0x19, 0xf5, 0xf3, 0x30, 0x1d, 0xff, 0xf9, 0x2b, 0x18, 0xf8, 0x7b, 0x00, 0x00, 0x00, 0x00,
  0x00, 0x00, 0x00, 0x00, 0x28, 0x18, 0xf2, 0x7e, 0x2c, 0x1a, 0xff, 0xff, 0x28, 0x18, 0xf3, 0xf9,
  0x27, 0x1a, 0xf4, 0xff, 0x25, 0x1a, 0xf2, 0xff, 0x21, 0x19, 0xf0, 0xff, 0x1d, 0x18, 0xec, 0xff,
  0x1a, 0x18, 0xe9, 0xff, 0x1a, 0x1a, 0xe9, 0xff, 0x1b, 0x1e, 0xeb, 0xff, 0x20, 0x1f, 0xed, 0xff,
  0x21, 0x1e, 0xee, 0xff, 0x22, 0x1b, 0xed, 0xff, 0x25, 0x1b, 0xf0, 0xff, 0x2a, 0x1f, 0xf0, 0xff,
  0x2b, 0x20, 0xec, 0xff, 0x22, 0x19, 0xdf, 0xff, 0x17, 0x0e, 0xcc, 0xff, 0x13, 0x0d, 0xc0, 0xff,
  0x20, 0x1c, 0xc3, 0xff, 0x3a, 0x37, 0xd3, 0xff, 0x54, 0x51, 0xe1, 0xff, 0x63, 0x60, 0xe4, 0xff,
  0x64, 0x5f, 0xe4, 0xff, 0x55, 0x50, 0xe1, 0xff, 0x3b, 0x36, 0xd3, 0xff, 0x20, 0x1b, 0xc3, 0xff,
  0x13, 0x0d, 0xbf, 0xff, 0x15, 0x0e, 0xcc, 0xff, 0x22, 0x19, 0xdf, 0xff, 0x2b, 0x20, 0xec, 0xff,
  0x2a, 0x1f, 0xf1, 0xff, 0x25, 0x1b, 0xf0, 0xff, 0x22, 0x1b, 0xed, 0xff, 0x21, 0x1e, 0xee, 0xff,
  0x20, 0x1f, 0xed, 0xff, 0x1b, 0x1e, 0xea, 0xff, 0x1a, 0x1b, 0xe7, 0xff, 0x1a, 0x19, 0xe8, 0xff,
  0x1d, 0x19, 0xeb, 0xff, 0x22, 0x1b, 0xef, 0xff, 0x25, 0x1b, 0xf3, 0xff, 0x29, 0x1a, 0xf5, 0xff,
  0x28, 0x18, 0xf3, 0xf9, 0x2d, 0x1a, 0xff, 0xff, 0x2a, 0x18, 0xf2, 0x7e, 0x00, 0x00, 0x00, 0x00,
  0x00, 0x00, 0x00, 0x00, 0x24, 0x14, 0xec, 0x7e, 0x28, 0x17, 0xff, 0xff, 0x25, 0x17, 0xef, 0xf9,
  0x29, 0x1c, 0xf3, 0xff, 0x29, 0x1f, 0xf5, 0xff, 0x25, 0x1e, 0xf2, 0xff, 0x1e, 0x19, 0xed, 0xff,
  0x1a, 0x17, 0xe8, 0xff, 0x19, 0x18, 0xe7, 0xff, 0x1b, 0x1c, 0xe9, 0xff, 0x1e, 0x1e, 0xec, 0xff,
  0x21, 0x1f, 0xf0, 0xff, 0x23, 0x1d, 0xf2, 0xff, 0x26, 0x1d, 0xf3, 0xff, 0x2a, 0x20, 0xf1, 0xff,
  0x2a, 0x20, 0xea, 0xff, 0x1e, 0x16, 0xd8, 0xff, 0x12, 0x09, 0xbf, 0xff, 0x13, 0x0e, 0xb6, 0xff,
  0x30, 0x2c, 0xc0, 0xff, 0x61, 0x5e, 0xdd, 0xff, 0x8e, 0x8b, 0xf7, 0xff, 0xaa, 0xa6, 0xfb, 0xff,
  0xab, 0xa5, 0xfb, 0xff, 0x90, 0x8a, 0xf7, 0xff, 0x62, 0x5c, 0xdd, 0xff, 0x31, 0x2c, 0xc0, 0xff,
  0x13, 0x0e, 0xb6, 0xff, 0x10, 0x09, 0xc0, 0xff, 0x1e, 0x16, 0xd8, 0xff, 0x2a, 0x20, 0xea, 0xff,
  0x2a, 0x20, 0xf1, 0xff, 0x26, 0x1d, 0xf3, 0xff, 0x23, 0x1d, 0xf2, 0xff, 0x21, 0x1f, 0xf1, 0xff,
  0x1e, 0x1e, 0xed, 0xff, 0x1b, 0x1c, 0xe8, 0xff, 0x19, 0x19, 0xe5, 0xff, 0x19, 0x18, 0xe6, 0xff,
  0x1f, 0x1a, 0xeb, 0xff, 0x25, 0x1e, 0xf2, 0xff, 0x29, 0x1f, 0xf5, 0xff, 0x29, 0x1c, 0xf4, 0xff,
  0x25, 0x17, 0xf0, 0xf9, 0x28, 0x17, 0xff, 0xff, 0x24, 0x14, 0xec, 0x7e, 0x00, 0x00, 0x00, 0x00,
  0x00, 0x00, 0x00, 0x00, 0x22, 0x12, 0xe8, 0x7e, 0x25, 0x15, 0xff, 0xff, 0x24, 0x16, 0xec, 0xf9,
  0x27, 0x1b, 0xf0, 0xff, 0x2a, 0x20, 0xf3, 0xff, 0x28, 0x20, 0xf3, 0xff, 0x24, 0x1d, 0xf0, 0xff,
  0x1f, 0x1b, 0xeb, 0xff, 0x1c, 0x1b, 0xea, 0xff, 0x1b, 0x1c, 0xe9, 0xff, 0x1c, 0x1c, 0xec, 0xff,
  0x1f, 0x1d, 0xf1, 0xff, 0x22, 0x1d, 0xf4, 0xff, 0x22, 0x1b, 0xf3, 0xff, 0x24, 0x1c, 0xee, 0xff,
  0x25, 0x1c, 0xe4, 0xff, 0x1f, 0x18, 0xd3, 0xff, 0x1e, 0x16, 0xc4, 0xff, 0x2e, 0x28, 0xc2, 0xff,
  0x56, 0x52, 0xcf, 0xff, 0x8d, 0x8a, 0xea, 0xff, 0xc1, 0xbe, 0xff, 0xff, 0xe0, 0xdc, 0xff, 0xff,
  0xe0, 0xdb, 0xff, 0xff, 0xc3, 0xbd, 0xff, 0xff, 0x90, 0x89, 0xea, 0xff, 0x57, 0x52, 0xcf, 0xff,
  0x2d, 0x29, 0xc2, 0xff, 0x1d, 0x16, 0xc4, 0xff, 0x1f, 0x18, 0xd3, 0xff, 0x25, 0x1c, 0xe4, 0xff,
  0x24, 0x1c, 0xed, 0xff, 0x22, 0x1b, 0xf3, 0xff, 0x22, 0x1d, 0xf4, 0xff, 0x1f, 0x1d, 0xf1, 0xff,
  0x1c, 0x1c, 0xec, 0xff, 0x1b, 0x1c, 0xe8, 0xff, 0x1d, 0x1c, 0xe8, 0xff, 0x1e, 0x1c, 0xea, 0xff,
  0x24, 0x1d, 0xee, 0xff, 0x27, 0x1f, 0xf3, 0xff, 0x29, 0x1f, 0xf4, 0xff, 0x27, 0x1a, 0xf1, 0xff,
  0x23, 0x16, 0xec, 0xf9, 0x25, 0x16, 0xff, 0xff, 0x22, 0x12, 0xe8, 0x7e, 0x00, 0x00, 0x00, 0x00,
  0x00, 0x00, 0x00, 0x00, 0x20, 0x12, 0xe6, 0x7e, 0x24, 0x15, 0xfe, 0xff, 0x22, 0x15, 0xe9, 0xf9,
  0x24, 0x18, 0xeb, 0xff, 0x27, 0x1d, 0xee, 0xff, 0x29, 0x21, 0xf1, 0xff, 0x29, 0x23, 0xf3, 0xff,
  0x26, 0x22, 0xf1, 0xff, 0x22, 0x20, 0xef, 0xff, 0x1d, 0x1d, 0xeb, 0xff, 0x1a, 0x19, 0xea, 0xff,
  0x1b, 0x19, 0xef, 0xff, 0x1d, 0x19, 0xf3, 0xff, 0x1c, 0x16, 0xef, 0xff, 0x1a, 0x12, 0xe5, 0xff,
  0x1c, 0x16, 0xd9, 0xff, 0x26, 0x1f, 0xd3, 0xff, 0x3a, 0x34, 0xd5, 0xff, 0x5d, 0x58, 0xdf, 0xff,
  0x89, 0x85, 0xea, 0xff, 0xb7, 0xb4, 0xf6, 0xff, 0xdd, 0xda, 0xff, 0xff, 0xf5, 0xf1, 0xff, 0xff,
  0xf6, 0xf0, 0xff, 0xff, 0xe1, 0xd9, 0xff, 0xff, 0xba, 0xb4, 0xf6, 0xff, 0x8a, 0x84, 0xea, 0xff,
  0x5d, 0x58, 0xdf, 0xff, 0x3a, 0x34, 0xd5, 0xff, 0x26, 0x1f, 0xd3, 0xff, 0x1c, 0x16, 0xd9, 0xff,
  0x1a, 0x12, 0xe5, 0xff, 0x1c, 0x16, 0xef, 0xff, 0x1d, 0x19, 0xf3, 0xff, 0x1b, 0x19, 0xef, 0xff,
  0x1a, 0x19, 0xeb, 0xff, 0x1d, 0x1e, 0xea, 0xff, 0x23, 0x21, 0xed, 0xff, 0x27, 0x22, 0xf1, 0xff,
  0x29, 0x22, 0xf2, 0xff, 0x28, 0x1f, 0xf1, 0xff, 0x27, 0x1b, 0xef, 0xff, 0x24, 0x17, 0xec, 0xff,
  0x21, 0x15, 0xe9, 0xf9, 0x24, 0x15, 0xfd, 0xff, 0x20, 0x12, 0xe6, 0x7e, 0x00, 0x00, 0x00, 0x00,
  0x00, 0x00, 0x00, 0x00, 0x22, 0x14, 0xe8, 0x7e, 0x26, 0x18, 0xfe, 0xff, 0x22, 0x16, 0xe8, 0xf9,
  0x24, 0x18, 0xe8, 0xff, 0x25, 0x1b, 0xeb, 0xff, 0x28, 0x20, 0xee, 0xff, 0x2a, 0x24, 0xf2, 0xff,
  0x29, 0x25, 0xf3, 0xff, 0x25, 0x22, 0xf1, 0xff, 0x1e, 0x1d, 0xec, 0xff, 0x19, 0x18, 0xeb, 0xff,
  0x1a, 0x18, 0xf0, 0xff, 0x1c, 0x18, 0xf3, 0xff, 0x17, 0x11, 0xec, 0xff, 0x0e, 0x09, 0xdb, 0xff,
  0x12, 0x0c, 0xce, 0xff, 0x29, 0x24, 0xd1, 0xff, 0x55, 0x51, 0xe2, 0xff, 0x8b, 0x86, 0xf8, 0xff,
  0xb7, 0xb2, 0xfe, 0xff, 0xd8, 0xd4, 0xfe, 0xff, 0xed, 0xe9, 0xff, 0xff, 0xfb, 0xf5, 0xfd, 0xff,
  0xfb, 0xf6, 0xfd, 0xff, 0xf0, 0xe9, 0xff, 0xff, 0xda, 0xd4, 0xfe, 0xff, 0xb9, 0xb2, 0xfe, 0xff,
  0x8a, 0x86, 0xf8, 0xff, 0x56, 0x51, 0xe2, 0xff, 0x29, 0x24, 0xd1, 0xff, 0x12, 0x0c, 0xce, 0xff,
  0x0e, 0x09, 0xdb, 0xff, 0x17, 0x11, 0xec, 0xff, 0x1c, 0x18, 0xf3, 0xff, 0x1a, 0x18, 0xf0, 0xff,
  0x19, 0x18, 0xec, 0xff, 0x1e, 0x1d, 0xec, 0xff, 0x25, 0x23, 0xf0, 0xff, 0x29, 0x25, 0xf3, 0xff,
  0x2a, 0x23, 0xf3, 0xff, 0x27, 0x1e, 0xef, 0xff, 0x25, 0x19, 0xec, 0xff, 0x23, 0x16, 0xe9, 0xff,
  0x22, 0x15, 0xe8, 0xf9, 0x26, 0x18, 0xfe, 0xff, 0x22, 0x16, 0xe8, 0x7e, 0x00, 0x00, 0x00, 0x00,
  0x00, 0x00, 0x00, 0x00, 0x26, 0x18, 0xe8, 0x7e, 0x2a, 0x1c, 0xff, 0xff, 0x24, 0x19, 0xe9, 0xf9,
  0x26, 0x1b, 0xea, 0xff, 0x26, 0x1c, 0xeb, 0xff, 0x27, 0x1e, 0xec, 0xff, 0x26, 0x20, 0xee, 0xff,
  0x24, 0x20, 0xee, 0xff, 0x22, 0x1f, 0xed, 0xff, 0x1e, 0x1c, 0xec, 0xff, 0x1d, 0x1b, 0xee, 0xff,
  0x1e, 0x1c, 0xf5, 0xff, 0x20, 0x1c, 0xf7, 0xff, 0x15, 0x11, 0xeb, 0xff, 0x06, 0x03, 0xd3, 0xff,
  0x08, 0x05, 0xc2, 0xff, 0x29, 0x25, 0xc8, 0xff, 0x66, 0x63, 0xe4, 0xff, 0xa9, 0xa5, 0xfd, 0xff,
  0xd8, 0xd3, 0xff, 0xff, 0xef, 0xeb, 0xff, 0xff, 0xf9, 0xf5, 0xfe, 0xff, 0xfe, 0xfb, 0xfb, 0xff,
  0xff, 0xfb, 0xfb, 0xff, 0xfb, 0xf5, 0xfe, 0xff, 0xf1, 0xeb, 0xff, 0xff, 0xd9, 0xd3, 0xff, 0xff,
  0xa9, 0xa5, 0xfd, 0xff, 0x66, 0x63, 0xe4, 0xff, 0x29, 0x25, 0xc8, 0xff, 0x08, 0x05, 0xc2, 0xff,
  0x05, 0x03, 0xd3, 0xff, 0x15, 0x11, 0xeb, 0xff, 0x20, 0x1c, 0xf7, 0xff, 0x1e, 0x1c, 0xf4, 0xff,
  0x1d, 0x1a, 0xee, 0xff, 0x1e, 0x1c, 0xec, 0xff, 0x22, 0x1f, 0xed, 0xff, 0x24, 0x20, 0xee, 0xff,
  0x25, 0x1f, 0xee, 0xff, 0x26, 0x1d, 0xec, 0xff, 0x26, 0x1b, 0xec, 0xff, 0x26, 0x1a, 0xeb, 0xff,
  0x24, 0x18, 0xe9, 0xf9, 0x2a, 0x1c, 0xff, 0xff, 0x26, 0x18, 0xea, 0x7e, 0x00, 0x00, 0x00, 0x00,
  0x00, 0x00, 0x00, 0x00, 0x2a, 0x1e, 0xec, 0x7e, 0x2e, 0x21, 0xff, 0xff, 0x29, 0x1e, 0xec, 0xf9,
  0x2b, 0x20, 0xee, 0xff, 0x29, 0x1f, 0xed, 0xff, 0x25, 0x1c, 0xea, 0xff, 0x1f, 0x19, 0xe7, 0xff,
  0x1c, 0x18, 0xe6, 0xff, 0x1c, 0x18, 0xe7, 0xff, 0x1f, 0x1b, 0xeb, 0xff, 0x22, 0x1e, 0xf1, 0xff,
  0x25, 0x21, 0xf9, 0xff, 0x24, 0x21, 0xfa, 0xff, 0x16, 0x14, 0xeb, 0xff, 0x03, 0x02, 0xd0, 0xff,
  0x05, 0x04, 0xbc, 0xff, 0x2b, 0x29, 0xc1, 0xff, 0x71, 0x70, 0xde, 0xff, 0xbc, 0xb7, 0xfa, 0xff,
  0xeb, 0xe6, 0xff, 0xff, 0xfc, 0xf7, 0xff, 0xff, 0xfd, 0xf8, 0xfe, 0xff, 0xff, 0xfb, 0xfb, 0xff,
  0xff, 0xfb, 0xfb, 0xff, 0xfe, 0xf8, 0xfe, 0xff, 0xfc, 0xf7, 0xff, 0xff, 0xeb, 0xe6, 0xff, 0xff,
  0xbc, 0xb7, 0xfa, 0xff, 0x71, 0x70, 0xde, 0xff, 0x2b, 0x29, 0xc1, 0xff, 0x05, 0x04, 0xbc, 0xff,
  0x03, 0x02, 0xd0, 0xff, 0x16, 0x14, 0xeb, 0xff, 0x24, 0x21, 0xfa, 0xff, 0x25, 0x21, 0xf9, 0xff,
  0x22, 0x1d, 0xf1, 0xff, 0x1f, 0x1c, 0xeb, 0xff, 0x1d, 0x18, 0xe8, 0xff, 0x1c, 0x18, 0xe6, 0xff,
  0x1f, 0x19, 0xe7, 0xff, 0x24, 0x1b, 0xeb, 0xff, 0x29, 0x1e, 0xee, 0xff, 0x2b, 0x1f, 0xee, 0xff,
  0x29, 0x1e, 0xec, 0xf9, 0x2e, 0x22, 0xff, 0xff, 0x2a, 0x1e, 0xea, 0x7e, 0x00, 0x00, 0x00, 0x00,
  0x00, 0x00, 0x00, 0x00, 0x2c, 0x22, 0xec, 0x7e, 0x30, 0x25, 0xff, 0xff, 0x2c, 0x21, 0xed, 0xf9,
  0x2d, 0x22, 0xef, 0xff, 0x2a, 0x1f, 0xee, 0xff, 0x24, 0x1b, 0xe9, 0xff, 0x1c, 0x15, 0xe3, 0xff,
  0x19, 0x13, 0xe2, 0xff, 0x1c, 0x15, 0xe6, 0xff, 0x22, 0x1b, 0xec, 0xff, 0x26, 0x20, 0xf3, 0xff,
  0x27, 0x22, 0xf9, 0xff, 0x24, 0x21, 0xf8, 0xff, 0x15, 0x13, 0xe8, 0xff, 0x03, 0x03, 0xd0, 0xff,
  0x08, 0x09, 0xbf, 0xff, 0x32, 0x32, 0xc3, 0xff, 0x7c, 0x7b, 0xdc, 0xff, 0xc7, 0xc4, 0xf8, 0xff,
  0xf2, 0xed, 0xff, 0xff, 0xfd, 0xf7, 0xff, 0xff, 0xf8, 0xf3, 0xff, 0xff, 0xf6, 0xf1, 0xfc, 0xff,
  0xf6, 0xf1, 0xfc, 0xff, 0xf8, 0xf3, 0xff, 0xff, 0xfd, 0xf7, 0xff, 0xff, 0xf3, 0xed, 0xff, 0xff,
  0xc7, 0xc4, 0xf8, 0xff, 0x7c, 0x7b, 0xdc, 0xff, 0x32, 0x32, 0xc4, 0xff, 0x08, 0x09, 0xbf, 0xff,
  0x03, 0x03, 0xd0, 0xff, 0x15, 0x13, 0xe8, 0xff, 0x24, 0x21, 0xf8, 0xff, 0x27, 0x22, 0xfa, 0xff,
  0x26, 0x20, 0xf3, 0xff, 0x21, 0x1b, 0xec, 0xff, 0x1c, 0x16, 0xe6, 0xff, 0x19, 0x13, 0xe2, 0xff,
  0x1c, 0x15, 0xe3, 0xff, 0x24, 0x1b, 0xe9, 0xff, 0x2a, 0x1f, 0xee, 0xff, 0x2d, 0x22, 0xef, 0xff,
  0x2c, 0x21, 0xed, 0xf9, 0x30, 0x25, 0xff, 0xff, 0x2c, 0x22, 0xec, 0x7e, 0x00, 0x00, 0x00, 0x00,
  0x00, 0x00, 0x00, 0x00, 0x2c, 0x22, 0xea, 0x7e, 0x30, 0x26, 0xff, 0xff, 0x2c, 0x21, 0xeb, 0xf9,
  0x2c, 0x22, 0xeb, 0xff, 0x29, 0x1f, 0xeb, 0xff, 0x24, 0x1b, 0xe7, 0xff, 0x1e, 0x16, 0xe4, 0xff,
  0x1e, 0x15, 0xe5, 0xff, 0x22, 0x18, 0xea, 0xff, 0x26, 0x1d, 0xf0, 0xff, 0x27, 0x20, 0xf3, 0xff,
  0x24, 0x1f, 0xf3, 0xff, 0x1f, 0x1b, 0xee, 0xff, 0x11, 0x11, 0xe2, 0xff, 0x07, 0x08, 0xd2, 0xff,
  0x14, 0x15, 0xcb, 0xff, 0x43, 0x43, 0xd2, 0xff, 0x8c, 0x8c, 0xe6, 0xff, 0xd2, 0xd1, 0xfa, 0xff,
  0xf6, 0xf2, 0xff, 0xff, 0xf8, 0xf3, 0xfe, 0xff, 0xec, 0xe8, 0xfc, 0xff, 0xe6, 0xe1, 0xfa, 0xff,
  0xe5, 0xe1, 0xfa, 0xff, 0xeb, 0xe8, 0xfc, 0xff, 0xf8, 0xf3, 0xfe, 0xff, 0xf5, 0xf2, 0xff, 0xff,
  0xd2, 0xd1, 0xfa, 0xff, 0x8d, 0x8c, 0xe6, 0xff, 0x43, 0x43, 0xd3, 0xff, 0x14, 0x15, 0xcb, 0xff,
  0x08, 0x08, 0xd3, 0xff, 0x11, 0x12, 0xe2, 0xff, 0x1f, 0x1b, 0xee, 0xff, 0x24, 0x1f, 0xf3, 0xff,
  0x27, 0x20, 0xf3, 0xff, 0x26, 0x1d, 0xf0, 0xff, 0x21, 0x18, 0xea, 0xff, 0x1d, 0x15, 0xe5, 0xff,
  0x1e, 0x16, 0xe4, 0xff, 0x24, 0x1b, 0xe7, 0xff, 0x29, 0x1f, 0xea, 0xff, 0x2c, 0x22, 0xeb, 0xff,
  0x2c, 0x21, 0xeb, 0xf9, 0x31, 0x25, 0xff, 0xff, 0x2c, 0x22, 0xea, 0x7e, 0x00, 0x00, 0x00, 0x00,
  0x00, 0x00, 0x00, 0x00, 0x2a, 0x20, 0xe8, 0x7e, 0x2f, 0x24, 0xfd, 0xff, 0x29, 0x20, 0xe6, 0xf9,
  0x29, 0x1f, 0xe6, 0xff, 0x26, 0x1c, 0xe6, 0xff, 0x26, 0x1b, 0xe6, 0xff, 0x25, 0x1a, 0xe9, 0xff,
  0x26, 0x1b, 0xed, 0xff, 0x29, 0x1e, 0xf1, 0xff, 0x2b, 0x21, 0xf3, 0xff, 0x26, 0x1d, 0xf0, 0xff,
  0x1d, 0x18, 0xe9, 0xff, 0x16, 0x13, 0xe0, 0xff, 0x0e, 0x0e, 0xd9, 0xff, 0x11, 0x13, 0xd7, 0xff,
  0x29, 0x2b, 0xdb, 0xff, 0x5c, 0x5e, 0xe6, 0xff, 0xa2, 0xa1, 0xf4, 0xff, 0xdc, 0xdb, 0xfd, 0xff,
  0xf4, 0xf1, 0xfe, 0xff, 0xee, 0xea, 0xfb, 0xff, 0xdb, 0xd7, 0xf7, 0xff, 0xcf, 0xcc, 0xf3, 0xff,
  0xce, 0xcc, 0xf3, 0xff, 0xdb, 0xd7, 0xf7, 0xff, 0xee, 0xea, 0xfb, 0xff, 0xf4, 0xf1, 0xfe, 0xff,
  0xdc, 0xdb, 0xfd, 0xff, 0xa2, 0xa2, 0xf4, 0xff, 0x5d, 0x5e, 0xe7, 0xff, 0x2a, 0x2c, 0xdc, 0xff,
  0x11, 0x13, 0xd8, 0xff, 0x0e, 0x0f, 0xd9, 0xff, 0x16, 0x13, 0xe0, 0xff, 0x1d, 0x18, 0xe9, 0xff,
  0x26, 0x1f, 0xf0, 0xff, 0x2b, 0x21, 0xf3, 0xff, 0x29, 0x1d, 0xf0, 0xff, 0x25, 0x1a, 0xec, 0xff,
  0x25, 0x1a, 0xe7, 0xff, 0x25, 0x1b, 0xe6, 0xff, 0x26, 0x1c, 0xe6, 0xff, 0x29, 0x1f, 0xe6, 0xff,
  0x2b, 0x1f, 0xe6, 0xf9, 0x2f, 0x23, 0xfd, 0xff, 0x2a, 0x20, 0xe8, 0x7e, 0x00, 0x00, 0x00, 0x00,
  0x00, 0x00, 0x00, 0x00, 0x2a, 0x20, 0xe4, 0x7e, 0x2e, 0x23, 0xfa, 0xff, 0x27, 0x1d, 0xe3, 0xf9,
  0x26, 0x1c, 0xe2, 0xff, 0x24, 0x1a, 0xe3, 0xff, 0x26, 0x1a, 0xe7, 0xff, 0x2a, 0x1d, 0xec, 0xff,
  0x2d, 0x1f, 0xf1, 0xff, 0x2e, 0x21, 0xf5, 0xff, 0x2e, 0x23, 0xf5, 0xff, 0x25, 0x1b, 0xed, 0xff,
  0x18, 0x12, 0xe0, 0xff, 0x10, 0x0d, 0xd4, 0xff, 0x0f, 0x0f, 0xd2, 0xff, 0x1e, 0x20, 0xdb, 0xff,
  0x41, 0x43, 0xe9, 0xff, 0x77, 0x78, 0xf7, 0xff, 0xb4, 0xb4, 0xfd, 0xff, 0xe2, 0xe0, 0xff, 0xff,
  0xee, 0xeb, 0xfd, 0xff, 0xe0, 0xdd, 0xf6, 0xff, 0xc8, 0xc5, 0xef, 0xff, 0xb9, 0xb7, 0xea, 0xff,
  0xb9, 0xb7, 0xea, 0xff, 0xc8, 0xc5, 0xef, 0xff, 0xe0, 0xdd, 0xf6, 0xff, 0xee, 0xeb, 0xfd, 0xff,
  0xe2, 0xe0, 0xff, 0xff, 0xb5, 0xb5, 0xfd, 0xff, 0x78, 0x79, 0xf8, 0xff, 0x42, 0x44, 0xea, 0xff,
  0x1f, 0x20, 0xdc, 0xff, 0x0f, 0x10, 0xd2, 0xff, 0x10, 0x0d, 0xd4, 0xff, 0x18, 0x12, 0xe0, 0xff,
  0x25, 0x1c, 0xed, 0xff, 0x2e, 0x23, 0xf4, 0xff, 0x2e, 0x21, 0xf4, 0xff, 0x2c, 0x1e, 0xf0, 0xff,
  0x29, 0x1c, 0xec, 0xff, 0x26, 0x1a, 0xe7, 0xff, 0x24, 0x1a, 0xe3, 0xff, 0x26, 0x1c, 0xe2, 0xff,
  0x27, 0x1d, 0xe3, 0xf9, 0x2e, 0x23, 0xfa, 0xff, 0x2a, 0x20, 0xe4, 0x7e, 0x00, 0x00, 0x00, 0x00,
  0x00, 0x00, 0x00, 0x00, 0x2a, 0x20, 0xe4, 0x7e, 0x2d, 0x22, 0xfa, 0xff, 0x27, 0x1c, 0xe3, 0xf9,
  0x25, 0x1b, 0xe1, 0xff, 0x23, 0x19, 0xe2, 0xff, 0x25, 0x19, 0xe6, 0xff, 0x2a, 0x1b, 0xed, 0xff,
  0x2d, 0x1f, 0xf2, 0xff, 0x2f, 0x21, 0xf5, 0xff, 0x2f, 0x22, 0xf3, 0xff, 0x25, 0x1a, 0xe8, 0xff,
  0x17, 0x10, 0xd9, 0xff, 0x10, 0x0d, 0xcd, 0xff, 0x17, 0x17, 0xce, 0xff, 0x31, 0x32, 0xdd, 0xff,
  0x5b, 0x5e, 0xf3, 0xff, 0x90, 0x92, 0xfe, 0xff, 0xc5, 0xc5, 0xff, 0xff, 0xe4, 0xe3, 0xff, 0xff,
  0xe6, 0xe3, 0xf9, 0xff, 0xd1, 0xce, 0xef, 0xff, 0xb4, 0xb2, 0xe4, 0xff, 0xa3, 0xa0, 0xdd, 0xff,
  0xa3, 0xa0, 0xdd, 0xff, 0xb6, 0xb2, 0xe4, 0xff, 0xd1, 0xce, 0xef, 0xff, 0xe6, 0xe3, 0xf9, 0xff,
  0xe4, 0xe2, 0xff, 0xff, 0xc5, 0xc5, 0xff, 0xff, 0x91, 0x93, 0xfe, 0xff, 0x5c, 0x5e, 0xf3, 0xff,
  0x31, 0x32, 0xde, 0xff, 0x17, 0x17, 0xce, 0xff, 0x10, 0x0d, 0xcd, 0xff, 0x17, 0x10, 0xd9, 0xff,
  0x25, 0x1b, 0xe8, 0xff, 0x2f, 0x22, 0xf2, 0xff, 0x2f, 0x21, 0xf4, 0xff, 0x2d, 0x1e, 0xf1, 0xff,
  0x2a, 0x1b, 0xec, 0xff, 0x25, 0x19, 0xe6, 0xff, 0x23, 0x19, 0xe2, 0xff, 0x25, 0x1b, 0xe1, 0xff,
  0x26, 0x1d, 0xe3, 0xf9, 0x2d, 0x23, 0xfa, 0xff, 0x2a, 0x20, 0xe4, 0x7e, 0x00, 0x00, 0x00, 0x00,
  0x00, 0x00, 0x00, 0x00, 0x2a, 0x1e, 0xe8, 0x7e, 0x2d, 0x20, 0xfc, 0xff, 0x27, 0x1c, 0xe5, 0xf9,
  0x25, 0x1a, 0xe3, 0xff, 0x23, 0x18, 0xe4, 0xff, 0x24, 0x18, 0xe8, 0xff, 0x27, 0x1a, 0xec, 0xff,
  0x2a, 0x1c, 0xf0, 0xff, 0x2d, 0x1e, 0xf2, 0xff, 0x2e, 0x21, 0xef, 0xff, 0x25, 0x1b, 0xe3, 0xff,
  0x16, 0x10, 0xd3, 0xff, 0x11, 0x0d, 0xc6, 0xff, 0x1f, 0x20, 0xc9, 0xff, 0x44, 0x45, 0xdc, 0xff,
  0x77, 0x7a, 0xf5, 0xff, 0xab, 0xae, 0xff, 0xff, 0xd6, 0xd6, 0xff, 0xff, 0xe7, 0xe5, 0xff, 0xff,
  0xdb, 0xd8, 0xf5, 0xff, 0xbc, 0xba, 0xe3, 0xff, 0x9a, 0x98, 0xd3, 0xff, 0x85, 0x82, 0xca, 0xff,
  0x86, 0x82, 0xca, 0xff, 0x9d, 0x98, 0xd3, 0xff, 0xbe, 0xba, 0xe3, 0xff, 0xdc, 0xd8, 0xf5, 0xff,
  0xe6, 0xe5, 0xff, 0xff, 0xd5, 0xd6, 0xff, 0xff, 0xab, 0xae, 0xff, 0xff, 0x77, 0x7a, 0xf5, 0xff,
  0x43, 0x45, 0xdc, 0xff, 0x1f, 0x20, 0xc9, 0xff, 0x11, 0x0d, 0xc6, 0xff, 0x16, 0x10, 0xd3, 0xff,
  0x25, 0x1b, 0xe3, 0xff, 0x2e, 0x21, 0xef, 0xff, 0x2d, 0x1e, 0xf2, 0xff, 0x2a, 0x1b, 0xef, 0xff,
  0x28, 0x19, 0xec, 0xff, 0x24, 0x18, 0xe8, 0xff, 0x23, 0x18, 0xe4, 0xff, 0x25, 0x1b, 0xe3, 0xff,
  0x26, 0x1d, 0xe5, 0xf9, 0x2c, 0x22, 0xfc, 0xff, 0x28, 0x20, 0xe8, 0x7e, 0x00, 0x00, 0x00, 0x00,
  0x00, 0x00, 0x00, 0x00, 0x28, 0x1c, 0xea, 0x7e, 0x2d, 0x1f, 0xff, 0xff, 0x27, 0x1a, 0xe9, 0xf9,
  0x28, 0x1b, 0xe8, 0xff, 0x25, 0x19, 0xe9, 0xff, 0x25, 0x19, 0xea, 0xff, 0x26, 0x18, 0xed, 0xff,
  0x27, 0x1a, 0xee, 0xff, 0x2c, 0x1f, 0xf0, 0xff, 0x2f, 0x24, 0xee, 0xff, 0x25, 0x1d, 0xe1, 0xff,
  0x13, 0x0d, 0xcb, 0xff, 0x0b, 0x09, 0xba, 0xff, 0x1f, 0x21, 0xbd, 0xff, 0x51, 0x53, 0xd4, 0xff,
  0x8f, 0x92, 0xf4, 0xff, 0xc6, 0xc8, 0xff, 0xff, 0xe7, 0xe7, 0xfe, 0xff, 0xea, 0xe7, 0xfe, 0xff,
  0xce, 0xcb, 0xef, 0xff, 0xa2, 0xa0, 0xd5, 0xff, 0x77, 0x74, 0xbe, 0xff, 0x5c, 0x5b, 0xaf, 0xff,
  0x5e, 0x5b, 0xaf, 0xff, 0x7a, 0x74, 0xbe, 0xff, 0xa5, 0xa0, 0xd5, 0xff, 0xcf, 0xcb, 0xef, 0xff,
  0xe9, 0xe8, 0xfe, 0xff, 0xe7, 0xe8, 0xfe, 0xff, 0xc6, 0xc8, 0xff, 0xff, 0x8f, 0x92, 0xf4, 0xff,
  0x51, 0x53, 0xd4, 0xff, 0x1f, 0x21, 0xbd, 0xff, 0x0b, 0x09, 0xba, 0xff, 0x13, 0x0d, 0xcb, 0xff,
  0x25, 0x1d, 0xe1, 0xff, 0x2f, 0x24, 0xee, 0xff, 0x2b, 0x1f, 0xf0, 0xff, 0x27, 0x1b, 0xee, 0xff,
  0x27, 0x19, 0xed, 0xff, 0x25, 0x19, 0xea, 0xff, 0x25, 0x19, 0xe9, 0xff, 0x27, 0x1c, 0xe8, 0xff,
  0x26, 0x1b, 0xe9, 0xf9, 0x2c, 0x20, 0xff, 0xff, 0x28, 0x1c, 0xea, 0x7e, 0x00, 0x00, 0x00, 0x00,
  0x00, 0x00, 0x00, 0x00, 0x28, 0x1a, 0xec, 0x7e, 0x2c, 0x1d, 0xff, 0xff, 0x27, 0x1a, 0xec, 0xf9,
  0x29, 0x1b, 0xed, 0xff, 0x27, 0x1b, 0xee, 0xff, 0x26, 0x1a, 0xee, 0xff, 0x24, 0x19, 0xed, 0xff,
  0x25, 0x1a, 0xee, 0xff, 0x2b, 0x20, 0xf0, 0xff, 0x2f, 0x28, 0xef, 0xff, 0x26, 0x21, 0xdf, 0xff,
  0x10, 0x0c, 0xc2, 0xff, 0x05, 0x06, 0xaa, 0xff, 0x1f, 0x22, 0xad, 0xff, 0x5d, 0x60, 0xc9, 0xff,
  0xa6, 0xa9, 0xf2, 0xff, 0xdf, 0xe1, 0xff, 0xff, 0xf7, 0xf6, 0xfc, 0xff, 0xea, 0xe8, 0xfc, 0xff,
  0xbe, 0xba, 0xe7, 0xff, 0x84, 0x80, 0xc4, 0xff, 0x4d, 0x49, 0xa5, 0xff, 0x2c, 0x2c, 0x93, 0xff,
  0x2d, 0x2c, 0x93, 0xff, 0x50, 0x49, 0xa5, 0xff, 0x86, 0x81, 0xc4, 0xff, 0xbe, 0xba, 0xe7, 0xff,
  0xea, 0xe8, 0xfc, 0xff, 0xf6, 0xf7, 0xfc, 0xff, 0xdf, 0xe1, 0xff, 0xff, 0xa6, 0xa9, 0xf2, 0xff,
  0x5d, 0x60, 0xc9, 0xff, 0x1f, 0x22, 0xad, 0xff, 0x05, 0x06, 0xaa, 0xff, 0x10, 0x0c, 0xc2, 0xff,
  0x26, 0x21, 0xdf, 0xff, 0x2f, 0x28, 0xef, 0xff, 0x2b, 0x20, 0xf0, 0xff, 0x25, 0x1b, 0xee, 0xff,
  0x25, 0x19, 0xed, 0xff, 0x26, 0x1a, 0xee, 0xff, 0x27, 0x1b, 0xee, 0xff, 0x28, 0x1c, 0xed, 0xff,
  0x26, 0x1b, 0xec, 0xf9, 0x2b, 0x1d, 0xff, 0xff, 0x26, 0x1a, 0xec, 0x7e, 0x00, 0x00, 0x00, 0x00,
  0x00, 0x00, 0x00, 0x00, 0x26, 0x18, 0xee, 0x7e, 0x2b, 0x1b, 0xff, 0xff, 0x27, 0x1a, 0xf0, 0xf9,
  0x2a, 0x1c, 0xf1, 0xff, 0x29, 0x1d, 0xf2, 0xff, 0x27, 0x1d, 0xf2, 0xff, 0x24, 0x1b, 0xf0, 0xff,
  0x22, 0x1b, 0xee, 0xff, 0x28, 0x21, 0xef, 0xff, 0x2c, 0x29, 0xeb, 0xff, 0x25, 0x23, 0xda, 0xff,
  0x0f, 0x10, 0xbc, 0xff, 0x09, 0x0b, 0xa5, 0xff, 0x29, 0x2c, 0xa8, 0xff, 0x6c, 0x71, 0xc5, 0xff,
  0xb9, 0xbc, 0xf0, 0xff, 0xef, 0xf1, 0xff, 0xff, 0xff, 0xfe, 0xfd, 0xff, 0xe6, 0xe4, 0xfd, 0xff,
  0xae, 0xaa, 0xe6, 0xff, 0x6b, 0x66, 0xbb, 0xff, 0x2d, 0x26, 0x96, 0xff, 0x08, 0x07, 0x80, 0xff,
  0x08, 0x07, 0x80, 0xff, 0x2f, 0x26, 0x96, 0xff, 0x6d, 0x67, 0xbb, 0xff, 0xaf, 0xab, 0xe6, 0xff,
  0xe6, 0xe4, 0xfd, 0xff, 0xfe, 0xff, 0xfd, 0xff, 0xef, 0xf2, 0xff, 0xff, 0xb9, 0xbc, 0xf0, 0xff,
  0x6c, 0x71, 0xc5, 0xff, 0x29, 0x2c, 0xa8, 0xff, 0x09, 0x0b, 0xa5, 0xff, 0x0f, 0x10, 0xbc, 0xff,
  0x25, 0x23, 0xda, 0xff, 0x2c, 0x29, 0xeb, 0xff, 0x28, 0x21, 0xef, 0xff, 0x22, 0x1b, 0xee, 0xff,
  0x24, 0x1b, 0xf0, 0xff, 0x27, 0x1d, 0xf2, 0xff, 0x29, 0x1d, 0xf2, 0xff, 0x29, 0x1b, 0xf1, 0xff,
  0x26, 0x1a, 0xf0, 0xf9, 0x29, 0x1b, 0xff, 0xff, 0x24, 0x18, 0xee, 0x7e, 0x00, 0x00, 0x00, 0x00,
  0x00, 0x00, 0x00, 0x00, 0x26, 0x18, 0xf2, 0x7e, 0x2b, 0x1b, 0xff, 0xff, 0x26, 0x1a, 0xf2, 0xf9,
  0x28, 0x1b, 0xf3, 0xff, 0x27, 0x1c, 0xf4, 0xff, 0x26, 0x1d, 0xf4, 0xff, 0x24, 0x1c, 0xf1, 0xff,
  0x21, 0x1b, 0xee, 0xff, 0x22, 0x1d, 0xeb, 0xff, 0x25, 0x23, 0xe2, 0xff, 0x21, 0x20, 0xd3, 0xff,
  0x16, 0x19, 0xbd, 0xff, 0x1c, 0x1f, 0xb0, 0xff, 0x41, 0x46, 0xb7, 0xff, 0x82, 0x87, 0xcf, 0xff,
  0xc6, 0xcb, 0xf1, 0xff, 0xf4, 0xf7, 0xff, 0xff, 0xfe, 0xfe, 0xfe, 0xff, 0xe2, 0xdf, 0xff, 0xff,
  0xa5, 0xa1, 0xee, 0xff, 0x61, 0x5b, 0xc0, 0xff, 0x21, 0x19, 0x97, 0xff, 0x00, 0x00, 0x7d, 0xff,
  0x00, 0x00, 0x7d, 0xff, 0x23, 0x19, 0x97, 0xff, 0x63, 0x5c, 0xc0, 0xff, 0xa6, 0xa3, 0xee, 0xff,
  0xe2, 0xe0, 0xff, 0xff, 0xfe, 0xfe, 0xfe, 0xff, 0xf4, 0xf7, 0xff, 0xff, 0xc6, 0xcb, 0xf1, 0xff,
  0x82, 0x87, 0xcf, 0xff, 0x41, 0x46, 0xb7, 0xff, 0x1c, 0x1f, 0xb0, 0xff, 0x16, 0x19, 0xbd, 0xff,
  0x21, 0x20, 0xd3, 0xff, 0x25, 0x23, 0xe2, 0xff, 0x22, 0x1d, 0xeb, 0xff, 0x21, 0x1b, 0xee, 0xff,
  0x23, 0x1c, 0xf1, 0xff, 0x27, 0x1d, 0xf4, 0xff, 0x27, 0x1c, 0xf4, 0xff, 0x28, 0x1a, 0xf3, 0xff,
  0x26, 0x19, 0xf2, 0xf9, 0x29, 0x1b, 0xff, 0xff, 0x24, 0x18, 0xf2, 0x7e, 0x00, 0x00, 0x00, 0x00,
  0x00, 0x00, 0x00, 0x00, 0x26, 0x18, 0xf4, 0x7e, 0x2b, 0x1b, 0xff, 0xff, 0x25, 0x19, 0xf3, 0xf9,
  0x26, 0x1a, 0xf2, 0xff, 0x25, 0x1b, 0xf2, 0xff, 0x24, 0x1c, 0xf3, 0xff, 0x24, 0x1d, 0xf3, 0xff,
  0x21, 0x1c, 0xef, 0xff, 0x1b, 0x17, 0xe4, 0xff, 0x1a, 0x17, 0xd5, 0xff, 0x1b, 0x1c, 0xc9, 0xff,
  0x23, 0x26, 0xc3, 0xff, 0x3c, 0x41, 0xc7, 0xff, 0x68, 0x6e, 0xd3, 0xff, 0x9f, 0xa6, 0xe4, 0xff,
  0xd1, 0xd7, 0xf8, 0xff, 0xf1, 0xf4, 0xff, 0xff, 0xf4, 0xf5, 0xff, 0xff, 0xd7, 0xd5, 0xff, 0xff,
  0x9f, 0x9b, 0xf7, 0xff, 0x5f, 0x5a, 0xcd, 0xff, 0x27, 0x20, 0xa2, 0xff, 0x06, 0x02, 0x89, 0xff,
  0x07, 0x02, 0x89, 0xff, 0x29, 0x1f, 0xa3, 0xff, 0x62, 0x5a, 0xce, 0xff, 0xa0, 0x9b, 0xf7, 0xff,
  0xd7, 0xd5, 0xff, 0xff, 0xf5, 0xf5, 0xff, 0xff, 0xf1, 0xf5, 0xff, 0xff, 0xd1, 0xd7, 0xf8, 0xff,
  0x9f, 0xa6, 0xe4, 0xff, 0x68, 0x6d, 0xd3, 0xff, 0x3c, 0x41, 0xc7, 0xff, 0x23, 0x26, 0xc3, 0xff,
  0x1b, 0x1c, 0xc9, 0xff, 0x1a, 0x17, 0xd5, 0xff, 0x1b, 0x17, 0xe4, 0xff, 0x21, 0x1c, 0xef, 0xff,
  0x24, 0x1d, 0xf3, 0xff, 0x24, 0x1c, 0xf3, 0xff, 0x25, 0x1b, 0xf2, 0xff, 0x26, 0x1a, 0xf2, 0xff,
  0x25, 0x19, 0xf3, 0xf9, 0x2a, 0x1b, 0xff, 0xff, 0x26, 0x18, 0xf4, 0x7e, 0x00, 0x00, 0x00, 0x00,
  0x00, 0x00, 0x00, 0x00, 0x26, 0x1a, 0xf4, 0x7e, 0x2a, 0x1d, 0xff, 0xff, 0x24, 0x19, 0xf1, 0xf9,
  0x23, 0x19, 0xef, 0xff, 0x20, 0x18, 0xef, 0xff, 0x22, 0x1b, 0xf3, 0xff, 0x25, 0x1f, 0xf6, 0xff,
  0x20, 0x1c, 0xf1, 0xff, 0x14, 0x12, 0xe0, 0xff, 0x0e, 0x0c, 0xcb, 0xff, 0x15, 0x17, 0xc1, 0xff,
  0x30, 0x34, 0xca, 0xff, 0x5d, 0x63, 0xdc, 0xff, 0x91, 0x97, 0xef, 0xff, 0xbe, 0xc5, 0xf8, 0xff,
  0xdc, 0xe1, 0xfd, 0xff, 0xe6, 0xea, 0xfe, 0xff, 0xda, 0xdb, 0xfd, 0xff, 0xb6, 0xb4, 0xfd, 0xff,
  0x85, 0x81, 0xef, 0xff, 0x55, 0x50, 0xcc, 0xff, 0x2c, 0x25, 0xa9, 0xff, 0x13, 0x0a, 0x95, 0xff,
  0x14, 0x0a, 0x96, 0xff, 0x2e, 0x23, 0xaa, 0xff, 0x56, 0x4e, 0xcd, 0xff, 0x86, 0x80, 0xef, 0xff,
  0xb7, 0xb5, 0xfd, 0xff, 0xda, 0xdb, 0xfd, 0xff, 0xe6, 0xea, 0xfe, 0xff, 0xdc, 0xe1, 0xfd, 0xff,
  0xbe, 0xc5, 0xf8, 0xff, 0x91, 0x97, 0xef, 0xff, 0x5d, 0x63, 0xdc, 0xff, 0x30, 0x34, 0xca, 0xff,
  0x15, 0x17, 0xc1, 0xff, 0x0e, 0x0c, 0xcb, 0xff, 0x14, 0x12, 0xe0, 0xff, 0x20, 0x1c, 0xf1, 0xff,
  0x25, 0x1f, 0xf6, 0xff, 0x21, 0x1b, 0xf3, 0xff, 0x20, 0x18, 0xef, 0xff, 0x22, 0x19, 0xef, 0xff,
  0x24, 0x19, 0xf1, 0xf9, 0x29, 0x1d, 0xff, 0xff, 0x26, 0x1a, 0xf4, 0x7e, 0x00, 0x00, 0x00, 0x00,
  0x00, 0x00, 0x00, 0x00, 0x24, 0x1c, 0xf0, 0x7e, 0x27, 0x1d, 0xff, 0xff, 0x21, 0x19, 0xee, 0xf9,
  0x1f, 0x18, 0xec, 0xff, 0x1e, 0x17, 0xec, 0xff, 0x21, 0x1a, 0xf2, 0xff, 0x25, 0x22, 0xfa, 0xff,
  0x21, 0x1e, 0xf5, 0xff, 0x11, 0x0f, 0xe0, 0xff, 0x06, 0x06, 0xc5, 0xff, 0x11, 0x14, 0xbc, 0xff,
  0x3b, 0x3f, 0xcc, 0xff, 0x76, 0x7c, 0xe9, 0xff, 0xb1, 0xb8, 0xfd, 0xff, 0xda, 0xe0, 0xff, 0xff,
  0xe8, 0xec, 0xff, 0xff, 0xd8, 0xdd, 0xf8, 0xff, 0xb3, 0xb3, 0xe6, 0xff, 0x7e, 0x7c, 0xd9, 0xff,
  0x51, 0x4c, 0xc7, 0xff, 0x33, 0x2d, 0xb1, 0xff, 0x20, 0x18, 0xa0, 0xff, 0x15, 0x0a, 0x97, 0xff,
  0x15, 0x0a, 0x98, 0xff, 0x22, 0x17, 0xa2, 0xff, 0x35, 0x2c, 0xb2, 0xff, 0x51, 0x4c, 0xc7, 0xff,
  0x7e, 0x7c, 0xd9, 0xff, 0xb2, 0xb2, 0xe6, 0xff, 0xd9, 0xdd, 0xf8, 0xff, 0xe7, 0xec, 0xff, 0xff,
  0xda, 0xe0, 0xff, 0xff, 0xb1, 0xb8, 0xfd, 0xff, 0x76, 0x7c, 0xe9, 0xff, 0x3b, 0x3f, 0xcc, 0xff,
  0x11, 0x14, 0xbc, 0xff, 0x06, 0x06, 0xc5, 0xff, 0x11, 0x0f, 0xe0, 0xff, 0x21, 0x1e, 0xf5, 0xff,
  0x25, 0x22, 0xfa, 0xff, 0x21, 0x1a, 0xf3, 0xff, 0x1e, 0x17, 0xec, 0xff, 0x1f, 0x17, 0xec, 0xff,
  0x21, 0x19, 0xee, 0xf9, 0x28, 0x1d, 0xff, 0xff, 0x24, 0x1c, 0xf0, 0x7e, 0x00, 0x00, 0x00, 0x00,
  0x00, 0x00, 0x00, 0x00, 0x22, 0x1c, 0xee, 0x7e, 0x25, 0x1d, 0xff, 0xff, 0x20, 0x19, 0xeb, 0xf9,
  0x1f, 0x17, 0xea, 0xff, 0x1d, 0x17, 0xeb, 0xff, 0x21, 0x1b, 0xf2, 0xff, 0x26, 0x23, 0xfc, 0xff,
  0x21, 0x1f, 0xf6, 0xff, 0x0e, 0x0d, 0xe0, 0xff, 0x02, 0x02, 0xc4, 0xff, 0x13, 0x15, 0xbc, 0xff,
  0x44, 0x49, 0xcd, 0xff, 0x88, 0x90, 0xed, 0xff, 0xc9, 0xd2, 0xff, 0xff, 0xf1, 0xf5, 0xff, 0xff,
  0xf3, 0xf6, 0xff, 0xff, 0xcf, 0xd4, 0xf0, 0xff, 0x8f, 0x8f, 0xc8, 0xff, 0x4a, 0x47, 0xa8, 0xff,
  0x20, 0x1b, 0x95, 0xff, 0x14, 0x0d, 0x92, 0xff, 0x17, 0x0f, 0x94, 0xff, 0x19, 0x0e, 0x97, 0xff,
  0x19, 0x0d, 0x98, 0xff, 0x19, 0x0e, 0x96, 0xff, 0x16, 0x0d, 0x92, 0xff, 0x21, 0x1a, 0x95, 0xff,
  0x4a, 0x48, 0xa8, 0xff, 0x8e, 0x8e, 0xc8, 0xff, 0xcf, 0xd4, 0xf0, 0xff, 0xf3, 0xf6, 0xff, 0xff,
  0xf1, 0xf5, 0xff, 0xff, 0xc9, 0xd2, 0xff, 0xff, 0x88, 0x90, 0xed, 0xff, 0x44, 0x49, 0xcd, 0xff,
  0x13, 0x15, 0xbc, 0xff, 0x02, 0x02, 0xc4, 0xff, 0x0d, 0x0d, 0xe0, 0xff, 0x21, 0x1f, 0xf7, 0xff,
  0x26, 0x23, 0xfc, 0xff, 0x21, 0x1b, 0xf2, 0xff, 0x1d, 0x17, 0xeb, 0xff, 0x1f, 0x17, 0xea, 0xff,
  0x20, 0x19, 0xeb, 0xf9, 0x26, 0x1d, 0xff, 0xff, 0x22, 0x1c, 0xee, 0x7e, 0x00, 0x00, 0x00, 0x00,
  0x00, 0x00, 0x00, 0x00, 0x20, 0x1c, 0xe8, 0x7e, 0x24, 0x1e, 0xff, 0xff, 0x20, 0x1a, 0xe9, 0xf9,
  0x20, 0x19, 0xe9, 0xff, 0x1f, 0x19, 0xeb, 0xff, 0x21, 0x1e, 0xf3, 0xff, 0x27, 0x25, 0xfc, 0xff,
  0x1f, 0x1e, 0xf6, 0xff, 0x0b, 0x0a, 0xdf, 0xff, 0x00, 0x00, 0xc4, 0xff, 0x12, 0x15, 0xbb, 0xff,
  0x4c, 0x50, 0xcc, 0xff, 0x96, 0x9f, 0xec, 0xff, 0xda, 0xe4, 0xfe, 0xff, 0xfe, 0xff, 0xfd, 0xff,
  0xfa, 0xfb, 0xff, 0xff, 0xce, 0xd1, 0xed, 0xff, 0x86, 0x86, 0xbc, 0xff, 0x41, 0x3e, 0x94, 0xff,
  0x1e, 0x19, 0x85, 0xff, 0x1f, 0x18, 0x8c, 0xff, 0x2e, 0x26, 0x9a, 0xff, 0x38, 0x2e, 0xa5, 0xff,
  0x38, 0x2d, 0xa6, 0xff, 0x30, 0x25, 0x9d, 0xff, 0x20, 0x16, 0x8d, 0xff, 0x1f, 0x18, 0x85, 0xff,
  0x41, 0x3e, 0x95, 0xff, 0x84, 0x86, 0xbc, 0xff, 0xce, 0xd1, 0xed, 0xff, 0xf9, 0xfb, 0xff, 0xff,
  0xfe, 0xff, 0xfd, 0xff, 0xd9, 0xe4, 0xfe, 0xff, 0x96, 0x9f, 0xec, 0xff, 0x4d, 0x50, 0xcc, 0xff,
  0x12, 0x15, 0xbb, 0xff, 0x00, 0x00, 0xc4, 0xff, 0x0a, 0x0a, 0xdf, 0xff, 0x1f, 0x1e, 0xf5, 0xff,
  0x27, 0x25, 0xfc, 0xff, 0x21, 0x1d, 0xf4, 0xff, 0x1f, 0x19, 0xeb, 0xff, 0x20, 0x19, 0xe9, 0xff,
  0x20, 0x1a, 0xe9, 0xf9, 0x24, 0x1e, 0xff, 0xff, 0x20, 0x1c, 0xe8, 0x7e, 0x00, 0x00, 0x00, 0x00,
  0x00, 0x00, 0x00, 0x00, 0x20, 0x1c, 0xe8, 0x7e, 0x24, 0x1f, 0xff, 0xff, 0x21, 0x1c, 0xea, 0xf9,
  0x23, 0x1e, 0xeb, 0xff, 0x22, 0x1e, 0xee, 0xff, 0x24, 0x20, 0xf5, 0xff, 0x26, 0x24, 0xfa, 0xff,
  0x1c, 0x1b, 0xf2, 0xff, 0x07, 0x07, 0xd9, 0xff, 0x00, 0x00, 0xbf, 0xff, 0x12, 0x14, 0xb9, 0xff,
  0x54, 0x59, 0xcd, 0xff, 0xa7, 0xae, 0xed, 0xff, 0xe8, 0xf1, 0xff, 0xff, 0xff, 0xff, 0xfd, 0xff,
  0xf9, 0xfb, 0xfe, 0xff, 0xd2, 0xd5, 0xee, 0xff, 0x9c, 0x9b, 0xca, 0xff, 0x6c, 0x68, 0xad, 0xff,
  0x56, 0x4f, 0xa3, 0xff, 0x5b, 0x54, 0xad, 0xff, 0x6b, 0x62, 0xba, 0xff, 0x74, 0x6b, 0xc4, 0xff,
  0x74, 0x6b, 0xc4, 0xff, 0x6c, 0x61, 0xbc, 0xff, 0x5c, 0x52, 0xad, 0xff, 0x55, 0x4f, 0xa3, 0xff,
  0x6c, 0x68, 0xad, 0xff, 0x9b, 0x9b, 0xca, 0xff, 0xd1, 0xd5, 0xee, 0xff, 0xf8, 0xfb, 0xfe, 0xff,
  0xff, 0xff, 0xfd, 0xff, 0xe7, 0xf1, 0xff, 0xff, 0xa7, 0xae, 0xed, 0xff, 0x55, 0x59, 0xcd, 0xff,
  0x13, 0x14, 0xb9, 0xff, 0x00, 0x00, 0xc0, 0xff, 0x07, 0x07, 0xd9, 0xff, 0x1c, 0x1b, 0xf0, 0xff,
  0x26, 0x24, 0xfa, 0xff, 0x24, 0x21, 0xf4, 0xff, 0x22, 0x1e, 0xed, 0xff, 0x23, 0x1e, 0xea, 0xff,
  0x21, 0x1c, 0xea, 0xf9, 0x24, 0x1f, 0xff, 0xff, 0x20, 0x1c, 0xe8, 0x7e, 0x00, 0x00, 0x00, 0x00,
  0x00, 0x00, 0x00, 0x00, 0x20, 0x1c, 0xe8, 0x7e, 0x24, 0x20, 0xff, 0xff, 0x22, 0x1f, 0xeb, 0xf9,
  0x25, 0x23, 0xed, 0xff, 0x26, 0x22, 0xf0, 0xff, 0x25, 0x22, 0xf3, 0xff, 0x24, 0x22, 0xf2, 0xff,
  0x19, 0x16, 0xe8, 0xff, 0x05, 0x04, 0xd2, 0xff, 0x00, 0x00, 0xbe, 0xff, 0x1c, 0x1e, 0xbc, 0xff,
  0x63, 0x67, 0xd1, 0xff, 0xb9, 0xbe, 0xef, 0xff, 0xf3, 0xf8, 0xff, 0xff, 0xff, 0xff, 0xfe, 0xff,
  0xf6, 0xf9, 0xfd, 0xff, 0xdb, 0xde, 0xf6, 0xff, 0xc4, 0xc2, 0xea, 0xff, 0xb2, 0xae, 0xe0, 0xff,
  0xa9, 0xa2, 0xdd, 0xff, 0xac, 0xa6, 0xe1, 0xff, 0xb4, 0xac, 0xe6, 0xff, 0xb9, 0xb0, 0xeb, 0xff,
  0xb9, 0xb0, 0xeb, 0xff, 0xb5, 0xab, 0xe7, 0xff, 0xad, 0xa5, 0xe1, 0xff, 0xa9, 0xa2, 0xdd, 0xff,
  0xb2, 0xae, 0xe0, 0xff, 0xc4, 0xc3, 0xea, 0xff, 0xdb, 0xde, 0xf6, 0xff, 0xf5, 0xf9, 0xfd, 0xff,
  0xff, 0xff, 0xfe, 0xff, 0xf1, 0xf8, 0xff, 0xff, 0xb7, 0xbe, 0xef, 0xff, 0x64, 0x67, 0xd1, 0xff,
  0x1e, 0x1e, 0xbc, 0xff, 0x01, 0x00, 0xbe, 0xff, 0x06, 0x04, 0xd1, 0xff, 0x19, 0x16, 0xe7, 0xff,
  0x24, 0x22, 0xf2, 0xff, 0x25, 0x23, 0xf3, 0xff, 0x26, 0x22, 0xef, 0xff, 0x25, 0x23, 0xed, 0xff,
  0x22, 0x1f, 0xeb, 0xf9, 0x24, 0x1f, 0xff, 0xff, 0x20, 0x1c, 0xe8, 0x7e, 0x00, 0x00, 0x00, 0x00,
  0x00, 0x00, 0x00, 0x00, 0x22, 0x1c, 0xe8, 0x7e, 0x25, 0x20, 0xff, 0xff, 0x23, 0x20, 0xeb, 0xf9,
  0x27, 0x24, 0xed, 0xff, 0x27, 0x24, 0xee, 0xff, 0x23, 0x20, 0xec, 0xff, 0x1f, 0x1c, 0xe6, 0xff,
  0x16, 0x13, 0xdd, 0xff, 0x0b, 0x08, 0xce, 0xff, 0x0f, 0x0e, 0xc6, 0xff, 0x35, 0x35, 0xc9, 0xff,
  0x79, 0x7b, 0xdb, 0xff, 0xc6, 0xc9, 0xf3, 0xff, 0xf6, 0xfa, 0xff, 0xff, 0xff, 0xff, 0xff, 0xff,
  0xf9, 0xfc, 0xff, 0xff, 0xee, 0xf1, 0xfe, 0xff, 0xef, 0xee, 0xff, 0xff, 0xf2, 0xee, 0xff, 0xff,
  0xf0, 0xeb, 0xff, 0xff, 0xf0, 0xe9, 0xff, 0xff, 0xef, 0xe8, 0xff, 0xff, 0xef, 0xe7, 0xff, 0xff,
  0xef, 0xe7, 0xff, 0xff, 0xf1, 0xe7, 0xff, 0xff, 0xf0, 0xe8, 0xff, 0xff, 0xf0, 0xea, 0xff, 0xff,
  0xf2, 0xee, 0xff, 0xff, 0xef, 0xee, 0xff, 0xff, 0xee, 0xf1, 0xfe, 0xff, 0xf8, 0xfc, 0xff, 0xff,
  0xff, 0xff, 0xff, 0xff, 0xf4, 0xfa, 0xff, 0xff, 0xc4, 0xc9, 0xf3, 0xff, 0x7a, 0x7b, 0xdb, 0xff,
  0x36, 0x35, 0xc9, 0xff, 0x12, 0x0e, 0xc5, 0xff, 0x0b, 0x08, 0xcd, 0xff, 0x16, 0x13, 0xdb, 0xff,
  0x1f, 0x1c, 0xe6, 0xff, 0x23, 0x20, 0xec, 0xff, 0x27, 0x24, 0xee, 0xff, 0x27, 0x24, 0xee, 0xff,
  0x23, 0x20, 0xeb, 0xf9, 0x24, 0x21, 0xff, 0xff, 0x20, 0x1e, 0xe8, 0x7e, 0x00, 0x00, 0x00, 0x00,
  0x00, 0x00, 0x00, 0x00, 0x22, 0x1c, 0xe6, 0x7e, 0x26, 0x20, 0xfd, 0xff, 0x23, 0x1f, 0xe8, 0xf9,
  0x27, 0x23, 0xea, 0xff, 0x27, 0x22, 0xe8, 0xff, 0x1f, 0x1a, 0xe0, 0xff, 0x1a, 0x14, 0xd7, 0xff,
  0x17, 0x11, 0xd0, 0xff, 0x1c, 0x17, 0xd0, 0xff, 0x34, 0x2f, 0xd6, 0xff, 0x5d, 0x5b, 0xe0, 0xff,
  0x98, 0x95, 0xea, 0xff, 0xd2, 0xd2, 0xf8, 0xff, 0xf6, 0xf8, 0xff, 0xff, 0xff, 0xff, 0xff, 0xff,
  0xff, 0xff, 0xff, 0xff, 0xfe, 0xff, 0xff, 0xff, 0xff, 0xff, 0xfe, 0xff, 0xff, 0xff, 0xfe, 0xff,
  0xff, 0xff, 0xfe, 0xff, 0xff, 0xff, 0xfe, 0xff, 0xff, 0xff, 0xfe, 0xff, 0xff, 0xff, 0xfe, 0xff,
  0xff, 0xff, 0xfe, 0xff, 0xff, 0xff, 0xfe, 0xff, 0xff, 0xff, 0xfe, 0xff, 0xff, 0xff, 0xfe, 0xff,
  0xff, 0xff, 0xfe, 0xff, 0xff, 0xff, 0xfe, 0xff, 0xfe, 0xff, 0xff, 0xff, 0xff, 0xff, 0xff, 0xff,
  0xff, 0xff, 0xff, 0xff, 0xf4, 0xf8, 0xff, 0xff, 0xd1, 0xd2, 0xf8, 0xff, 0x98, 0x95, 0xea, 0xff,
  0x5e, 0x5b, 0xe0, 0xff, 0x34, 0x2f, 0xd6, 0xff, 0x1d, 0x18, 0xd0, 0xff, 0x17, 0x11, 0xd0, 0xff,
  0x1a, 0x14, 0xd7, 0xff, 0x1f, 0x1a, 0xe1, 0xff, 0x27, 0x22, 0xe9, 0xff, 0x27, 0x23, 0xeb, 0xff,
  0x22, 0x20, 0xe9, 0xf9, 0x24, 0x22, 0xfd, 0xff, 0x20, 0x1e, 0xe6, 0x7e, 0x00, 0x00, 0x00, 0x00,
  0x00, 0x00, 0x00, 0x00, 0x22, 0x1c, 0xe6, 0x7e, 0x26, 0x20, 0xfc, 0xff, 0x23, 0x1e, 0xe6, 0xf9,
  0x27, 0x22, 0xe7, 0xff, 0x26, 0x20, 0xe1, 0xff, 0x1b, 0x14, 0xd4, 0xff, 0x13, 0x0c, 0xc7, 0xff,
  0x18, 0x11, 0xc5, 0xff, 0x31, 0x29, 0xd1, 0xff, 0x5c, 0x56, 0xe8, 0xff, 0x8c, 0x87, 0xf6, 0xff,
  0xbb, 0xb5, 0xfa, 0xff, 0xdd, 0xdb, 0xfd, 0xff, 0xf2, 0xf2, 0xff, 0xff, 0xfc, 0xfc, 0xff, 0xff,
  0xfd, 0xfe, 0xff, 0xff, 0xfb, 0xfc, 0xff, 0xff, 0xfb, 0xfb, 0xff, 0xff, 0xfa, 0xfa, 0xff, 0xff,
  0xf9, 0xf7, 0xff, 0xff, 0xf6, 0xf4, 0xff, 0xff, 0xf5, 0xf3, 0xff, 0xff, 0xf4, 0xf1, 0xff, 0xff,
  0xf5, 0xf0, 0xff, 0xff, 0xf7, 0xf2, 0xff, 0xff, 0xf8, 0xf3, 0xff, 0xff, 0xfa, 0xf7, 0xff, 0xff,
  0xfa, 0xfa, 0xff, 0xff, 0xfb, 0xfb, 0xff, 0xff, 0xfb, 0xfc, 0xff, 0xff, 0xfd, 0xfe, 0xff, 0xff,
  0xfc, 0xfc, 0xff, 0xff, 0xf2, 0xf2, 0xff, 0xff, 0xdd, 0xdb, 0xfd, 0xff, 0xba, 0xb5, 0xfa, 0xff,
  0x8e, 0x87, 0xf6, 0xff, 0x5c, 0x56, 0xe7, 0xff, 0x31, 0x2a, 0xd1, 0xff, 0x18, 0x11, 0xc5, 0xff,
  0x13, 0x0c, 0xc7, 0xff, 0x1b, 0x13, 0xd6, 0xff, 0x26, 0x1f, 0xe3, 0xff, 0x27, 0x22, 0xe8, 0xff,
  0x22, 0x1f, 0xe7, 0xf9, 0x24, 0x22, 0xfc, 0xff, 0x20, 0x1e, 0xe6, 0x7e, 0x00, 0x00, 0x00, 0x00,
  0x00, 0x00, 0x00, 0x00, 0x22, 0x1c, 0xe6, 0x7e, 0x26, 0x1e, 0xfc, 0xff, 0x25, 0x1e, 0xe6, 0xf9,
  0x2a, 0x24, 0xe8, 0xff, 0x29, 0x22, 0xe0, 0xff, 0x1a, 0x12, 0xcd, 0xff, 0x0e, 0x04, 0xb9, 0xff,
  0x17, 0x0e, 0xb8, 0xff, 0x40, 0x36, 0xcb, 0xff, 0x7e, 0x75, 0xee, 0xff, 0xb6, 0xae, 0xff, 0xff,
  0xd8, 0xd3, 0xff, 0xff, 0xe9, 0xe5, 0xff, 0xff, 0xec, 0xea, 0xfc, 0xff, 0xe8, 0xe7, 0xf7, 0xff,
  0xde, 0xde, 0xf4, 0xff, 0xd3, 0xd3, 0xf1, 0xff, 0xcc, 0xcb, 0xf0, 0xff, 0xc8, 0xc7, 0xef, 0xff,
  0xc3, 0xc1, 0xf0, 0xff, 0xbf, 0xbe, 0xf0, 0xff, 0xbd, 0xbd, 0xf0, 0xff, 0xbd, 0xbb, 0xf2, 0xff,
  0xbd, 0xba, 0xf2, 0xff, 0xc0, 0xbc, 0xf0, 0xff, 0xc1, 0xbd, 0xf0, 0xff, 0xc4, 0xc1, 0xf0, 0xff,
  0xc8, 0xc7, 0xef, 0xff, 0xcc, 0xcb, 0xf0, 0xff, 0xd3, 0xd3, 0xf1, 0xff, 0xde, 0xde, 0xf4, 0xff,
  0xe8, 0xe7, 0xf7, 0xff, 0xed, 0xea, 0xfc, 0xff, 0xea, 0xe5, 0xff, 0xff, 0xd9, 0xd3, 0xff, 0xff,
  0xb6, 0xae, 0xff, 0xff, 0x7d, 0x75, 0xee, 0xff, 0x3f, 0x36, 0xcb, 0xff, 0x17, 0x0e, 0xb7, 0xff,
  0x0e, 0x03, 0xba, 0xff, 0x1a, 0x11, 0xcf, 0xff, 0x29, 0x22, 0xe2, 0xff, 0x2a, 0x24, 0xe9, 0xff,
  0x22, 0x1e, 0xe7, 0xf9, 0x23, 0x20, 0xfc, 0xff, 0x20, 0x1e, 0xe6, 0x7e, 0x00, 0x00, 0x00, 0x00,
  0x00, 0x00, 0x00, 0x00, 0x20, 0x18, 0xe6, 0x7e, 0x25, 0x1d, 0xfd, 0xff, 0x25, 0x1f, 0xe9, 0xf9,
  0x2f, 0x28, 0xeb, 0xff, 0x2e, 0x27, 0xe3, 0xff, 0x1d, 0x14, 0xcc, 0xff, 0x0d, 0x03, 0xb1, 0xff,
  0x18, 0x0e, 0xad, 0xff, 0x4b, 0x40, 0xc2, 0xff, 0x95, 0x8c, 0xea, 0xff, 0xd4, 0xcb, 0xff, 0xff,
  0xf1, 0xee, 0xff, 0xff, 0xf5, 0xf2, 0xff, 0xff, 0xe4, 0xdf, 0xf7, 0xff, 0xc7, 0xc4, 0xe3, 0xff,
  0xa5, 0xa3, 0xd0, 0xff, 0x8b, 0x89, 0xc4, 0xff, 0x7e, 0x7c, 0xc0, 0xff, 0x7a, 0x79, 0xc3, 0xff,
  0x77, 0x75, 0xc7, 0xff, 0x73, 0x71, 0xc8, 0xff, 0x6f, 0x6f, 0xca, 0xff, 0x6f, 0x6f, 0xcb, 0xff,
  0x6f, 0x6e, 0xcb, 0xff, 0x71, 0x70, 0xca, 0xff, 0x73, 0x71, 0xc8, 0xff, 0x77, 0x75, 0xc7, 0xff,
  0x7a, 0x79, 0xc3, 0xff, 0x7e, 0x7c, 0xc0, 0xff, 0x8b, 0x89, 0xc4, 0xff, 0xa5, 0xa3, 0xd0, 0xff,
  0xc7, 0xc4, 0xe3, 0xff, 0xe4, 0xdf, 0xf7, 0xff, 0xf5, 0xf2, 0xff, 0xff, 0xf0, 0xee, 0xff, 0xff,
  0xd4, 0xcb, 0xff, 0xff, 0x95, 0x8c, 0xea, 0xff, 0x4a, 0x41, 0xc2, 0xff, 0x18, 0x0e, 0xac, 0xff,
  0x0d, 0x02, 0xb2, 0xff, 0x1d, 0x13, 0xcd, 0xff, 0x2e, 0x27, 0xe5, 0xff, 0x2f, 0x28, 0xed, 0xff,
  0x24, 0x1f, 0xea, 0xf9, 0x23, 0x1e, 0xfd, 0xff, 0x1e, 0x1a, 0xe6, 0x7e, 0x00, 0x00, 0x00, 0x00,
  0x00, 0x00, 0x00, 0x00, 0x20, 0x18, 0xe8, 0x7e, 0x24, 0x1c, 0xff, 0xff, 0x25, 0x1e, 0xec, 0xf9,
  0x30, 0x28, 0xee, 0xff, 0x32, 0x2a, 0xe6, 0xff, 0x21, 0x19, 0xcd, 0xff, 0x12, 0x07, 0xb1, 0xff,
  0x20, 0x16, 0xaa, 0xff, 0x57, 0x4d, 0xbe, 0xff, 0xa5, 0x9b, 0xe4, 0xff, 0xe6, 0xde, 0xfe, 0xff,
  0xfd, 0xfd, 0xff, 0xff, 0xfb, 0xf8, 0xff, 0xff, 0xdc, 0xd4, 0xf4, 0xff, 0xa5, 0x9f, 0xd3, 0xff,
  0x6c, 0x68, 0xb1, 0xff, 0x45, 0x41, 0x9d, 0xff, 0x34, 0x31, 0x9a, 0xff, 0x34, 0x32, 0xa2, 0xff,
  0x33, 0x31, 0xa9, 0xff, 0x2e, 0x2e, 0xac, 0xff, 0x2b, 0x2c, 0xaf, 0xff, 0x2b, 0x2c, 0xb0, 0xff,
  0x2b, 0x2b, 0xb0, 0xff, 0x2b, 0x2c, 0xaf, 0xff, 0x2e, 0x2e, 0xac, 0xff, 0x33, 0x31, 0xa9, 0xff,
  0x34, 0x32, 0xa2, 0xff, 0x34, 0x31, 0x9a, 0xff, 0x45, 0x41, 0x9d, 0xff, 0x6c, 0x68, 0xb1, 0xff,
  0xa5, 0x9f, 0xd3, 0xff, 0xdc, 0xd4, 0xf4, 0xff, 0xfb, 0xf8, 0xff, 0xff, 0xfd, 0xfd, 0xff, 0xff,
  0xe7, 0xde, 0xfe, 0xff, 0xa5, 0x9b, 0xe4, 0xff, 0x57, 0x4d, 0xbe, 0xff, 0x20, 0x16, 0xaa, 0xff,
  0x12, 0x07, 0xb1, 0xff, 0x21, 0x19, 0xcd, 0xff, 0x32, 0x2a, 0xe7, 0xff, 0x30, 0x28, 0xef, 0xff,
  0x25, 0x1e, 0xed, 0xf9, 0x24, 0x1c, 0xff, 0xff, 0x1e, 0x18, 0xe8, 0x7e, 0x00, 0x00, 0x00, 0x00,
  0x00, 0x00, 0x00, 0x00, 0x20, 0x16, 0xee, 0x7e, 0x25, 0x19, 0xff, 0xff, 0x25, 0x1a, 0xee, 0xf9,
  0x2d, 0x23, 0xed, 0xff, 0x30, 0x26, 0xe3, 0xff, 0x24, 0x1a, 0xcd, 0xff, 0x1d, 0x13, 0xb7, 0xff,
  0x31, 0x27, 0xb4, 0xff, 0x68, 0x5f, 0xc5, 0xff, 0xb1, 0xa8, 0xe4, 0xff, 0xed, 0xe4, 0xfc, 0xff,
  0xff, 0xff, 0xfd, 0xff, 0xfb, 0xf6, 0xff, 0xff, 0xd2, 0xc9, 0xf4, 0xff, 0x8f, 0x87, 0xcc, 0xff,
  0x4b, 0x44, 0xa5, 0xff, 0x1e, 0x18, 0x8f, 0xff, 0x0f, 0x0a, 0x8e, 0xff, 0x10, 0x0d, 0x9a, 0xff,
  0x12, 0x10, 0xa4, 0xff, 0x0d, 0x0e, 0xa8, 0xff, 0x0b, 0x0b, 0xab, 0xff, 0x0a, 0x0c, 0xad, 0xff,
  0x0a, 0x0c, 0xad, 0xff, 0x09, 0x0c, 0xab, 0xff, 0x0d, 0x0e, 0xa8, 0xff, 0x12, 0x10, 0xa4, 0xff,
  0x11, 0x0d, 0x9a, 0xff, 0x0f, 0x0a, 0x8e, 0xff, 0x1e, 0x18, 0x8f, 0xff, 0x4b, 0x44, 0xa5, 0xff,
  0x8f, 0x87, 0xcc, 0xff, 0xd2, 0xc9, 0xf4, 0xff, 0xfb, 0xf6, 0xff, 0xff, 0xff, 0xff, 0xfd, 0xff,
  0xed, 0xe4, 0xfc, 0xff, 0xb2, 0xa8, 0xe4, 0xff, 0x68, 0x5f, 0xc5, 0xff, 0x31, 0x27, 0xb4, 0xff,
  0x1d, 0x13, 0xb7, 0xff, 0x24, 0x1a, 0xcd, 0xff, 0x30, 0x26, 0xe3, 0xff, 0x2d, 0x23, 0xed, 0xff,
  0x25, 0x1a, 0xee, 0xf9, 0x25, 0x19, 0xff, 0xff, 0x22, 0x16, 0xee, 0x7e, 0x00, 0x00, 0x00, 0x00,
  0x00, 0x00, 0x00, 0x00, 0x24, 0x16, 0xf8, 0x7e, 0x27, 0x18, 0xff, 0xff, 0x22, 0x14, 0xef, 0xf9,
  0x24, 0x17, 0xe7, 0xff, 0x26, 0x1a, 0xda, 0xff, 0x26, 0x1a, 0xca, 0xff, 0x2d, 0x24, 0xc3, 0xff,
  0x4b, 0x43, 0xc7, 0xff, 0x82, 0x79, 0xd7, 0xff, 0xbf, 0xb6, 0xed, 0xff, 0xee, 0xe5, 0xfd, 0xff,
  0xfd, 0xf9, 0xfe, 0xff, 0xf2, 0xe9, 0xfe, 0xff, 0xc5, 0xb9, 0xf3, 0xff, 0x82, 0x77, 0xcf, 0xff,
  0x40, 0x37, 0xac, 0xff, 0x18, 0x10, 0x9b, 0xff, 0x0d, 0x07, 0x9f, 0xff, 0x13, 0x0f, 0xad, 0xff,
  0x16, 0x15, 0xb8, 0xff, 0x13, 0x12, 0xbc, 0xff, 0x0f, 0x0f, 0xbf, 0xff, 0x0e, 0x10, 0xc1, 0xff,
  0x0e, 0x10, 0xc1, 0xff, 0x0f, 0x10, 0xbf, 0xff, 0x13, 0x13, 0xbc, 0xff, 0x16, 0x15, 0xb8, 0xff,
  0x12, 0x0f, 0xad, 0xff, 0x0d, 0x07, 0x9f, 0xff, 0x18, 0x10, 0x9b, 0xff, 0x40, 0x37, 0xac, 0xff,
  0x82, 0x77, 0xcf, 0xff, 0xc5, 0xb9, 0xf3, 0xff, 0xf2, 0xe9, 0xfe, 0xff, 0xfd, 0xf9, 0xfe, 0xff,
  0xee, 0xe5, 0xfd, 0xff, 0xc0, 0xb6, 0xec, 0xff, 0x82, 0x79, 0xd7, 0xff, 0x4b, 0x43, 0xc7, 0xff,
  0x2d, 0x24, 0xc3, 0xff, 0x26, 0x1a, 0xca, 0xff, 0x26, 0x1a, 0xda, 0xff, 0x24, 0x17, 0xe7, 0xff,
  0x22, 0x14, 0xef, 0xf9, 0x28, 0x17, 0xff, 0xff, 0x24, 0x16, 0xf8, 0x7e, 0x00, 0x00, 0x00, 0x00,
  0x00, 0x00, 0x00, 0x00, 0x28, 0x18, 0xff, 0x7e, 0x29, 0x18, 0xff, 0xff, 0x1f, 0x0e, 0xef, 0xf9,
  0x1b, 0x0a, 0xe0, 0xff, 0x1c, 0x0e, 0xd0, 0xff, 0x29, 0x1c, 0xc9, 0xff, 0x45, 0x3b, 0xcf, 0xff,
  0x6e, 0x67, 0xdd, 0xff, 0xa0, 0x99, 0xea, 0xff, 0xcd, 0xc6, 0xf6, 0xff, 0xed, 0xe4, 0xfe, 0xff,
  0xf7, 0xee, 0xff, 0xff, 0xe7, 0xdc, 0xff, 0xff, 0xba, 0xad, 0xf6, 0xff, 0x7a, 0x6f, 0xd7, 0xff,
  0x41, 0x34, 0xb9, 0xff, 0x1f, 0x15, 0xae, 0xff, 0x1a, 0x13, 0xb7, 0xff, 0x23, 0x20, 0xc8, 0xff,
  0x2a, 0x28, 0xd4, 0xff, 0x26, 0x25, 0xd8, 0xff, 0x23, 0x23, 0xd9, 0xff, 0x22, 0x23, 0xdb, 0xff,
  0x22, 0x23, 0xdb, 0xff, 0x23, 0x23, 0xd9, 0xff, 0x26, 0x25, 0xd8, 0xff, 0x29, 0x28, 0xd4, 0xff,
  0x23, 0x20, 0xc8, 0xff, 0x1a, 0x13, 0xb7, 0xff, 0x1f, 0x15, 0xae, 0xff, 0x41, 0x34, 0xb9, 0xff,
  0x7b, 0x6f, 0xd7, 0xff, 0xba, 0xad, 0xf6, 0xff, 0xe7, 0xdc, 0xff, 0xff, 0xf7, 0xee, 0xff, 0xff,
  0xed, 0xe4, 0xfe, 0xff, 0xcd, 0xc6, 0xf6, 0xff, 0xa0, 0x99, 0xea, 0xff, 0x6e, 0x67, 0xdd, 0xff,
  0x45, 0x3b, 0xcf, 0xff, 0x29, 0x1c, 0xc9, 0xff, 0x1c, 0x0e, 0xd0, 0xff, 0x1b, 0x0a, 0xe0, 0xff,
  0x1f, 0x0e, 0xef, 0xf9, 0x29, 0x18, 0xff, 0xff, 0x28, 0x18, 0xfc, 0x7e, 0x00, 0x00, 0x00, 0x00,
  0x00, 0x00, 0x00, 0x00, 0x2e, 0x1c, 0xff, 0x7e, 0x2e, 0x19, 0xff, 0xff, 0x1d, 0x0b, 0xef, 0xf9,
  0x14, 0x03, 0xdd, 0xff, 0x16, 0x07, 0xcb, 0xff, 0x30, 0x23, 0xca, 0xff, 0x5f, 0x56, 0xdb, 0xff,
  0x93, 0x8d, 0xee, 0xff, 0xc0, 0xb9, 0xf7, 0xff, 0xdc, 0xd6, 0xfa, 0xff, 0xed, 0xe5, 0xfe, 0xff,
  0xf4, 0xe8, 0xff, 0xff, 0xe2, 0xd6, 0xff, 0xff, 0xb4, 0xa6, 0xfa, 0xff, 0x74, 0x67, 0xde, 0xff,
  0x3a, 0x2d, 0xc1, 0xff, 0x1c, 0x11, 0xb8, 0xff, 0x1d, 0x15, 0xc4, 0xff, 0x2b, 0x27, 0xd9, 0xff,
  0x33, 0x32, 0xe6, 0xff, 0x2f, 0x2f, 0xea, 0xff, 0x2b, 0x2b, 0xe9, 0xff, 0x2a, 0x2a, 0xea, 0xff,
  0x2a, 0x2a, 0xea, 0xff, 0x2b, 0x2b, 0xe9, 0xff, 0x2f, 0x2e, 0xea, 0xff, 0x33, 0x32, 0xe6, 0xff,
  0x2c, 0x27, 0xd9, 0xff, 0x1d, 0x15, 0xc4, 0xff, 0x1c, 0x11, 0xb8, 0xff, 0x3a, 0x2d, 0xc1, 0xff,
  0x74, 0x67, 0xde, 0xff, 0xb4, 0xa6, 0xfa, 0xff, 0xe2, 0xd6, 0xff, 0xff, 0xf4, 0xe8, 0xff, 0xff,
  0xed, 0xe5, 0xfe, 0xff, 0xdc, 0xd6, 0xfa, 0xff, 0xbf, 0xb9, 0xf7, 0xff, 0x93, 0x8d, 0xee, 0xff,
  0x5f, 0x56, 0xdb, 0xff, 0x30, 0x23, 0xca, 0xff, 0x16, 0x07, 0xcb, 0xff, 0x14, 0x03, 0xdd, 0xff,
  0x1d, 0x0b, 0xf0, 0xf9, 0x2e, 0x1a, 0xff, 0xff, 0x2e, 0x1c, 0xff, 0x7e, 0x00, 0x00, 0x00, 0x00,
  0x00, 0x00, 0x00, 0x00, 0x30, 0x1e, 0xff, 0x7e, 0x30, 0x1d, 0xff, 0xff, 0x1c, 0x0b, 0xf1, 0xf9,
  0x0f, 0x00, 0xdc, 0xff, 0x13, 0x05, 0xca, 0xff, 0x38, 0x2b, 0xcc, 0xff, 0x76, 0x6d, 0xe3, 0xff,
  0xb1, 0xab, 0xf7, 0xff, 0xd8, 0xd4, 0xfc, 0xff, 0xe8, 0xe2, 0xfc, 0xff, 0xeb, 0xe4, 0xfe, 0xff,
  0xeb, 0xe0, 0xff, 0xff, 0xd7, 0xcb, 0xff, 0xff, 0xa8, 0x9a, 0xfc, 0xff, 0x68, 0x58, 0xe1, 0xff,
  0x2d, 0x1f, 0xc4, 0xff, 0x11, 0x05, 0xbb, 0xff, 0x13, 0x0c, 0xc8, 0xff, 0x24, 0x21, 0xde, 0xff,
  0x2e, 0x2d, 0xeb, 0xff, 0x2a, 0x29, 0xed, 0xff, 0x25, 0x24, 0xec, 0xff, 0x23, 0x23, 0xec, 0xff,
  0x23, 0x23, 0xec, 0xff, 0x25, 0x24, 0xec, 0xff, 0x2a, 0x29, 0xed, 0xff, 0x2e, 0x2d, 0xeb, 0xff,
  0x25, 0x21, 0xde, 0xff, 0x14, 0x0c, 0xc8, 0xff, 0x11, 0x05, 0xbb, 0xff, 0x2d, 0x1f, 0xc4, 0xff,
  0x67, 0x58, 0xe1, 0xff, 0xa8, 0x9a, 0xfc, 0xff, 0xd7, 0xcb, 0xff, 0xff, 0xeb, 0xe0, 0xff, 0xff,
  0xeb, 0xe4, 0xfe, 0xff, 0xe9, 0xe2, 0xfc, 0xff, 0xd9, 0xd4, 0xfc, 0xff, 0xb1, 0xab, 0xf7, 0xff,
  0x76, 0x6d, 0xe3, 0xff, 0x38, 0x2b, 0xcc, 0xff, 0x13, 0x05, 0xca, 0xff, 0x0f, 0x00, 0xdc, 0xff,
  0x1c, 0x0b, 0xf1, 0xf9, 0x30, 0x1e, 0xff, 0xff, 0x30, 0x20, 0xff, 0x7e, 0x00, 0x00, 0x00, 0x00,
  0x00, 0x00, 0x00, 0x00, 0x32, 0x22, 0xff, 0x7e, 0x31, 0x20, 0xff, 0xff, 0x1b, 0x0c, 0xf0, 0xf9,
  0x0d, 0x00, 0xdb, 0xff, 0x11, 0x06, 0xca, 0xff, 0x3c, 0x32, 0xcf, 0xff, 0x83, 0x7b, 0xe9, 0xff,
  0xc3, 0xbd, 0xfd, 0xff, 0xe7, 0xe3, 0xfe, 0xff, 0xed, 0xe8, 0xfe, 0xff, 0xe4, 0xdd, 0xff, 0xff,
  0xd6, 0xce, 0xff, 0xff, 0xbc, 0xb0, 0xfe, 0xff, 0x8d, 0x80, 0xf8, 0xff, 0x54, 0x45, 0xdf, 0xff,
  0x23, 0x16, 0xc8, 0xff, 0x0d, 0x03, 0xc1, 0xff, 0x10, 0x09, 0xcd, 0xff, 0x1f, 0x1a, 0xdf, 0xff,
  0x27, 0x25, 0xea, 0xff, 0x24, 0x23, 0xec, 0xff, 0x20, 0x1f, 0xeb, 0xff, 0x1f, 0x1e, 0xeb, 0xff,
  0x1f, 0x1e, 0xeb, 0xff, 0x20, 0x1f, 0xeb, 0xff, 0x23, 0x23, 0xec, 0xff, 0x27, 0x25, 0xea, 0xff,
  0x1f, 0x1a, 0xdf, 0xff, 0x10, 0x09, 0xcd, 0xff, 0x0d, 0x03, 0xc1, 0xff, 0x23, 0x16, 0xc8, 0xff,
  0x54, 0x45, 0xdf, 0xff, 0x8d, 0x80, 0xf8, 0xff, 0xbc, 0xb0, 0xfe, 0xff, 0xd6, 0xce, 0xff, 0xff,
  0xe4, 0xdd, 0xff, 0xff, 0xee, 0xe8, 0xfe, 0xff, 0xe7, 0xe3, 0xfe, 0xff, 0xc3, 0xbd, 0xfd, 0xff,
  0x83, 0x7b, 0xe9, 0xff, 0x3c, 0x32, 0xcf, 0xff, 0x11, 0x06, 0xca, 0xff, 0x0d, 0x00, 0xdb, 0xff,
  0x1b, 0x0d, 0xef, 0xf9, 0x31, 0x21, 0xff, 0xff, 0x32, 0x24, 0xff, 0x7e, 0x00, 0x00, 0x00, 0x00,
  0x00, 0x00, 0x00, 0x00, 0x30, 0x24, 0xfc, 0x7e, 0x2e, 0x21, 0xff, 0xff, 0x19, 0x0d, 0xec, 0xf9,
  0x08, 0x00, 0xd6, 0xff, 0x0d, 0x06, 0xc8, 0xff, 0x3d, 0x34, 0xd1, 0xff, 0x88, 0x81, 0xef, 0xff,
  0xca, 0xc5, 0xff, 0xff, 0xed, 0xe9, 0xff, 0xff, 0xed, 0xe8, 0xff, 0xff, 0xd6, 0xd0, 0xff, 0xff,
  0xb4, 0xad, 0xf9, 0xff, 0x8c, 0x81, 0xf1, 0xff, 0x5f, 0x53, 0xe7, 0xff, 0x38, 0x2c, 0xda, 0xff,
  0x1e, 0x13, 0xd1, 0xff, 0x15, 0x0c, 0xd0, 0xff, 0x15, 0x0e, 0xd6, 0xff, 0x1d, 0x17, 0xdf, 0xff,
  0x23, 0x20, 0xe8, 0xff, 0x23, 0x20, 0xea, 0xff, 0x20, 0x1f, 0xeb, 0xff, 0x21, 0x1f, 0xec, 0xff,
  0x21, 0x1f, 0xec, 0xff, 0x20, 0x1f, 0xeb, 0xff, 0x22, 0x20, 0xea, 0xff, 0x23, 0x20, 0xe8, 0xff,
  0x1c, 0x17, 0xdf, 0xff, 0x15, 0x0e, 0xd6, 0xff, 0x16, 0x0c, 0xd0, 0xff, 0x1f, 0x13, 0xd1, 0xff,
  0x3a, 0x2c, 0xda, 0xff, 0x5f, 0x53, 0xe7, 0xff, 0x8b, 0x81, 0xf1, 0xff, 0xb5, 0xad, 0xf9, 0xff,
  0xd6, 0xd0, 0xff, 0xff, 0xed, 0xe8, 0xff, 0xff, 0xed, 0xe9, 0xff, 0xff, 0xca, 0xc5, 0xff, 0xff,
  0x88, 0x81, 0xef, 0xff, 0x3d, 0x34, 0xd1, 0xff, 0x0d, 0x05, 0xc7, 0xff, 0x08, 0x00, 0xd7, 0xff,
  0x19, 0x0d, 0xeb, 0xf9, 0x2e, 0x24, 0xff, 0xff, 0x30, 0x26, 0xfc, 0x7e, 0x00, 0x00, 0x00, 0x00,
  0x00, 0x00, 0x00, 0x00, 0x2a, 0x24, 0xf8, 0x7e, 0x2b, 0x23, 0xff, 0xff, 0x15, 0x0f, 0xe7, 0xf9,
  0x07, 0x01, 0xd4, 0xff, 0x0c, 0x07, 0xc8, 0xff, 0x38, 0x32, 0xd2, 0xff, 0x7e, 0x78, 0xf1, 0xff,
  0xba, 0xb6, 0xff, 0xff, 0xdc, 0xd8, 0xff, 0xff, 0xdb, 0xd5, 0xff, 0xff, 0xba, 0xb3, 0xff, 0xff,
  0x88, 0x80, 0xf0, 0xff, 0x52, 0x48, 0xdd, 0xff, 0x2b, 0x21, 0xd3, 0xff, 0x1c, 0x11, 0xd4, 0xff,
  0x1d, 0x14, 0xdd, 0xff, 0x21, 0x18, 0xe2, 0xff, 0x1e, 0x17, 0xe3, 0xff, 0x1d, 0x16, 0xe2, 0xff,
  0x20, 0x1a, 0xe5, 0xff, 0x21, 0x1c, 0xe9, 0xff, 0x23, 0x20, 0xec, 0xff, 0x25, 0x22, 0xee, 0xff,
  0x25, 0x22, 0xee, 0xff, 0x23, 0x20, 0xec, 0xff, 0x1f, 0x1c, 0xe9, 0xff, 0x1e, 0x1a, 0xe5, 0xff,
  0x1b, 0x16, 0xe2, 0xff, 0x1d, 0x17, 0xe3, 0xff, 0x22, 0x18, 0xe2, 0xff, 0x1f, 0x14, 0xdd, 0xff,
  0x1e, 0x11, 0xd4, 0xff, 0x2c, 0x21, 0xd3, 0xff, 0x52, 0x48, 0xdd, 0xff, 0x88, 0x80, 0xf0, 0xff,
  0xba, 0xb3, 0xff, 0xff, 0xda, 0xd5, 0xff, 0xff, 0xdc, 0xd8, 0xff, 0xff, 0xba, 0xb6, 0xff, 0xff,
  0x7e, 0x78, 0xf1, 0xff, 0x38, 0x32, 0xd2, 0xff, 0x0c, 0x07, 0xc8, 0xff, 0x07, 0x02, 0xd3, 0xff,
  0x15, 0x10, 0xe6, 0xf9, 0x2b, 0x24, 0xff, 0xff, 0x2a, 0x26, 0xf6, 0x7e, 0x00, 0x00, 0x00, 0x00,
  0x00, 0x00, 0x00, 0x00, 0x26, 0x24, 0xf2, 0x7e, 0x25, 0x23, 0xff, 0xff, 0x16, 0x14, 0xe4, 0xf9,
  0x0c, 0x0a, 0xd6, 0xff, 0x10, 0x0e, 0xcd, 0xff, 0x30, 0x2e, 0xd3, 0xff, 0x60, 0x5d, 0xe6, 0xff,
  0x8c, 0x89, 0xf8, 0xff, 0xa7, 0xa3, 0xfa, 0xff, 0xa6, 0xa2, 0xfa, 0xff, 0x8a, 0x84, 0xf7, 0xff,
  0x5b, 0x53, 0xe5, 0xff, 0x2a, 0x20, 0xd2, 0xff, 0x0d, 0x04, 0xcd, 0xff, 0x0d, 0x05, 0xd7, 0xff,
  0x1d, 0x16, 0xe7, 0xff, 0x28, 0x20, 0xef, 0xff, 0x24, 0x1e, 0xec, 0xff, 0x1f, 0x18, 0xe6, 0xff,
  0x1f, 0x18, 0xe4, 0xff, 0x21, 0x1b, 0xe8, 0xff, 0x24, 0x20, 0xeb, 0xff, 0x26, 0x22, 0xed, 0xff,
  0x26, 0x22, 0xed, 0xff, 0x24, 0x20, 0xeb, 0xff, 0x1f, 0x1b, 0xe8, 0xff, 0x1d, 0x18, 0xe4, 0xff,
  0x1c, 0x18, 0xe6, 0xff, 0x24, 0x1e, 0xec, 0xff, 0x29, 0x20, 0xef, 0xff, 0x1f, 0x16, 0xe7, 0xff,
  0x0f, 0x05, 0xd7, 0xff, 0x0d, 0x04, 0xcd, 0xff, 0x29, 0x20, 0xd2, 0xff, 0x5b, 0x53, 0xe5, 0xff,
  0x8b, 0x84, 0xf7, 0xff, 0xa7, 0xa2, 0xfa, 0xff, 0xa7, 0xa3, 0xfa, 0xff, 0x8c, 0x89, 0xf8, 0xff,
  0x60, 0x5d, 0xe6, 0xff, 0x30, 0x2e, 0xd3, 0xff, 0x10, 0x0e, 0xcd, 0xff, 0x0c, 0x0a, 0xd5, 0xff,
  0x16, 0x15, 0xe2, 0xf9, 0x25, 0x24, 0xff, 0xff, 0x26, 0x24, 0xf0, 0x7e, 0x00, 0x00, 0x00, 0x00,
  0x00, 0x00, 0x00, 0x00, 0x1e, 0x20, 0xea, 0x7e, 0x20, 0x21, 0xff, 0xff, 0x18, 0x19, 0xe4, 0xf9,
  0x16, 0x16, 0xdd, 0xff, 0x19, 0x19, 0xd6, 0xff, 0x27, 0x27, 0xd4, 0xff, 0x3d, 0x3d, 0xd6, 0xff,
  0x53, 0x51, 0xdb, 0xff, 0x62, 0x60, 0xdb, 0xff, 0x64, 0x60, 0xde, 0xff, 0x54, 0x4f, 0xe2, 0xff,
  0x37, 0x31, 0xdb, 0xff, 0x1b, 0x12, 0xd4, 0xff, 0x0c, 0x02, 0xd5, 0xff, 0x10, 0x08, 0xe1, 0xff,
  0x1e, 0x17, 0xee, 0xff, 0x27, 0x20, 0xf4, 0xff, 0x26, 0x1f, 0xf1, 0xff, 0x22, 0x1b, 0xeb, 0xff,
  0x21, 0x1a, 0xe7, 0xff, 0x23, 0x1b, 0xe7, 0xff, 0x24, 0x1d, 0xe8, 0xff, 0x24, 0x1e, 0xe8, 0xff,
  0x24, 0x1e, 0xe8, 0xff, 0x23, 0x1d, 0xe8, 0xff, 0x21, 0x1b, 0xe7, 0xff, 0x1f, 0x1a, 0xe7, 0xff,
  0x21, 0x1b, 0xeb, 0xff, 0x26, 0x1f, 0xf1, 0xff, 0x28, 0x20, 0xf4, 0xff, 0x20, 0x17, 0xee, 0xff,
  0x10, 0x08, 0xe1, 0xff, 0x0a, 0x03, 0xd5, 0xff, 0x19, 0x12, 0xd4, 0xff, 0x38, 0x31, 0xdb, 0xff,
  0x55, 0x4f, 0xe2, 0xff, 0x64, 0x60, 0xde, 0xff, 0x63, 0x5f, 0xdb, 0xff, 0x54, 0x52, 0xdb, 0xff,
  0x3d, 0x3d, 0xd6, 0xff, 0x27, 0x27, 0xd4, 0xff, 0x19, 0x19, 0xd5, 0xff, 0x16, 0x17, 0xdc, 0xff,
  0x18, 0x1a, 0xe2, 0xf9, 0x20, 0x23, 0xfe, 0xff, 0x1e, 0x22, 0xea, 0x7e, 0x00, 0x00, 0x00, 0x00,
  0x00, 0x00, 0x00, 0x00, 0x1a, 0x1d, 0xe6, 0x7b, 0x1d, 0x20, 0xfc, 0xf9, 0x1c, 0x1e, 0xe5, 0xf3,
  0x1d, 0x1f, 0xe2, 0xf9, 0x20, 0x21, 0xdd, 0xf9, 0x21, 0x22, 0xd3, 0xf9, 0x23, 0x23, 0xc9, 0xf9,
  0x26, 0x25, 0xc2, 0xf9, 0x2c, 0x29, 0xc0, 0xf9, 0x2f, 0x2d, 0xc4, 0xf9, 0x2d, 0x28, 0xce, 0xf9,
  0x23, 0x1f, 0xd3, 0xf9, 0x1b, 0x14, 0xdb, 0xf9, 0x16, 0x0e, 0xe2, 0xf9, 0x18, 0x10, 0xea, 0xf9,
  0x1e, 0x16, 0xf1, 0xf9, 0x23, 0x1c, 0xf4, 0xf9, 0x24, 0x1d, 0xf3, 0xf9, 0x24, 0x1d, 0xf0, 0xf9,
  0x23, 0x1e, 0xeb, 0xf9, 0x22, 0x1c, 0xe8, 0xf9, 0x21, 0x1b, 0xe7, 0xf9, 0x21, 0x1b, 0xe5, 0xf9,
  0x21, 0x1b, 0xe5, 0xf9, 0x21, 0x1b, 0xe7, 0xf9, 0x22, 0x1c, 0xe8, 0xf9, 0x23, 0x1e, 0xeb, 0xf9,
  0x24, 0x1d, 0xf0, 0xf9, 0x24, 0x1d, 0xf3, 0xf9, 0x24, 0x1c, 0xf4, 0xf9, 0x1e, 0x16, 0xf1, 0xf9,
  0x18, 0x10, 0xea, 0xf9, 0x15, 0x0f, 0xe2, 0xf9, 0x1a, 0x13, 0xdb, 0xf9, 0x24, 0x1e, 0xd3, 0xf9,
  0x2e, 0x27, 0xce, 0xf9, 0x30, 0x2c, 0xc4, 0xf9, 0x2c, 0x28, 0xc0, 0xf9, 0x26, 0x25, 0xc2, 0xf9,
  0x23, 0x23, 0xc9, 0xf9, 0x21, 0x22, 0xd3, 0xf9, 0x20, 0x21, 0xdd, 0xf9, 0x1d, 0x20, 0xe2, 0xf9,
  0x1c, 0x1f, 0xe4, 0xf3, 0x1d, 0x20, 0xfb, 0xf9, 0x1a, 0x1f, 0xe6, 0x7b, 0x00, 0x00, 0x00, 0x00,
  0x00, 0x00, 0x00, 0x00, 0x19, 0x1b, 0xe3, 0x8a, 0x1f, 0x24, 0xff, 0xff, 0x20, 0x24, 0xf7, 0xff,
  0x27, 0x2b, 0xfe, 0xff, 0x29, 0x2c, 0xf7, 0xff, 0x20, 0x24, 0xe7, 0xff, 0x14, 0x14, 0xd2, 0xff,
  0x0b, 0x0a, 0xc1, 0xff, 0x09, 0x08, 0xbe, 0xff, 0x0d, 0x0c, 0xc3, 0xff, 0x15, 0x12, 0xd2, 0xff,
  0x1e, 0x19, 0xe4, 0xff, 0x24, 0x1d, 0xf6, 0xff, 0x27, 0x1d, 0xff, 0xff, 0x26, 0x1b, 0xff, 0xff,
  0x23, 0x19, 0xff, 0xff, 0x23, 0x1b, 0xff, 0xff, 0x27, 0x20, 0xff, 0xff, 0x2a, 0x23, 0xff, 0xff,
  0x2a, 0x25, 0xff, 0xff, 0x27, 0x21, 0xff, 0xff, 0x24, 0x1d, 0xfd, 0xff, 0x23, 0x1b, 0xf8, 0xff,
  0x23, 0x1b, 0xf8, 0xff, 0x24, 0x1d, 0xfd, 0xff, 0x27, 0x21, 0xff, 0xff, 0x2a, 0x25, 0xff, 0xff,
  0x2b, 0x23, 0xff, 0xff, 0x27, 0x20, 0xff, 0xff, 0x24, 0x1b, 0xff, 0xff, 0x22, 0x1a, 0xff, 0xff,
  0x23, 0x1c, 0xff, 0xff, 0x25, 0x1e, 0xff, 0xff, 0x22, 0x1c, 0xf6, 0xff, 0x1e, 0x18, 0xe4, 0xff,
  0x17, 0x10, 0xd2, 0xff, 0x0e, 0x0b, 0xc3, 0xff, 0x0a, 0x08, 0xbe, 0xff, 0x0a, 0x09, 0xc1, 0xff,
  0x13, 0x14, 0xd2, 0xff, 0x20, 0x24, 0xe7, 0xff, 0x29, 0x2c, 0xf8, 0xff, 0x27, 0x2b, 0xfe, 0xff,
  0x20, 0x23, 0xf7, 0xff, 0x1f, 0x23, 0xff, 0xff, 0x19, 0x1b, 0xe3, 0x8a, 0x00, 0x00, 0x00, 0x00,
  0x00, 0x00, 0x00, 0x00, 0x18, 0x1c, 0xe2, 0x3e, 0x1c, 0x20, 0xf8, 0x7e, 0x1f, 0x23, 0xe8, 0x7b,
  0x26, 0x28, 0xe8, 0x7e, 0x26, 0x2a, 0xe4, 0x7e, 0x1c, 0x1e, 0xd2, 0x7e, 0x0a, 0x0a, 0xbc, 0x7e,
  0x00, 0x00, 0xaa, 0x7e, 0x00, 0x00, 0xa5, 0x7e, 0x00, 0x00, 0xaa, 0x7e, 0x08, 0x06, 0xbc, 0x7e,
  0x16, 0x12, 0xce, 0x7e, 0x24, 0x1a, 0xe2, 0x7e, 0x28, 0x1e, 0xf0, 0x7e, 0x26, 0x1c, 0xf4, 0x7e,
  0x20, 0x16, 0xf4, 0x7e, 0x1e, 0x18, 0xf2, 0x7e, 0x22, 0x1c, 0xf4, 0x7e, 0x26, 0x20, 0xf4, 0x7e,
  0x26, 0x22, 0xf0, 0x7e, 0x24, 0x1e, 0xea, 0x7e, 0x20, 0x1a, 0xe6, 0x7e, 0x1e, 0x18, 0xe2, 0x7e,
  0x1e, 0x18, 0xe2, 0x7e, 0x20, 0x1a, 0xe6, 0x7e, 0x24, 0x1e, 0xea, 0x7e, 0x26, 0x22, 0xf0, 0x7e,
  0x28, 0x20, 0xf4, 0x7e, 0x24, 0x1c, 0xf4, 0x7e, 0x20, 0x18, 0xf2, 0x7e, 0x1e, 0x18, 0xf4, 0x7e,
  0x22, 0x1c, 0xf4, 0x7e, 0x26, 0x20, 0xf0, 0x7e, 0x22, 0x1c, 0xe2, 0x7e, 0x18, 0x12, 0xce, 0x7e,
  0x0c, 0x04, 0xbc, 0x7e, 0x00, 0x00, 0xaa, 0x7e, 0x00, 0x00, 0xa5, 0x7e, 0x00, 0x00, 0xaa, 0x7e,
  0x0a, 0x0a, 0xbc, 0x7e, 0x1c, 0x1e, 0xd2, 0x7e, 0x26, 0x2a, 0xe4, 0x7e, 0x26, 0x28, 0xea, 0x7e,
  0x1f, 0x21, 0xe8, 0x7b, 0x1c, 0x20, 0xf8, 0x7e, 0x18, 0x1c, 0xe2, 0x3e, 0x00, 0x00, 0x00, 0x00,
  0x00, 0x00, 0x00, 0x00, 0x00, 0x00, 0x00, 0x00, 0x00, 0x00, 0x00, 0x00, 0x00, 0x00, 0x00, 0x00,
  0x00, 0x00, 0x00, 0x00, 0x00, 0x00, 0x00, 0x00, 0x00, 0x00, 0x00, 0x00, 0x00, 0x00, 0x00, 0x00,
  0x00, 0x00, 0x00, 0x00, 0x00, 0x00, 0x00, 0x00, 0x00, 0x00, 0x00, 0x00, 0x00, 0x00, 0x00, 0x00,
  0x00, 0x00, 0x00, 0x00, 0x00, 0x00, 0x00, 0x00, 0x00, 0x00, 0x00, 0x00, 0x00, 0x00, 0x00, 0x00,
  0x00, 0x00, 0x00, 0x00, 0x00, 0x00, 0x00, 0x00, 0x00, 0x00, 0x00, 0x00, 0x00, 0x00, 0x00, 0x00,
  0x00, 0x00, 0x00, 0x00, 0x00, 0x00, 0x00, 0x00, 0x00, 0x00, 0x00, 0x00, 0x00, 0x00, 0x00, 0x00,
  0x00, 0x00, 0x00, 0x00, 0x00, 0x00, 0x00, 0x00, 0x00, 0x00, 0x00, 0x00, 0x00, 0x00, 0x00, 0x00,
  0x00, 0x00, 0x00, 0x00, 0x00, 0x00, 0x00, 0x00, 0x00, 0x00, 0x00, 0x00, 0x00, 0x00, 0x00, 0x00,
  0x00, 0x00, 0x00, 0x00, 0x00, 0x00, 0x00, 0x00, 0x00, 0x00, 0x00, 0x00, 0x00, 0x00, 0x00, 0x00,
  0x00, 0x00, 0x00, 0x00, 0x00, 0x00, 0x00, 0x00, 0x00, 0x00, 0x00, 0x00, 0x00, 0x00, 0x00, 0x00,
  0x00, 0x00, 0x00, 0x00, 0x00, 0x00, 0x00, 0x00, 0x00, 0x00, 0x00, 0x00, 0x00, 0x00, 0x00, 0x00,
  0x00, 0x00, 0x00, 0x00, 0x00, 0x00, 0x00, 0x00, 0x00, 0x00, 0x00, 0x00, 0x00, 0x00, 0x00, 0x00,
  
};

const lv_image_dsc_t logo_GOOGL = {
  .header = { .magic = LV_IMAGE_HEADER_MAGIC, .cf = LV_COLOR_FORMAT_ARGB8888, .flags = 0, .w = 48, .h = 48, .stride = 192, .reserved_2 = 0 },
  .data_size = sizeof(logo_GOOGL_data),
  .data = logo_GOOGL_data,
  .reserved = nullptr,
};

static const LV_ATTRIBUTE_LARGE_CONST uint8_t logo_HPE_data[] = {
  0x00, 0x00, 0x00, 0x00, 0x00, 0x00, 0x00, 0x00, 0x00, 0x00, 0x00, 0x00, 0x00, 0x00, 0x00, 0x00,
  0x00, 0x00, 0x00, 0x00, 0x00, 0x00, 0x00, 0x00, 0x00, 0x00, 0x00, 0x00, 0x00, 0x00, 0x00, 0x00,
  0x00, 0x00, 0x00, 0x00, 0x00, 0x00, 0x00, 0x00, 0x00, 0x00, 0x00, 0x00, 0x00, 0x00, 0x00, 0x00,
  0x00, 0x00, 0x00, 0x00, 0x00, 0x00, 0x00, 0x00, 0x00, 0x00, 0x00, 0x00, 0x00, 0x00, 0x00, 0x00,
  0x00, 0x00, 0x00, 0x00, 0x00, 0x00, 0x00, 0x00, 0x00, 0x00, 0x00, 0x00, 0x00, 0x00, 0x00, 0x00,
  0x00, 0x00, 0x00, 0x00, 0x00, 0x00, 0x00, 0x00, 0x00, 0x00, 0x00, 0x00, 0x00, 0x00, 0x00, 0x00,
  0x00, 0x00, 0x00, 0x00, 0x00, 0x00, 0x00, 0x00, 0x00, 0x00, 0x00, 0x00, 0x00, 0x00, 0x00, 0x00,
  0x00, 0x00, 0x00, 0x00, 0x00, 0x00, 0x00, 0x00, 0x00, 0x00, 0x00, 0x00, 0x00, 0x00, 0x00, 0x00,
  0x00, 0x00, 0x00, 0x00, 0x00, 0x00, 0x00, 0x00, 0x00, 0x00, 0x00, 0x00, 0x00, 0x00, 0x00, 0x00,
  0x00, 0x00, 0x00, 0x00, 0x00, 0x00, 0x00, 0x00, 0x00, 0x00, 0x00, 0x00, 0x00, 0x00, 0x00, 0x00,
  0x00, 0x00, 0x00, 0x00, 0x00, 0x00, 0x00, 0x00, 0x00, 0x00, 0x00, 0x00, 0x00, 0x00, 0x00, 0x00,
  0x00, 0x00, 0x00, 0x00, 0x00, 0x00, 0x00, 0x00, 0x00, 0x00, 0x00, 0x00, 0x00, 0x00, 0x00, 0x00,
  0x00, 0x00, 0x00, 0x00, 0xff, 0xff, 0xff, 0x3e, 0xff, 0xff, 0xff, 0x7e, 0xff, 0xff, 0xff, 0x7b,
  0xff, 0xff, 0xff, 0x7e, 0xff, 0xff, 0xff, 0x7e, 0xff, 0xff, 0xff, 0x7e, 0xff, 0xff, 0xff, 0x7e,
  0xff, 0xff, 0xff, 0x7e, 0xff, 0xff, 0xff, 0x7e, 0xff, 0xff, 0xff, 0x7e, 0xff, 0xff, 0xff, 0x7e,
  0xff, 0xff, 0xff, 0x7e, 0xff, 0xff, 0xff, 0x7e, 0xff, 0xff, 0xff, 0x7e, 0xff, 0xff, 0xff, 0x7e,
  0xff, 0xff, 0xff, 0x7e, 0xff, 0xff, 0xff, 0x7e, 0xff, 0xff, 0xff, 0x7e, 0xff, 0xff, 0xff, 0x7e,
  0xff, 0xff, 0xff, 0x7e, 0xff, 0xff, 0xff, 0x7e, 0xff, 0xff, 0xff, 0x7e, 0xff, 0xff, 0xff, 0x7e,
  0xff, 0xff, 0xff, 0x7e, 0xff, 0xff, 0xff, 0x7e, 0xff, 0xff, 0xff, 0x7e, 0xff, 0xff, 0xff, 0x7e,
  0xff, 0xff, 0xff, 0x7e, 0xff, 0xff, 0xff, 0x7e, 0xff, 0xff, 0xff, 0x7e, 0xff, 0xff, 0xff, 0x7e,
  0xff, 0xff, 0xff, 0x7e, 0xff, 0xff, 0xff, 0x7e, 0xff, 0xff, 0xff, 0x7e, 0xff, 0xff, 0xff, 0x7e,
  0xff, 0xff, 0xff, 0x7e, 0xff, 0xff, 0xff, 0x7e, 0xff, 0xff, 0xff, 0x7e, 0xff, 0xff, 0xff, 0x7e,
  0xff, 0xff, 0xff, 0x7e, 0xff, 0xff, 0xff, 0x7e, 0xff, 0xff, 0xff, 0x7e, 0xff, 0xff, 0xff, 0x7e,
  0xff, 0xff, 0xff, 0x7b, 0xff, 0xff, 0xff, 0x7e, 0xff, 0xff, 0xff, 0x3e, 0x00, 0x00, 0x00, 0x00,
  0x00, 0x00, 0x00, 0x00, 0xff, 0xff, 0xff, 0x8a, 0xff, 0xff, 0xff, 0xff, 0xff, 0xff, 0xff, 0xff,
  0xff, 0xff, 0xff, 0xff, 0xff, 0xff, 0xff, 0xff, 0xff, 0xff, 0xff, 0xff, 0xff, 0xff, 0xff, 0xff,
  0xff, 0xff, 0xff, 0xff, 0xff, 0xff, 0xff, 0xff, 0xff, 0xff, 0xff, 0xff, 0xff, 0xff, 0xff, 0xff,
  0xff, 0xff, 0xff, 0xff, 0xff, 0xff, 0xff, 0xff, 0xff, 0xff, 0xff, 0xff, 0xff, 0xff, 0xff, 0xff,
  0xff, 0xff, 0xff, 0xff, 0xff, 0xff, 0xff, 0xff, 0xff, 0xff, 0xff, 0xff, 0xff, 0xff, 0xff, 0xff,
  0xff, 0xff, 0xff, 0xff, 0xff, 0xff, 0xff, 0xff, 0xff, 0xff, 0xff, 0xff, 0xff, 0xff, 0xff, 0xff,
  0xff, 0xff, 0xff, 0xff, 0xff, 0xff, 0xff, 0xff, 0xff, 0xff, 0xff, 0xff, 0xff, 0xff, 0xff, 0xff,
  0xff, 0xff, 0xff, 0xff, 0xff, 0xff, 0xff, 0xff, 0xff, 0xff, 0xff, 0xff, 0xff, 0xff, 0xff, 0xff,
  0xff, 0xff, 0xff, 0xff, 0xff, 0xff, 0xff, 0xff, 0xff, 0xff, 0xff, 0xff, 0xff, 0xff, 0xff, 0xff,
  0xff, 0xff, 0xff, 0xff, 0xff, 0xff, 0xff, 0xff, 0xff, 0xff, 0xff, 0xff, 0xff, 0xff, 0xff, 0xff,
  0xff, 0xff, 0xff, 0xff, 0xff, 0xff, 0xff, 0xff, 0xff, 0xff, 0xff, 0xff, 0xff, 0xff, 0xff, 0xff,
  0xff, 0xff, 0xff, 0xff, 0xff, 0xff, 0xff, 0xff, 0xff, 0xff, 0xff, 0x8a, 0x00, 0x00, 0x00, 0x00,
  0x00, 0x00, 0x00, 0x00, 0xff, 0xff, 0xff, 0x7b, 0xff, 0xff, 0xff, 0xf9, 0xff, 0xff, 0xff, 0xf3,
  0xff, 0xff, 0xff, 0xf9, 0xff, 0xff, 0xff, 0xf9, 0xff, 0xff, 0xff, 0xf9, 0xff, 0xff, 0xff, 0xf9,
  0xff, 0xff, 0xff, 0xf9, 0xff, 0xff, 0xff, 0xf9, 0xff, 0xff, 0xff, 0xf9, 0xff, 0xff, 0xff, 0xf9,
  0xff, 0xff, 0xff, 0xf9, 0xff, 0xff, 0xff, 0xf9, 0xff, 0xff, 0xff, 0xf9, 0xff, 0xff, 0xff, 0xf9,
  0xff, 0xff, 0xff, 0xf9, 0xff, 0xff, 0xff, 0xf9, 0xff, 0xff, 0xff, 0xf9, 0xff, 0xff, 0xff, 0xf9,
  0xff, 0xff, 0xff, 0xf9, 0xff, 0xff, 0xff, 0xf9, 0xff, 0xff, 0xff, 0xf9, 0xff, 0xff, 0xff, 0xf9,
  0xff, 0xff, 0xff, 0xf9, 0xff, 0xff, 0xff, 0xf9, 0xff, 0xff, 0xff, 0xf9, 0xff, 0xff, 0xff, 0xf9,
  0xff, 0xff, 0xff, 0xf9, 0xff, 0xff, 0xff, 0xf9, 0xff, 0xff, 0xff, 0xf9, 0xff, 0xff, 0xff, 0xf9,
  0xff, 0xff, 0xff, 0xf9, 0xff, 0xff, 0xff, 0xf9, 0xff, 0xff, 0xff, 0xf9, 0xff, 0xff, 0xff, 0xf9,
  0xff, 0xff, 0xff, 0xf9, 0xff, 0xff, 0xff, 0xf9, 0xff, 0xff, 0xff, 0xf9, 0xff, 0xff, 0xff, 0xf9,
  0xff, 0xff, 0xff, 0xf9, 0xff, 0xff, 0xff, 0xf9, 0xff, 0xff, 0xff, 0xf9, 0xff, 0xff, 0xff, 0xf9,
  0xff, 0xff, 0xff, 0xf3, 0xff, 0xff, 0xff, 0xf9, 0xff, 0xff, 0xff, 0x7b, 0x00, 0x00, 0x00, 0x00,
  0x00, 0x00, 0x00, 0x00, 0xff, 0xff, 0xff, 0x7e, 0xff, 0xff, 0xff, 0xff, 0xff, 0xff, 0xff, 0xf9,
  0xff, 0xff, 0xff, 0xff, 0xff, 0xff, 0xff, 0xff, 0xff, 0xff, 0xff, 0xff, 0xff, 0xff, 0xff, 0xff,
  0xff, 0xff, 0xff, 0xff, 0xff, 0xff, 0xff, 0xff, 0xff, 0xff, 0xff, 0xff, 0xff, 0xff, 0xff, 0xff,
  0xff, 0xff, 0xff, 0xff, 0xff, 0xff, 0xff, 0xff, 0xff, 0xff, 0xff, 0xff, 0xff, 0xff, 0xff, 0xff,
  0xff, 0xff, 0xff, 0xff, 0xff, 0xff, 0xff, 0xff, 0xff, 0xff, 0xff, 0xff, 0xff, 0xff, 0xff, 0xff,
  0xff, 0xff, 0xff, 0xff, 0xff, 0xff, 0xff, 0xff, 0xff, 0xff, 0xff, 0xff, 0xff, 0xff, 0xff, 0xff,
  0xff, 0xff, 0xff, 0xff, 0xff, 0xff, 0xff, 0xff, 0xff, 0xff, 0xff, 0xff, 0xff, 0xff, 0xff, 0xff,
  0xff, 0xff, 0xff, 0xff, 0xff, 0xff, 0xff, 0xff, 0xff, 0xff, 0xff, 0xff, 0xff, 0xff, 0xff, 0xff,
  0xff, 0xff, 0xff, 0xff, 0xff, 0xff, 0xff, 0xff, 0xff, 0xff, 0xff, 0xff, 0xff, 0xff, 0xff, 0xff,
  0xff, 0xff, 0xff, 0xff, 0xff, 0xff, 0xff, 0xff, 0xff, 0xff, 0xff, 0xff, 0xff, 0xff, 0xff, 0xff,
  0xff, 0xff, 0xff, 0xff, 0xff, 0xff, 0xff, 0xff, 0xff, 0xff, 0xff, 0xff, 0xff, 0xff, 0xff, 0xff,
  0xff, 0xff, 0xff, 0xf9, 0xff, 0xff, 0xff, 0xff, 0xff, 0xff, 0xff, 0x7e, 0x00, 0x00, 0x00, 0x00,
  0x00, 0x00, 0x00, 0x00, 0xff, 0xff, 0xff, 0x7e, 0xff, 0xff, 0xff, 0xff, 0xff, 0xff, 0xff, 0xf9,
  0xff, 0xff, 0xff, 0xff, 0xff, 0xff, 0xff, 0xff, 0xff, 0xff, 0xff, 0xff, 0xff, 0xff, 0xff, 0xff,
  0xff, 0xff, 0xff, 0xff, 0xff, 0xff, 0xff, 0xff, 0xff, 0xff, 0xff, 0xff, 0xff, 0xff, 0xff, 0xff,
  0xff, 0xff, 0xff, 0xff, 0xff, 0xff, 0xff, 0xff, 0xff, 0xff, 0xff, 0xff, 0xff, 0xff, 0xff, 0xff,
  0xff, 0xff, 0xff, 0xff, 0xff, 0xff, 0xff, 0xff, 0xff, 0xff, 0xff, 0xff, 0xff, 0xff, 0xff, 0xff,
  0xff, 0xff, 0xff, 0xff, 0xff, 0xff, 0xff, 0xff, 0xff, 0xff, 0xff, 0xff, 0xff, 0xff, 0xff, 0xff,
  0xff, 0xff, 0xff, 0xff, 0xff, 0xff, 0xff, 0xff, 0xff, 0xff, 0xff, 0xff, 0xff, 0xff, 0xff, 0xff,
  0xff, 0xff, 0xff, 0xff, 0xff, 0xff, 0xff, 0xff, 0xff, 0xff, 0xff, 0xff, 0xff, 0xff, 0xff, 0xff,
  0xff, 0xff, 0xff, 0xff, 0xff, 0xff, 0xff, 0xff, 0xff, 0xff, 0xff, 0xff, 0xff, 0xff, 0xff, 0xff,
  0xff, 0xff, 0xff, 0xff, 0xff, 0xff, 0xff, 0xff, 0xff, 0xff, 0xff, 0xff, 0xff, 0xff, 0xff, 0xff,
  0xff, 0xff, 0xff, 0xff, 0xff, 0xff, 0xff, 0xff, 0xff, 0xff, 0xff, 0xff, 0xff, 0xff, 0xff, 0xff,
  0xff, 0xff, 0xff, 0xf9, 0xff, 0xff, 0xff, 0xff, 0xff, 0xff, 0xff, 0x7e, 0x00, 0x00, 0x00, 0x00,
  0x00, 0x00, 0x00, 0x00, 0xff, 0xff, 0xff, 0x7e, 0xff, 0xff, 0xff, 0xff, 0xff, 0xff, 0xff, 0xf9,
  0xff, 0xff, 0xff, 0xff, 0xff, 0xff, 0xff, 0xff, 0xff, 0xff, 0xff, 0xff, 0xff, 0xff, 0xff, 0xff,
  0xff, 0xff, 0xff, 0xff, 0xff, 0xff, 0xff, 0xff, 0xff, 0xff, 0xff, 0xff, 0xff, 0xff, 0xff, 0xff,
  0xff, 0xff, 0xff, 0xff, 0xff, 0xff, 0xff, 0xff, 0xff, 0xff, 0xff, 0xff, 0xff, 0xff, 0xff, 0xff,
  0xff, 0xff, 0xff, 0xff, 0xff, 0xff, 0xff, 0xff, 0xff, 0xff, 0xff, 0xff, 0xff, 0xff, 0xff, 0xff,
  0xff, 0xff, 0xff, 0xff, 0xff, 0xff, 0xff, 0xff, 0xff, 0xff, 0xff, 0xff, 0xff, 0xff, 0xff, 0xff,
  0xff, 0xff, 0xff, 0xff, 0xff, 0xff, 0xff, 0xff, 0xff, 0xff, 0xff, 0xff, 0xff, 0xff, 0xff, 0xff,
  0xff, 0xff, 0xff, 0xff, 0xff, 0xff, 0xff, 0xff, 0xff, 0xff, 0xff, 0xff, 0xff, 0xff, 0xff, 0xff,
  0xff, 0xff, 0xff, 0xff, 0xff, 0xff, 0xff, 0xff, 0xff, 0xff, 0xff, 0xff, 0xff, 0xff, 0xff, 0xff,
  0xff, 0xff, 0xff, 0xff, 0xff, 0xff, 0xff, 0xff, 0xff, 0xff, 0xff, 0xff, 0xff, 0xff, 0xff, 0xff,
  0xff, 0xff, 0xff, 0xff, 0xff, 0xff, 0xff, 0xff, 0xff, 0xff, 0xff, 0xff, 0xff, 0xff, 0xff, 0xff,
  0xff, 0xff, 0xff, 0xf9, 0xff, 0xff, 0xff, 0xff, 0xff, 0xff, 0xff, 0x7e, 0x00, 0x00, 0x00, 0x00,
  0x00, 0x00, 0x00, 0x00, 0xff, 0xff, 0xff, 0x7e, 0xff, 0xff, 0xff, 0xff, 0xff, 0xff, 0xff, 0xf9,
  0xff, 0xff, 0xff, 0xff, 0xff, 0xff, 0xff, 0xff, 0xff, 0xff, 0xff, 0xff, 0xff, 0xff, 0xff, 0xff,
  0xff, 0xff, 0xff, 0xff, 0xff, 0xff, 0xff, 0xff, 0xff, 0xff, 0xff, 0xff, 0xff, 0xff, 0xff, 0xff,
  0xff, 0xff, 0xff, 0xff, 0xff, 0xff, 0xff, 0xff, 0xff, 0xff, 0xff, 0xff, 0xff, 0xff, 0xff, 0xff,
  0xff, 0xff, 0xff, 0xff, 0xff, 0xff, 0xff, 0xff, 0xff, 0xff, 0xff, 0xff, 0xff, 0xff, 0xff, 0xff,
  0xff, 0xff, 0xff, 0xff, 0xff, 0xff, 0xff, 0xff, 0xff, 0xff, 0xff, 0xff, 0xff, 0xff, 0xff, 0xff,
  0xff, 0xff, 0xff, 0xff, 0xff, 0xff, 0xff, 0xff, 0xff, 0xff, 0xff, 0xff, 0xff, 0xff, 0xff, 0xff,
  0xff, 0xff, 0xff, 0xff, 0xff, 0xff, 0xff, 0xff, 0xff, 0xff, 0xff, 0xff, 0xff, 0xff, 0xff, 0xff,
  0xff, 0xff, 0xff, 0xff, 0xff, 0xff, 0xff, 0xff, 0xff, 0xff, 0xff, 0xff, 0xff, 0xff, 0xff, 0xff,
  0xff, 0xff, 0xff, 0xff, 0xff, 0xff, 0xff, 0xff, 0xff, 0xff, 0xff, 0xff, 0xff, 0xff, 0xff, 0xff,
  0xff, 0xff, 0xff, 0xff, 0xff, 0xff, 0xff, 0xff, 0xff, 0xff, 0xff, 0xff, 0xff, 0xff, 0xff, 0xff,
  0xff, 0xff, 0xff, 0xf9, 0xff, 0xff, 0xff, 0xff, 0xff, 0xff, 0xff, 0x7e, 0x00, 0x00, 0x00, 0x00,
  0x00, 0x00, 0x00, 0x00, 0xff, 0xff, 0xff, 0x7e, 0xff, 0xff, 0xff, 0xff, 0xff, 0xff, 0xff, 0xf9,
  0xff, 0xff, 0xff, 0xff, 0xff, 0xff, 0xff, 0xff, 0xff, 0xff, 0xff, 0xff, 0xff, 0xff, 0xff, 0xff,
  0xff, 0xff, 0xff, 0xff, 0xff, 0xff, 0xff, 0xff, 0xff, 0xff, 0xff, 0xff, 0xff, 0xff, 0xff, 0xff,
  0xff, 0xff, 0xff, 0xff, 0xff, 0xff, 0xff, 0xff, 0xff, 0xff, 0xff, 0xff, 0xff, 0xff, 0xff, 0xff,
  0xff, 0xff, 0xff, 0xff, 0xff, 0xff, 0xff, 0xff, 0xff, 0xff, 0xff, 0xff, 0xff, 0xff, 0xff, 0xff,
  0xff, 0xff, 0xff, 0xff, 0xff, 0xff, 0xff, 0xff, 0xff, 0xff, 0xff, 0xff, 0xff, 0xff, 0xff, 0xff,
  0xff, 0xff, 0xff, 0xff, 0xff, 0xff, 0xff, 0xff, 0xff, 0xff, 0xff, 0xff, 0xff, 0xff, 0xff, 0xff,
  0xff, 0xff, 0xff, 0xff, 0xff, 0xff, 0xff, 0xff, 0xff, 0xff, 0xff, 0xff, 0xff, 0xff, 0xff, 0xff,
  0xff, 0xff, 0xff, 0xff, 0xff, 0xff, 0xff, 0xff, 0xff, 0xff, 0xff, 0xff, 0xff, 0xff, 0xff, 0xff,
  0xff, 0xff, 0xff, 0xff, 0xff, 0xff, 0xff, 0xff, 0xff, 0xff, 0xff, 0xff, 0xff, 0xff, 0xff, 0xff,
  0xff, 0xff, 0xff, 0xff, 0xff, 0xff, 0xff, 0xff, 0xff, 0xff, 0xff, 0xff, 0xff, 0xff, 0xff, 0xff,
  0xff, 0xff, 0xff, 0xf9, 0xff, 0xff, 0xff, 0xff, 0xff, 0xff, 0xff, 0x7e, 0x00, 0x00, 0x00, 0x00,
  0x00, 0x00, 0x00, 0x00, 0xff, 0xff, 0xff, 0x7e, 0xff, 0xff, 0xff, 0xff, 0xff, 0xff, 0xff, 0xf9,
  0xff, 0xff, 0xff, 0xff, 0xff, 0xff, 0xff, 0xff, 0xff, 0xff, 0xff, 0xff, 0xff, 0xff, 0xff, 0xff,
  0xff, 0xff, 0xff, 0xff, 0xff, 0xff, 0xff, 0xff, 0xff, 0xff, 0xff, 0xff, 0xff, 0xff, 0xff, 0xff,
  0xff, 0xff, 0xff, 0xff, 0xff, 0xff, 0xff, 0xff, 0xff, 0xff, 0xff, 0xff, 0xff, 0xff, 0xff, 0xff,
  0xff, 0xff, 0xff, 0xff, 0xff, 0xff, 0xff, 0xff, 0xff, 0xff, 0xff, 0xff, 0xff, 0xff, 0xff, 0xff,
  0xff, 0xff, 0xff, 0xff, 0xff, 0xff, 0xff, 0xff, 0xff, 0xff, 0xff, 0xff, 0xff, 0xff, 0xff, 0xff,
  0xff, 0xff, 0xff, 0xff, 0xff, 0xff, 0xff, 0xff, 0xff, 0xff, 0xff, 0xff, 0xff, 0xff, 0xff, 0xff,
  0xff, 0xff, 0xff, 0xff, 0xff, 0xff, 0xff, 0xff, 0xff, 0xff, 0xff, 0xff, 0xff, 0xff, 0xff, 0xff,
  0xff, 0xff, 0xff, 0xff, 0xff, 0xff, 0xff, 0xff, 0xff, 0xff, 0xff, 0xff, 0xff, 0xff, 0xff, 0xff,
  0xff, 0xff, 0xff, 0xff, 0xff, 0xff, 0xff, 0xff, 0xff, 0xff, 0xff, 0xff, 0xff, 0xff, 0xff, 0xff,
  0xff, 0xff, 0xff, 0xff, 0xff, 0xff, 0xff, 0xff, 0xff, 0xff, 0xff, 0xff, 0xff, 0xff, 0xff, 0xff,
  0xff, 0xff, 0xff, 0xf9, 0xff, 0xff, 0xff, 0xff, 0xff, 0xff, 0xff, 0x7e, 0x00, 0x00, 0x00, 0x00,
  0x00, 0x00, 0x00, 0x00, 0xff, 0xff, 0xff, 0x7e, 0xff, 0xff, 0xff, 0xff, 0xff, 0xff, 0xff, 0xf9,
  0xff, 0xff, 0xff, 0xff, 0xff, 0xff, 0xff, 0xff, 0xff, 0xff, 0xff, 0xff, 0xff, 0xff, 0xff, 0xff,
  0xff, 0xff, 0xff, 0xff, 0xff, 0xff, 0xff, 0xff, 0xff, 0xff, 0xff, 0xff, 0xff, 0xff, 0xff, 0xff,
  0xff, 0xff, 0xff, 0xff, 0xff, 0xff, 0xff, 0xff, 0xff, 0xff, 0xff, 0xff, 0xff, 0xff, 0xff, 0xff,
  0xff, 0xff, 0xff, 0xff, 0xff, 0xff, 0xff, 0xff, 0xff, 0xff, 0xff, 0xff, 0xff, 0xff, 0xff, 0xff,
  0xff, 0xff, 0xff, 0xff, 0xff, 0xff, 0xff, 0xff, 0xff, 0xff, 0xff, 0xff, 0xff, 0xff, 0xff, 0xff,
  0xff, 0xff, 0xff, 0xff, 0xff, 0xff, 0xff, 0xff, 0xff, 0xff, 0xff, 0xff, 0xff, 0xff, 0xff, 0xff,
  0xff, 0xff, 0xff, 0xff, 0xff, 0xff, 0xff, 0xff, 0xff, 0xff, 0xff, 0xff, 0xff, 0xff, 0xff, 0xff,
  0xff, 0xff, 0xff, 0xff, 0xff, 0xff, 0xff, 0xff, 0xff, 0xff, 0xff, 0xff, 0xff, 0xff, 0xff, 0xff,
  0xff, 0xff, 0xff, 0xff, 0xff, 0xff, 0xff, 0xff, 0xff, 0xff, 0xff, 0xff, 0xff, 0xff, 0xff, 0xff,
  0xff, 0xff, 0xff, 0xff, 0xff, 0xff, 0xff, 0xff, 0xff, 0xff, 0xff, 0xff, 0xff, 0xff, 0xff, 0xff,
  0xff, 0xff, 0xff, 0xf9, 0xff, 0xff, 0xff, 0xff, 0xff, 0xff, 0xff, 0x7e, 0x00, 0x00, 0x00, 0x00,
  0x00, 0x00, 0x00, 0x00, 0xff, 0xff, 0xff, 0x7e, 0xff, 0xff, 0xff, 0xff, 0xff, 0xff, 0xff, 0xf9,
  0xff, 0xff, 0xff, 0xff, 0xff, 0xff, 0xff, 0xff, 0xff, 0xff, 0xff, 0xff, 0xff, 0xff, 0xff, 0xff,
  0xff, 0xff, 0xff, 0xff, 0xff, 0xff, 0xff, 0xff, 0xff, 0xff, 0xff, 0xff, 0xff, 0xff, 0xff, 0xff,
  0xff, 0xff, 0xff, 0xff, 0xff, 0xff, 0xff, 0xff, 0xff, 0xff, 0xff, 0xff, 0xff, 0xff, 0xff, 0xff,
  0xff, 0xff, 0xff, 0xff, 0xff, 0xff, 0xff, 0xff, 0xff, 0xff, 0xff, 0xff, 0xff, 0xff, 0xff, 0xff,
  0xff, 0xff, 0xff, 0xff, 0xff, 0xff, 0xff, 0xff, 0xff, 0xff, 0xff, 0xff, 0xff, 0xff, 0xff, 0xff,
  0xff, 0xff, 0xff, 0xff, 0xff, 0xff, 0xff, 0xff, 0xff, 0xff, 0xff, 0xff, 0xff, 0xff, 0xff, 0xff,
  0xff, 0xff, 0xff, 0xff, 0xff, 0xff, 0xff, 0xff, 0xff, 0xff, 0xff, 0xff, 0xff, 0xff, 0xff, 0xff,
  0xff, 0xff, 0xff, 0xff, 0xff, 0xff, 0xff, 0xff, 0xff, 0xff, 0xff, 0xff, 0xff, 0xff, 0xff, 0xff,
  0xff, 0xff, 0xff, 0xff, 0xff, 0xff, 0xff, 0xff, 0xff, 0xff, 0xff, 0xff, 0xff, 0xff, 0xff, 0xff,
  0xff, 0xff, 0xff, 0xff, 0xff, 0xff, 0xff, 0xff, 0xff, 0xff, 0xff, 0xff, 0xff, 0xff, 0xff, 0xff,
  0xff, 0xff, 0xff, 0xf9, 0xff, 0xff, 0xff, 0xff, 0xff, 0xff, 0xff, 0x7e, 0x00, 0x00, 0x00, 0x00,
  0x00, 0x00, 0x00, 0x00, 0xff, 0xff, 0xff, 0x7e, 0xff, 0xff, 0xff, 0xff, 0xff, 0xff, 0xff, 0xf9,
  0xff, 0xff, 0xff, 0xff, 0xff, 0xff, 0xff, 0xff, 0xff, 0xff, 0xff, 0xff, 0xff, 0xff, 0xff, 0xff,
  0xff, 0xff, 0xff, 0xff, 0xff, 0xff, 0xff, 0xff, 0xff, 0xff, 0xff, 0xff, 0xff, 0xff, 0xff, 0xff,
  0xff, 0xff, 0xff, 0xff, 0xff, 0xff, 0xff, 0xff, 0xff, 0xff, 0xff, 0xff, 0xff, 0xff, 0xff, 0xff,
  0xff, 0xff, 0xff, 0xff, 0xff, 0xff, 0xff, 0xff, 0xff, 0xff, 0xff, 0xff, 0xff, 0xff, 0xff, 0xff,
  0xff, 0xff, 0xff, 0xff, 0xff, 0xff, 0xff, 0xff, 0xff, 0xff, 0xff, 0xff, 0xff, 0xff, 0xff, 0xff,
  0xff, 0xff, 0xff, 0xff, 0xff, 0xff, 0xff, 0xff, 0xff, 0xff, 0xff, 0xff, 0xff, 0xff, 0xff, 0xff,
  0xff, 0xff, 0xff, 0xff, 0xff, 0xff, 0xff, 0xff, 0xff, 0xff, 0xff, 0xff, 0xff, 0xff, 0xff, 0xff,
  0xff, 0xff, 0xff, 0xff, 0xff, 0xff, 0xff, 0xff, 0xff, 0xff, 0xff, 0xff, 0xff, 0xff, 0xff, 0xff,
  0xff, 0xff, 0xff, 0xff, 0xff, 0xff, 0xff, 0xff, 0xff, 0xff, 0xff, 0xff, 0xff, 0xff, 0xff, 0xff,
  0xff, 0xff, 0xff, 0xff, 0xff, 0xff, 0xff, 0xff, 0xff, 0xff, 0xff, 0xff, 0xff, 0xff, 0xff, 0xff,
  0xff, 0xff, 0xff, 0xf9, 0xff, 0xff, 0xff, 0xff, 0xff, 0xff, 0xff, 0x7e, 0x00, 0x00, 0x00, 0x00,
  0x00, 0x00, 0x00, 0x00, 0xff, 0xff, 0xff, 0x7e, 0xff, 0xff, 0xff, 0xff, 0xff, 0xff, 0xff, 0xf9,
  0xff, 0xff, 0xff, 0xff, 0xff, 0xff, 0xff, 0xff, 0xff, 0xff, 0xff, 0xff, 0xff, 0xff, 0xff, 0xff,
  0xff, 0xff, 0xff, 0xff, 0xff, 0xff, 0xff, 0xff, 0xff, 0xff, 0xff, 0xff, 0xff, 0xff, 0xff, 0xff,
  0xff, 0xff, 0xff, 0xff, 0xfe, 0xfe, 0xfe, 0xff, 0xff, 0xff, 0xff, 0xff, 0xfe, 0xfe, 0xfe, 0xff,
  0xff, 0xff, 0xff, 0xff, 0xff, 0xff, 0xff, 0xff, 0xff, 0xff, 0xff, 0xff, 0xfe, 0xfe, 0xfe, 0xff,
  0xfe, 0xfe, 0xfe, 0xff, 0xfe, 0xfe, 0xfe, 0xff, 0xfe, 0xfe, 0xfe, 0xff, 0xfe, 0xfe, 0xfe, 0xff,
  0xfe, 0xfe, 0xfe, 0xff, 0xfe, 0xfe, 0xfe, 0xff, 0xff, 0xff, 0xff, 0xff, 0xff, 0xff, 0xff, 0xff,
  0xff, 0xff, 0xff, 0xff, 0xff, 0xff, 0xff, 0xff, 0xff, 0xff, 0xff, 0xff, 0xff, 0xff, 0xff, 0xff,
  0xff, 0xff, 0xff, 0xff, 0xff, 0xff, 0xff, 0xff, 0xfe, 0xfe, 0xfe, 0xff, 0xfe, 0xfe, 0xfe, 0xff,
  0xfe, 0xfe, 0xfe, 0xff, 0xfe, 0xfe, 0xfe, 0xff, 0xfe, 0xfe, 0xfe, 0xff, 0xfe, 0xfe, 0xfe, 0xff,
  0xfe, 0xfe, 0xfe, 0xff, 0xfe, 0xfe, 0xfe, 0xff, 0xfe, 0xfe, 0xfe, 0xff, 0xfe, 0xfe, 0xfe, 0xff,
  0xfd, 0xfd, 0xfd, 0xf9, 0xff, 0xff, 0xff, 0xff, 0xff, 0xff, 0xff, 0x7e, 0x00, 0x00, 0x00, 0x00,
  0x00, 0x00, 0x00, 0x00, 0xfa, 0xfa, 0xfa, 0x7e, 0xfe, 0xfe, 0xfe, 0xff, 0xfa, 0xfa, 0xfa, 0xf9,
  0xfe, 0xfe, 0xfe, 0xff, 0xff, 0xff, 0xff, 0xff, 0xff, 0xff, 0xff, 0xff, 0xff, 0xff, 0xff, 0xff,
  0xff, 0xff, 0xff, 0xff, 0xff, 0xff, 0xff, 0xff, 0xff, 0xff, 0xff, 0xff, 0xff, 0xff, 0xff, 0xff,
  0xfd, 0xfd, 0xfd, 0xff, 0xfa, 0xfa, 0xfa, 0xff, 0xfb, 0xfb, 0xfb, 0xff, 0xfe, 0xfe, 0xfe, 0xff,
  0xff, 0xff, 0xff, 0xff, 0xff, 0xff, 0xff, 0xff, 0xfc, 0xfc, 0xfc, 0xff, 0xfa, 0xfa, 0xfa, 0xff,
  0xfa, 0xfa, 0xfa, 0xff, 0xfa, 0xfa, 0xfa, 0xff, 0xfa, 0xfa, 0xfa, 0xff, 0xfa, 0xfa, 0xfa, 0xff,
  0xfa, 0xfa, 0xfa, 0xff, 0xfa, 0xfa, 0xfa, 0xff, 0xfb, 0xfb, 0xfb, 0xff, 0xfc, 0xfc, 0xfc, 0xff,
  0xfd, 0xfd, 0xfd, 0xff, 0xff, 0xff, 0xff, 0xff, 0xff, 0xff, 0xff, 0xff, 0xff, 0xff, 0xff, 0xff,
  0xff, 0xff, 0xff, 0xff, 0xfe, 0xfe, 0xfe, 0xff, 0xfa, 0xfa, 0xfa, 0xff, 0xfa, 0xfa, 0xfa, 0xff,
  0xfa, 0xfa, 0xfa, 0xff, 0xfa, 0xfa, 0xfa, 0xff, 0xfa, 0xfa, 0xfa, 0xff, 0xfa, 0xfa, 0xfa, 0xff,
  0xfa, 0xfa, 0xfa, 0xff, 0xfa, 0xfa, 0xfa, 0xff, 0xfa, 0xfa, 0xfa, 0xff, 0xfa, 0xfa, 0xfa, 0xff,
  0xf9, 0xf9, 0xf9, 0xf9, 0xfe, 0xfe, 0xfe, 0xff, 0xfa, 0xfa, 0xfa, 0x7e, 0x00, 0x00, 0x00, 0x00,
  0x00, 0x00, 0x00, 0x00, 0xff, 0xff, 0xff, 0x7e, 0xff, 0xff, 0xff, 0xff, 0xff, 0xff, 0xff, 0xf9,
  0xff, 0xff, 0xff, 0xff, 0xff, 0xff, 0xff, 0xff, 0xff, 0xff, 0xff, 0xff, 0xff, 0xff, 0xff, 0xff,
  0xff, 0xff, 0xff, 0xff, 0xff, 0xff, 0xff, 0xff, 0xff, 0xff, 0xff, 0xff, 0xff, 0xff, 0xff, 0xff,
  0xff, 0xff, 0xff, 0xff, 0xff, 0xff, 0xff, 0xff, 0xff, 0xff, 0xff, 0xff, 0xff, 0xff, 0xff, 0xff,
  0xff, 0xff, 0xff, 0xff, 0xff, 0xff, 0xff, 0xff, 0xff, 0xff, 0xff, 0xff, 0xff, 0xff, 0xff, 0xff,
  0xff, 0xff, 0xff, 0xff, 0xff, 0xff, 0xff, 0xff, 0xff, 0xff, 0xff, 0xff, 0xff, 0xff, 0xff, 0xff,
  0xff, 0xff, 0xff, 0xff, 0xff, 0xff, 0xff, 0xff, 0xff, 0xff, 0xff, 0xff, 0xff, 0xff, 0xff, 0xff,
  0xfe, 0xfe, 0xfe, 0xff, 0xfd, 0xfd, 0xfd, 0xff, 0xfe, 0xfe, 0xfe, 0xff, 0xff, 0xff, 0xff, 0xff,
  0xff, 0xff, 0xff, 0xff, 0xff, 0xff, 0xff, 0xff, 0xff, 0xff, 0xff, 0xff, 0xff, 0xff, 0xff, 0xff,
  0xff, 0xff, 0xff, 0xff, 0xff, 0xff, 0xff, 0xff, 0xff, 0xff, 0xff, 0xff, 0xff, 0xff, 0xff, 0xff,
  0xff, 0xff, 0xff, 0xff, 0xff, 0xff, 0xff, 0xff, 0xff, 0xff, 0xff, 0xff, 0xff, 0xff, 0xff, 0xff,
  0xff, 0xff, 0xff, 0xf9, 0xff, 0xff, 0xff, 0xff, 0xff, 0xff, 0xff, 0x7e, 0x00, 0x00, 0x00, 0x00,
  0x00, 0x00, 0x00, 0x00, 0xec, 0xec, 0xec, 0x7e, 0xf5, 0xf5, 0xf5, 0xff, 0xed, 0xed, 0xed, 0xf9,
  0xfa, 0xfa, 0xfa, 0xff, 0xff, 0xff, 0xff, 0xff, 0xff, 0xff, 0xff, 0xff, 0xff, 0xff, 0xff, 0xff,
  0xff, 0xff, 0xff, 0xff, 0xff, 0xff, 0xff, 0xff, 0xff, 0xff, 0xff, 0xff, 0xfe, 0xfe, 0xfe, 0xff,
  0xf5, 0xf5, 0xf5, 0xff, 0xeb, 0xeb, 0xeb, 0xff, 0xf0, 0xf0, 0xf0, 0xff, 0xf9, 0xf9, 0xf9, 0xff,
  0xff, 0xff, 0xff, 0xff, 0xfe, 0xfe, 0xfe, 0xff, 0xf3, 0xf3, 0xf3, 0xff, 0xe9, 0xe9, 0xe9, 0xff,
  0xec, 0xec, 0xec, 0xff, 0xef, 0xef, 0xef, 0xff, 0xef, 0xef, 0xef, 0xff, 0xef, 0xef, 0xef, 0xff,
  0xef, 0xef, 0xef, 0xff, 0xef, 0xef, 0xef, 0xff, 0xf1, 0xf1, 0xf1, 0xff, 0xf8, 0xf8, 0xf8, 0xff,
  0xff, 0xff, 0xff, 0xff, 0xfe, 0xfe, 0xfe, 0xff, 0xfe, 0xfe, 0xfe, 0xff, 0xff, 0xff, 0xff, 0xff,
  0xff, 0xff, 0xff, 0xff, 0xfb, 0xfb, 0xfb, 0xff, 0xec, 0xec, 0xec, 0xff, 0xe9, 0xe9, 0xe9, 0xff,
  0xee, 0xee, 0xee, 0xff, 0xef, 0xef, 0xef, 0xff, 0xef, 0xef, 0xef, 0xff, 0xef, 0xef, 0xef, 0xff,
  0xef, 0xef, 0xef, 0xff, 0xef, 0xef, 0xef, 0xff, 0xef, 0xef, 0xef, 0xff, 0xef, 0xef, 0xef, 0xff,
  0xee, 0xee, 0xee, 0xf9, 0xfa, 0xfa, 0xfa, 0xff, 0xee, 0xee, 0xee, 0x7e, 0x00, 0x00, 0x00, 0x00,
  0x00, 0x00, 0x00, 0x00, 0x7d, 0x7d, 0x7d, 0x7e, 0x87, 0x87, 0x87, 0xff, 0x8d, 0x8d, 0x8d, 0xf9,
  0xdd, 0xdd, 0xdd, 0xff, 0xff, 0xff, 0xff, 0xff, 0xfd, 0xfd, 0xfd, 0xff, 0xfd, 0xfd, 0xfd, 0xff,
  0xff, 0xff, 0xff, 0xff, 0xff, 0xff, 0xff, 0xff, 0xff, 0xff, 0xff, 0xff, 0xf9, 0xf9, 0xf9, 0xff,
  0xbd, 0xbd, 0xbd, 0xff, 0x79, 0x79, 0x79, 0xff, 0x95, 0x95, 0x95, 0xff, 0xdc, 0xdc, 0xdc, 0xff,
  0xff, 0xff, 0xff, 0xff, 0xf8, 0xf8, 0xf8, 0xff, 0xa8, 0xa8, 0xa8, 0xff, 0x6d, 0x6d, 0x6d, 0xff,
  0x7b, 0x7b, 0x7b, 0xff, 0x80, 0x80, 0x80, 0xff, 0x7f, 0x7f, 0x7f, 0xff, 0x7f, 0x7f, 0x7f, 0xff,
  0x7f, 0x7f, 0x7f, 0xff, 0x81, 0x81, 0x81, 0xff, 0x8b, 0x8b, 0x8b, 0xff, 0xa8, 0xa8, 0xa8, 0xff,
  0xd8, 0xd8, 0xd8, 0xff, 0xfa, 0xfa, 0xfa, 0xff, 0xff, 0xff, 0xff, 0xff, 0xfd, 0xfd, 0xfd, 0xff,
  0xff, 0xff, 0xff, 0xff, 0xe1, 0xe1, 0xe1, 0xff, 0x80, 0x80, 0x80, 0xff, 0x70, 0x70, 0x70, 0xff,
  0x81, 0x81, 0x81, 0xff, 0x7f, 0x7f, 0x7f, 0xff, 0x7f, 0x7f, 0x7f, 0xff, 0x7f, 0x7f, 0x7f, 0xff,
  0x7f, 0x7f, 0x7f, 0xff, 0x7f, 0x7f, 0x7f, 0xff, 0x7f, 0x7f, 0x7f, 0xff, 0x7f, 0x7f, 0x7f, 0xff,
  0x7e, 0x7e, 0x7e, 0xf9, 0x8d, 0x8d, 0x8d, 0xff, 0x7f, 0x7f, 0x7f, 0x7e, 0x00, 0x00, 0x00, 0x00,
  0x00, 0x00, 0x00, 0x00, 0x1c, 0x1c, 0x1c, 0x7e, 0x18, 0x18, 0x18, 0xff, 0x38, 0x38, 0x38, 0xf9,
  0xc5, 0xc5, 0xc5, 0xff, 0xff, 0xff, 0xff, 0xff, 0xfd, 0xfd, 0xfd, 0xff, 0xfe, 0xfe, 0xfe, 0xff,
  0xff, 0xff, 0xff, 0xff, 0xff, 0xff, 0xff, 0xff, 0xff, 0xff, 0xff, 0xff, 0xf5, 0xf5, 0xf5, 0xff,
  0x8b, 0x8b, 0x8b, 0xff, 0x17, 0x17, 0x17, 0xff, 0x46, 0x46, 0x46, 0xff, 0xc2, 0xc2, 0xc2, 0xff,
  0xff, 0xff, 0xff, 0xff, 0xf2, 0xf2, 0xf2, 0xff, 0x66, 0x66, 0x66, 0xff, 0x0d, 0x0d, 0x0d, 0xff,
  0x14, 0x14, 0x14, 0xff, 0x06, 0x06, 0x06, 0xff, 0x00, 0x00, 0x00, 0xff, 0x00, 0x00, 0x00, 0xff,
  0x00, 0x00, 0x00, 0xff, 0x00, 0x00, 0x00, 0xff, 0x09, 0x09, 0x09, 0xff, 0x21, 0x21, 0x21, 0xff,
  0x45, 0x45, 0x45, 0xff, 0x8b, 0x8b, 0x8b, 0xff, 0xe0, 0xe0, 0xe0, 0xff, 0xf9, 0xf9, 0xf9, 0xff,
  0xff, 0xff, 0xff, 0xff, 0xc9, 0xca, 0xc9, 0xff, 0x2e, 0x2e, 0x2e, 0xff, 0x16, 0x16, 0x15, 0xff,
  0x17, 0x17, 0x16, 0xff, 0x00, 0x00, 0x00, 0xff, 0x00, 0x00, 0x00, 0xff, 0x00, 0x00, 0x00, 0xff,
  0x00, 0x00, 0x00, 0xff, 0x00, 0x00, 0x00, 0xff, 0x00, 0x00, 0x00, 0xff, 0x00, 0x00, 0x00, 0xff,
  0x00, 0x00, 0x00, 0xf9, 0x00, 0x00, 0x00, 0xff, 0x00, 0x00, 0x00, 0x7e, 0x00, 0x00, 0x00, 0x00,
  0x00, 0x00, 0x00, 0x00, 0x00, 0x00, 0x00, 0x7e, 0x00, 0x00, 0x00, 0xff, 0x1b, 0x1b, 0x1b, 0xf9,
  0xb8, 0xb8, 0xb8, 0xff, 0xfe, 0xfe, 0xfe, 0xff, 0xf6, 0xf6, 0xf6, 0xff, 0xf7, 0xf7, 0xf7, 0xff,
  0xfa, 0xfa, 0xfa, 0xff, 0xfa, 0xfa, 0xfa, 0xff, 0xfb, 0xfb, 0xfb, 0xff, 0xef, 0xef, 0xef, 0xff,
  0x77, 0x77, 0x77, 0xff, 0x00, 0x00, 0x00, 0xff, 0x2f, 0x2f, 0x2f, 0xff, 0xb9, 0xb9, 0xb9, 0xff,
  0xff, 0xff, 0xff, 0xff, 0xf1, 0xf1, 0xf1, 0xff, 0x52, 0x52, 0x52, 0xff, 0x00, 0x00, 0x00, 0xff,
  0x0f, 0x0f, 0x0f, 0xff, 0x2d, 0x2d, 0x2d, 0xff, 0x38, 0x38, 0x38, 0xff, 0x32, 0x32, 0x32, 0xff,
  0x32, 0x32, 0x32, 0xff, 0x31, 0x31, 0x31, 0xff, 0x2e, 0x2e, 0x2e, 0xff, 0x18, 0x18, 0x18, 0xff,
  0x00, 0x00, 0x00, 0xff, 0x15, 0x15, 0x15, 0xff, 0x82, 0x82, 0x82, 0xff, 0xe9, 0xe9, 0xe9, 0xff,
  0xff, 0xff, 0xff, 0xff, 0xb4, 0xb4, 0xb4, 0xff, 0x09, 0x09, 0x08, 0xff, 0x00, 0x00, 0x00, 0xff,
  0x11, 0x12, 0x11, 0xff, 0x35, 0x36, 0x34, 0xff, 0x35, 0x36, 0x34, 0xff, 0x30, 0x30, 0x2f, 0xff,
  0x32, 0x32, 0x31, 0xff, 0x32, 0x32, 0x31, 0xff, 0x32, 0x32, 0x31, 0xff, 0x32, 0x32, 0x31, 0xff,
  0x31, 0x32, 0x30, 0xf9, 0x37, 0x37, 0x36, 0xff, 0x30, 0x30, 0x30, 0x7e, 0x00, 0x00, 0x00, 0x00,
  0x00, 0x00, 0x00, 0x00, 0x06, 0x06, 0x06, 0x7e, 0x01, 0x01, 0x01, 0xff, 0x22, 0x22, 0x22, 0xf9,
  0xc0, 0xc0, 0xc0, 0xff, 0xfd, 0xfd, 0xfd, 0xff, 0xf9, 0xf9, 0xf9, 0xff, 0xfb, 0xfb, 0xfb, 0xff,
  0xfb, 0xfb, 0xfb, 0xff, 0xfb, 0xfb, 0xfb, 0xff, 0xfb, 0xfb, 0xfb, 0xff, 0xf4, 0xf4, 0xf4, 0xff,
  0x7f, 0x7f, 0x7f, 0xff, 0x01, 0x01, 0x01, 0xff, 0x33, 0x33, 0x33, 0xff, 0xbb, 0xbb, 0xbb, 0xff,
  0xff, 0xff, 0xff, 0xff, 0xf2, 0xf2, 0xf2, 0xff, 0x55, 0x55, 0x55, 0xff, 0x00, 0x00, 0x00, 0xff,
  0x3f, 0x3f, 0x3f, 0xff, 0xbd, 0xbd, 0xbd, 0xff, 0xec, 0xec, 0xec, 0xff, 0xda, 0xda, 0xda, 0xff,
  0xdb, 0xdb, 0xdb, 0xff, 0xda, 0xda, 0xda, 0xff, 0xd0, 0xd0, 0xd0, 0xff, 0x9f, 0x9f, 0x9f, 0xff,
  0x36, 0x36, 0x36, 0xff, 0x00, 0x00, 0x00, 0xff, 0x22, 0x22, 0x22, 0xff, 0xca, 0xca, 0xca, 0xff,
  0xff, 0xff, 0xff, 0xff, 0xbb, 0xbc, 0xbc, 0xff, 0x22, 0x21, 0x23, 0xff, 0x0c, 0x0b, 0x0d, 0xff,
  0x75, 0x76, 0x77, 0xff, 0xe6, 0xe5, 0xe5, 0xff, 0xe5, 0xe5, 0xe6, 0xff, 0xd9, 0xd9, 0xda, 0xff,
  0xdd, 0xdd, 0xde, 0xff, 0xdd, 0xdd, 0xde, 0xff, 0xdd, 0xdd, 0xde, 0xff, 0xdd, 0xdd, 0xde, 0xff,
  0xdd, 0xdd, 0xde, 0xf9, 0xec, 0xec, 0xec, 0xff, 0xde, 0xdc, 0xde, 0x7e, 0x00, 0x00, 0x00, 0x00,
  0x00, 0x00, 0x00, 0x00, 0x06, 0x06, 0x06, 0x7e, 0x00, 0x00, 0x00, 0xff, 0x28, 0x28, 0x28, 0xf9,
  0xce, 0xce, 0xce, 0xff, 0xff, 0xff, 0xff, 0xff, 0xff, 0xff, 0xff, 0xff, 0xff, 0xff, 0xff, 0xff,
  0xff, 0xff, 0xff, 0xff, 0xff, 0xff, 0xff, 0xff, 0xff, 0xff, 0xff, 0xff, 0xff, 0xff, 0xff, 0xff,
  0x8d, 0x8d, 0x8d, 0xff, 0x01, 0x01, 0x01, 0xff, 0x33, 0x33, 0x33, 0xff, 0xbc, 0xbc, 0xbc, 0xff,
  0xff, 0xff, 0xff, 0xff, 0xf2, 0xf2, 0xf2, 0xff, 0x56, 0x56, 0x56, 0xff, 0x00, 0x00, 0x00, 0xff,
  0x4b, 0x4b, 0x4b, 0xff, 0xdd, 0xdd, 0xdd, 0xff, 0xff, 0xff, 0xff, 0xff, 0xff, 0xff, 0xff, 0xff,
  0xff, 0xff, 0xff, 0xff, 0xff, 0xff, 0xff, 0xff, 0xff, 0xff, 0xff, 0xff, 0xed, 0xed, 0xed, 0xff,
  0x87, 0x87, 0x87, 0xff, 0x0e, 0x0e, 0x0e, 0xff, 0x0b, 0x0b, 0x0b, 0xff, 0xa4, 0xa4, 0xa4, 0xff,
  0xfd, 0xfd, 0xfe, 0xff, 0xef, 0xf0, 0xef, 0xff, 0xc4, 0xc4, 0xc1, 0xff, 0xba, 0xba, 0xb6, 0xff,
  0xe6, 0xe6, 0xe3, 0xff, 0xff, 0xff, 0xfd, 0xff, 0xff, 0xff, 0xfc, 0xff, 0xff, 0xff, 0xfd, 0xff,
  0xff, 0xff, 0xfd, 0xff, 0xff, 0xff, 0xfd, 0xff, 0xff, 0xff, 0xfd, 0xff, 0xff, 0xff, 0xfd, 0xff,
  0xff, 0xff, 0xfc, 0xf9, 0xff, 0xff, 0xff, 0xff, 0xff, 0xff, 0xfc, 0x7e, 0x00, 0x00, 0x00, 0x00,
  0x00, 0x00, 0x00, 0x00, 0x02, 0x02, 0x02, 0x7e, 0x00, 0x00, 0x00, 0xff, 0x14, 0x14, 0x14, 0xf9,
  0x74, 0x74, 0x74, 0xff, 0xa3, 0xa3, 0xa3, 0xff, 0x9c, 0x9c, 0x9c, 0xff, 0x9c, 0x9c, 0x9c, 0xff,
  0x9d, 0x9d, 0x9d, 0xff, 0x9d, 0x9d, 0x9d, 0xff, 0x9f, 0x9f, 0x9f, 0xff, 0x97, 0x97, 0x97, 0xff,
  0x4a, 0x4a, 0x4a, 0xff, 0x00, 0x00, 0x00, 0xff, 0x37, 0x37, 0x37, 0xff, 0xba, 0xba, 0xba, 0xff,
  0xff, 0xff, 0xff, 0xff, 0xf2, 0xf2, 0xf2, 0xff, 0x55, 0x55, 0x55, 0xff, 0x00, 0x00, 0x00, 0xff,
  0x4b, 0x4b, 0x4b, 0xff, 0xdc, 0xdc, 0xdc, 0xff, 0xfe, 0xfe, 0xfe, 0xff, 0xfd, 0xfd, 0xfd, 0xff,
  0xff, 0xff, 0xff, 0xff, 0xfe, 0xfe, 0xfe, 0xff, 0xff, 0xff, 0xff, 0xff, 0xff, 0xff, 0xff, 0xff,
  0xab, 0xab, 0xab, 0xff, 0x17, 0x17, 0x17, 0xff, 0x0e, 0x0e, 0x0e, 0xff, 0x98, 0x97, 0x97, 0xff,
  0xfc, 0xfa, 0xfe, 0xff, 0xf9, 0xfd, 0xe9, 0xff, 0xdc, 0xef, 0x9f, 0xff, 0xd7, 0xed, 0x93, 0xff,
  0xcc, 0xe0, 0x88, 0xff, 0xb6, 0xcc, 0x6f, 0xff, 0xb6, 0xcc, 0x6e, 0xff, 0xb9, 0xce, 0x71, 0xff,
  0xb8, 0xce, 0x70, 0xff, 0xb8, 0xce, 0x70, 0xff, 0xb8, 0xce, 0x70, 0xff, 0xb8, 0xce, 0x70, 0xff,
  0xb7, 0xce, 0x70, 0xf9, 0xcb, 0xe4, 0x7d, 0xff, 0xb8, 0xce, 0x6f, 0x7e, 0x00, 0x00, 0x00, 0x00,
  0x00, 0x00, 0x00, 0x00, 0x00, 0x00, 0x00, 0x7e, 0x00, 0x00, 0x00, 0xff, 0x00, 0x00, 0x00, 0xf9,
  0x03, 0x03, 0x03, 0xff, 0x04, 0x04, 0x04, 0xff, 0x03, 0x03, 0x03, 0xff, 0x04, 0x04, 0x04, 0xff,
  0x04, 0x04, 0x04, 0xff, 0x04, 0x04, 0x04, 0xff, 0x03, 0x03, 0x03, 0xff, 0x04, 0x04, 0x04, 0xff,
  0x01, 0x01, 0x01, 0xff, 0x03, 0x03, 0x03, 0xff, 0x3e, 0x3e, 0x3e, 0xff, 0xb5, 0xb5, 0xb5, 0xff,
  0xff, 0xff, 0xff, 0xff, 0xf1, 0xf1, 0xf1, 0xff, 0x55, 0x55, 0x55, 0xff, 0x00, 0x00, 0x00, 0xff,
  0x46, 0x46, 0x46, 0xff, 0xd0, 0xd0, 0xd0, 0xff, 0xf8, 0xf8, 0xf8, 0xff, 0xef, 0xef, 0xef, 0xff,
  0xf1, 0xf1, 0xf1, 0xff, 0xf0, 0xf0, 0xf0, 0xff, 0xf1, 0xf1, 0xf1, 0xff, 0xe5, 0xe5, 0xe5, 0xff,
  0x78, 0x78, 0x78, 0xff, 0x05, 0x05, 0x05, 0xff, 0x0f, 0x10, 0x0e, 0xff, 0xae, 0xaf, 0xac, 0xff,
  0xff, 0xff, 0xff, 0xff, 0xde, 0xe7, 0xba, 0xff, 0x7b, 0xa3, 0x11, 0xff, 0x6b, 0x98, 0x03, 0xff,
  0x7f, 0xa7, 0x03, 0xff, 0x7d, 0xa5, 0x00, 0xff, 0x7d, 0xa5, 0x00, 0xff, 0x7d, 0xa6, 0x00, 0xff,
  0x7d, 0xa6, 0x00, 0xff, 0x7d, 0xa6, 0x00, 0xff, 0x7d, 0xa6, 0x00, 0xff, 0x7d, 0xa6, 0x00, 0xff,
  0x7c, 0xa5, 0x00, 0xf9, 0x88, 0xb5, 0x00, 0xff, 0x7b, 0xa5, 0x00, 0x7e, 0x00, 0x00, 0x00, 0x00,
  0x00, 0x00, 0x00, 0x00, 0x00, 0x00, 0x00, 0x7e, 0x00, 0x00, 0x00, 0xff, 0x04, 0x04, 0x04, 0xf9,
  0x11, 0x11, 0x11, 0xff, 0x1c, 0x1c, 0x1c, 0xff, 0x17, 0x17, 0x17, 0xff, 0x18, 0x18, 0x18, 0xff,
  0x17, 0x17, 0x17, 0xff, 0x18, 0x18, 0x18, 0xff, 0x17, 0x17, 0x17, 0xff, 0x19, 0x19, 0x19, 0xff,
  0x09, 0x09, 0x09, 0xff, 0x01, 0x01, 0x01, 0xff, 0x3d, 0x3d, 0x3d, 0xff, 0xb6, 0xb6, 0xb6, 0xff,
  0xff, 0xff, 0xff, 0xff, 0xf1, 0xf1, 0xf1, 0xff, 0x55, 0x55, 0x55, 0xff, 0x00, 0x00, 0x00, 0xff,
  0x2c, 0x2c, 0x2c, 0xff, 0x7e, 0x7e, 0x7e, 0xff, 0x9c, 0x9c, 0x9c, 0xff, 0x90, 0x90, 0x90, 0xff,
  0x90, 0x90, 0x90, 0xff, 0x94, 0x94, 0x94, 0xff, 0x8b, 0x8b, 0x8b, 0xff, 0x65, 0x65, 0x65, 0xff,
  0x22, 0x22, 0x22, 0xff, 0x00, 0x00, 0x00, 0xff, 0x2f, 0x30, 0x2e, 0xff, 0xd1, 0xd2, 0xcf, 0xff,
  0xff, 0xff, 0xff, 0xff, 0xda, 0xe4, 0xb7, 0xff, 0x7f, 0xa5, 0x12, 0xff, 0x70, 0x9c, 0x00, 0xff,
  0x93, 0xb4, 0x26, 0xff, 0xa8, 0xc3, 0x4e, 0xff, 0xa7, 0xc2, 0x4e, 0xff, 0xa4, 0xc0, 0x47, 0xff,
  0xa5, 0xc0, 0x4a, 0xff, 0xa5, 0xc0, 0x4a, 0xff, 0xa5, 0xc0, 0x4a, 0xff, 0xa5, 0xc0, 0x4a, 0xff,
  0xa4, 0xc0, 0x49, 0xf9, 0xb6, 0xd4, 0x51, 0xff, 0xa5, 0xc0, 0x48, 0x7e, 0x00, 0x00, 0x00, 0x00,
  0x00, 0x00, 0x00, 0x00, 0x02, 0x02, 0x02, 0x7e, 0x00, 0x00, 0x00, 0xff, 0x17, 0x17, 0x17, 0xf9,
  0x85, 0x85, 0x85, 0xff, 0xbb, 0xbb, 0xbb, 0xff, 0xb2, 0xb2, 0xb2, 0xff, 0xb2, 0xb2, 0xb2, 0xff,
  0xb3, 0xb3, 0xb3, 0xff, 0xb4, 0xb4, 0xb4, 0xff, 0xb5, 0xb5, 0xb5, 0xff, 0xad, 0xad, 0xad, 0xff,
  0x56, 0x56, 0x56, 0xff, 0x00, 0x00, 0x00, 0xff, 0x36, 0x36, 0x36, 0xff, 0xba, 0xba, 0xba, 0xff,
  0xff, 0xff, 0xff, 0xff, 0xf1, 0xf1, 0xf1, 0xff, 0x55, 0x55, 0x55, 0xff, 0x00, 0x00, 0x00, 0xff,
  0x09, 0x09, 0x09, 0xff, 0x10, 0x10, 0x10, 0xff, 0x14, 0x14, 0x14, 0xff, 0x11, 0x11, 0x11, 0xff,
  0x11, 0x11, 0x11, 0xff, 0x13, 0x13, 0x13, 0xff, 0x0e, 0x0e, 0x0e, 0xff, 0x00, 0x00, 0x00, 0xff,
  0x00, 0x00, 0x00, 0xff, 0x31, 0x31, 0x32, 0xff, 0x9e, 0x9e, 0x9d, 0xff, 0xf2, 0xf3, 0xef, 0xff,
  0xff, 0xff, 0xff, 0xff, 0xdf, 0xe9, 0xc0, 0xff, 0x89, 0xad, 0x1d, 0xff, 0x7d, 0xa4, 0x02, 0xff,
  0xba, 0xce, 0x70, 0xff, 0xe8, 0xef, 0xcf, 0xff, 0xe9, 0xef, 0xd1, 0xff, 0xe6, 0xee, 0xcb, 0xff,
  0xe8, 0xef, 0xd0, 0xff, 0xe8, 0xef, 0xd0, 0xff, 0xe8, 0xef, 0xd0, 0xff, 0xe8, 0xef, 0xd0, 0xff,
  0xe7, 0xee, 0xcf, 0xf9, 0xf7, 0xfd, 0xe2, 0xff, 0xe8, 0xee, 0xd0, 0x7e, 0x00, 0x00, 0x00, 0x00,
  0x00, 0x00, 0x00, 0x00, 0x06, 0x06, 0x06, 0x7e, 0x00, 0x00, 0x00, 0xff, 0x27, 0x27, 0x27, 0xf9,
  0xcc, 0xcc, 0xcc, 0xff, 0xff, 0xff, 0xff, 0xff, 0xff, 0xff, 0xff, 0xff, 0xff, 0xff, 0xff, 0xff,
  0xff, 0xff, 0xff, 0xff, 0xff, 0xff, 0xff, 0xff, 0xff, 0xff, 0xff, 0xff, 0xff, 0xff, 0xff, 0xff,
  0x8a, 0x8a, 0x8a, 0xff, 0x01, 0x01, 0x01, 0xff, 0x33, 0x33, 0x33, 0xff, 0xbc, 0xbc, 0xbc, 0xff,
  0xff, 0xff, 0xff, 0xff, 0xf1, 0xf1, 0xf1, 0xff, 0x57, 0x57, 0x57, 0xff, 0x00, 0x00, 0x00, 0xff,
  0x0f, 0x0f, 0x0f, 0xff, 0x1f, 0x1f, 0x1f, 0xff, 0x24, 0x24, 0x24, 0xff, 0x21, 0x21, 0x21, 0xff,
  0x21, 0x21, 0x21, 0xff, 0x21, 0x21, 0x21, 0xff, 0x28, 0x28, 0x28, 0xff, 0x3a, 0x3a, 0x3a, 0xff,
  0x56, 0x56, 0x56, 0xff, 0xa9, 0xa9, 0xa9, 0xff, 0xf8, 0xf8, 0xf7, 0xff, 0xff, 0xff, 0xfd, 0xff,
  0xff, 0xff, 0xff, 0xff, 0xe2, 0xec, 0xc3, 0xff, 0x86, 0xab, 0x1a, 0xff, 0x7a, 0xa2, 0x00, 0xff,
  0xcb, 0xda, 0x92, 0xff, 0xff, 0xff, 0xff, 0xff, 0xff, 0xff, 0xff, 0xff, 0xff, 0xff, 0xff, 0xff,
  0xff, 0xff, 0xff, 0xff, 0xff, 0xff, 0xff, 0xff, 0xff, 0xff, 0xff, 0xff, 0xff, 0xff, 0xff, 0xff,
  0xff, 0xff, 0xff, 0xf9, 0xff, 0xff, 0xff, 0xff, 0xff, 0xff, 0xff, 0x7e, 0x00, 0x00, 0x00, 0x00,
  0x00, 0x00, 0x00, 0x00, 0x06, 0x06, 0x06, 0x7e, 0x01, 0x01, 0x01, 0xff, 0x22, 0x22, 0x22, 0xf9,
  0xc0, 0xc0, 0xc0, 0xff, 0xfd, 0xfd, 0xfd, 0xff, 0xf9, 0xf9, 0xf9, 0xff, 0xfb, 0xfb, 0xfb, 0xff,
  0xfc, 0xfc, 0xfc, 0xff, 0xfc, 0xfc, 0xfc, 0xff, 0xfc, 0xfc, 0xfc, 0xff, 0xf4, 0xf4, 0xf4, 0xff,
  0x7e, 0x7e, 0x7e, 0xff, 0x01, 0x01, 0x01, 0xff, 0x33, 0x33, 0x33, 0xff, 0xbc, 0xbc, 0xbc, 0xff,
  0xff, 0xff, 0xff, 0xff, 0xf1, 0xf1, 0xf1, 0xff, 0x55, 0x55, 0x55, 0xff, 0x00, 0x00, 0x00, 0xff,
  0x34, 0x34, 0x34, 0xff, 0x9e, 0x9e, 0x9e, 0xff, 0xc6, 0xc6, 0xc6, 0xff, 0xb7, 0xb7, 0xb7, 0xff,
  0xb7, 0xb7, 0xb7, 0xff, 0xb8, 0xb8, 0xb8, 0xff, 0xc5, 0xc5, 0xc5, 0xff, 0xdd, 0xdd, 0xdd, 0xff,
  0xf1, 0xf1, 0xf1, 0xff, 0xfc, 0xfc, 0xfc, 0xff, 0xfe, 0xff, 0xfd, 0xff, 0xfc, 0xfd, 0xf9, 0xff,
  0xff, 0xff, 0xff, 0xff, 0xe3, 0xec, 0xc2, 0xff, 0x85, 0xab, 0x19, 0xff, 0x79, 0xa2, 0x01, 0xff,
  0xba, 0xcf, 0x71, 0xff, 0xef, 0xf4, 0xdf, 0xff, 0xef, 0xf4, 0xde, 0xff, 0xe9, 0xef, 0xd1, 0xff,
  0xeb, 0xf1, 0xd7, 0xff, 0xeb, 0xf1, 0xd6, 0xff, 0xeb, 0xf1, 0xd6, 0xff, 0xeb, 0xf1, 0xd6, 0xff,
  0xeb, 0xf0, 0xd7, 0xf9, 0xf7, 0xfc, 0xe8, 0xff, 0xea, 0xf0, 0xd6, 0x7e, 0x00, 0x00, 0x00, 0x00,
  0x00, 0x00, 0x00, 0x00, 0x00, 0x00, 0x00, 0x7e, 0x00, 0x00, 0x00, 0xff, 0x1c, 0x1c, 0x1c, 0xf9,
  0xb9, 0xb9, 0xb9, 0xff, 0xff, 0xff, 0xff, 0xff, 0xf7, 0xf7, 0xf7, 0xff, 0xf8, 0xf8, 0xf8, 0xff,
  0xfa, 0xfa, 0xfa, 0xff, 0xfa, 0xfa, 0xfa, 0xff, 0xfc, 0xfc, 0xfc, 0xff, 0xf0, 0xf0, 0xf0, 0xff,
  0x77, 0x77, 0x77, 0xff, 0x00, 0x00, 0x00, 0xff, 0x2f, 0x2f, 0x2f, 0xff, 0xba, 0xba, 0xba, 0xff,
  0xff, 0xff, 0xff, 0xff, 0xf1, 0xf1, 0xf1, 0xff, 0x51, 0x51, 0x51, 0xff, 0x00, 0x00, 0x00, 0xff,
  0x44, 0x44, 0x44, 0xff, 0xd7, 0xd7, 0xd7, 0xff, 0xff, 0xff, 0xff, 0xff, 0xfa, 0xfa, 0xfa, 0xff,
  0xfd, 0xfd, 0xfd, 0xff, 0xfe, 0xfe, 0xfe, 0xff, 0xff, 0xff, 0xff, 0xff, 0xff, 0xff, 0xff, 0xff,
  0xff, 0xff, 0xff, 0xff, 0xff, 0xff, 0xff, 0xff, 0xfd, 0xfd, 0xfc, 0xff, 0xfb, 0xfc, 0xf9, 0xff,
  0xff, 0xff, 0xff, 0xff, 0xe2, 0xeb, 0xbf, 0xff, 0x82, 0xa9, 0x12, 0xff, 0x73, 0x9f, 0x00, 0xff,
  0x8e, 0xb2, 0x1a, 0xff, 0x99, 0xb9, 0x31, 0xff, 0x9a, 0xb9, 0x30, 0xff, 0x98, 0xb7, 0x2c, 0xff,
  0x98, 0xb8, 0x2d, 0xff, 0x98, 0xb8, 0x2d, 0xff, 0x98, 0xb8, 0x2d, 0xff, 0x98, 0xb8, 0x2d, 0xff,
  0x98, 0xb7, 0x2d, 0xf9, 0xa8, 0xcb, 0x32, 0xff, 0x97, 0xb8, 0x2c, 0x7e, 0x00, 0x00, 0x00, 0x00,
  0x00, 0x00, 0x00, 0x00, 0x1c, 0x1c, 0x1c, 0x7e, 0x18, 0x18, 0x18, 0xff, 0x37, 0x37, 0x37, 0xf9,
  0xc5, 0xc5, 0xc5, 0xff, 0xff, 0xff, 0xff, 0xff, 0xfc, 0xfc, 0xfc, 0xff, 0xfd, 0xfd, 0xfd, 0xff,
  0xff, 0xff, 0xff, 0xff, 0xff, 0xff, 0xff, 0xff, 0xff, 0xff, 0xff, 0xff, 0xf5, 0xf5, 0xf5, 0xff,
  0x8b, 0x8b, 0x8b, 0xff, 0x17, 0x17, 0x17, 0xff, 0x46, 0x46, 0x46, 0xff, 0xc2, 0xc2, 0xc2, 0xff,
  0xff, 0xff, 0xff, 0xff, 0xf3, 0xf3, 0xf3, 0xff, 0x66, 0x66, 0x66, 0xff, 0x0c, 0x0c, 0x0c, 0xff,
  0x5a, 0x5a, 0x5a, 0xff, 0xdd, 0xdd, 0xdd, 0xff, 0xfe, 0xfe, 0xfe, 0xff, 0xfc, 0xfc, 0xfc, 0xff,
  0xff, 0xff, 0xff, 0xff, 0xff, 0xff, 0xff, 0xff, 0xfe, 0xfe, 0xfe, 0xff, 0xfc, 0xfc, 0xfc, 0xff,
  0xfb, 0xfb, 0xfb, 0xff, 0xfd, 0xfd, 0xfd, 0xff, 0xfd, 0xfe, 0xfc, 0xff, 0xfd, 0xfd, 0xfa, 0xff,
  0xff, 0xff, 0xff, 0xff, 0xe5, 0xed, 0xc9, 0xff, 0x94, 0xb5, 0x2d, 0xff, 0x86, 0xab, 0x15, 0xff,
  0x8d, 0xb1, 0x19, 0xff, 0x82, 0xa9, 0x04, 0xff, 0x83, 0xaa, 0x03, 0xff, 0x84, 0xab, 0x06, 0xff,
  0x84, 0xaa, 0x06, 0xff, 0x84, 0xaa, 0x05, 0xff, 0x84, 0xaa, 0x05, 0xff, 0x84, 0xaa, 0x05, 0xff,
  0x84, 0xaa, 0x06, 0xf9, 0x90, 0xba, 0x06, 0xff, 0x83, 0xaa, 0x04, 0x7e, 0x00, 0x00, 0x00, 0x00,
  0x00, 0x00, 0x00, 0x00, 0x7d, 0x7d, 0x7d, 0x7e, 0x87, 0x87, 0x87, 0xff, 0x8d, 0x8d, 0x8d, 0xf9,
  0xdd, 0xdd, 0xdd, 0xff, 0xff, 0xff, 0xff, 0xff, 0xfd, 0xfd, 0xfd, 0xff, 0xfd, 0xfd, 0xfd, 0xff,
  0xff, 0xff, 0xff, 0xff, 0xff, 0xff, 0xff, 0xff, 0xff, 0xff, 0xff, 0xff, 0xf9, 0xf9, 0xf9, 0xff,
  0xbd, 0xbd, 0xbd, 0xff, 0x79, 0x79, 0x79, 0xff, 0x95, 0x95, 0x95, 0xff, 0xdc, 0xdc, 0xdc, 0xff,
  0xff, 0xff, 0xff, 0xff, 0xf8, 0xf8, 0xf8, 0xff, 0xa7, 0xa7, 0xa7, 0xff, 0x70, 0x70, 0x70, 0xff,
  0xa1, 0xa1, 0xa1, 0xff, 0xea, 0xea, 0xea, 0xff, 0xff, 0xff, 0xff, 0xff, 0xfc, 0xfc, 0xfc, 0xff,
  0xfd, 0xfd, 0xfd, 0xff, 0xfe, 0xfe, 0xfe, 0xff, 0xff, 0xff, 0xff, 0xff, 0xfe, 0xfe, 0xfe, 0xff,
  0xff, 0xff, 0xff, 0xff, 0xff, 0xff, 0xff, 0xff, 0xfe, 0xff, 0xfe, 0xff, 0xfd, 0xfe, 0xfc, 0xff,
  0xff, 0xff, 0xff, 0xff, 0xf1, 0xf5, 0xe4, 0xff, 0xc4, 0xd6, 0x88, 0xff, 0xbc, 0xd2, 0x78, 0xff,
  0xc4, 0xd8, 0x88, 0xff, 0xc3, 0xd6, 0x86, 0xff, 0xc2, 0xd6, 0x86, 0xff, 0xc2, 0xd6, 0x86, 0xff,
  0xc2, 0xd6, 0x86, 0xff, 0xc2, 0xd6, 0x86, 0xff, 0xc2, 0xd6, 0x86, 0xff, 0xc2, 0xd6, 0x86, 0xff,
  0xc2, 0xd6, 0x86, 0xf9, 0xd7, 0xea, 0x95, 0xff, 0xc2, 0xd6, 0x87, 0x7e, 0x00, 0x00, 0x00, 0x00,
  0x00, 0x00, 0x00, 0x00, 0xec, 0xec, 0xec, 0x7e, 0xf5, 0xf5, 0xf5, 0xff, 0xed, 0xed, 0xed, 0xf9,
  0xfa, 0xfa, 0xfa, 0xff, 0xff, 0xff, 0xff, 0xff, 0xff, 0xff, 0xff, 0xff, 0xff, 0xff, 0xff, 0xff,
  0xff, 0xff, 0xff, 0xff, 0xff, 0xff, 0xff, 0xff, 0xff, 0xff, 0xff, 0xff, 0xfe, 0xfe, 0xfe, 0xff,
  0xf5, 0xf5, 0xf5, 0xff, 0xeb, 0xeb, 0xeb, 0xff, 0xf0, 0xf0, 0xf0, 0xff, 0xf9, 0xf9, 0xf9, 0xff,
  0xff, 0xff, 0xff, 0xff, 0xfe, 0xfe, 0xfe, 0xff, 0xf2, 0xf2, 0xf2, 0xff, 0xea, 0xea, 0xea, 0xff,
  0xf1, 0xf1, 0xf1, 0xff, 0xfc, 0xfc, 0xfc, 0xff, 0xff, 0xff, 0xff, 0xff, 0xfe, 0xfe, 0xfe, 0xff,
  0xfe, 0xfe, 0xfe, 0xff, 0xfe, 0xfe, 0xfe, 0xff, 0xfe, 0xfe, 0xfe, 0xff, 0xfe, 0xfe, 0xfe, 0xff,
  0xff, 0xff, 0xff, 0xff, 0xff, 0xff, 0xff, 0xff, 0xff, 0xff, 0xff, 0xff, 0xff, 0xff, 0xff, 0xff,
  0xff, 0xff, 0xff, 0xff, 0xfd, 0xfe, 0xfb, 0xff, 0xf6, 0xf9, 0xed, 0xff, 0xf5, 0xf9, 0xeb, 0xff,
  0xf7, 0xfa, 0xef, 0xff, 0xf8, 0xfa, 0xf1, 0xff, 0xf7, 0xfa, 0xf1, 0xff, 0xf7, 0xfa, 0xf0, 0xff,
  0xf7, 0xfa, 0xf1, 0xff, 0xf7, 0xfa, 0xf1, 0xff, 0xf7, 0xfa, 0xf1, 0xff, 0xf7, 0xfa, 0xf1, 0xff,
  0xf7, 0xfa, 0xf0, 0xf9, 0xff, 0xff, 0xfb, 0xff, 0xf6, 0xfa, 0xf0, 0x7e, 0x00, 0x00, 0x00, 0x00,
  0x00, 0x00, 0x00, 0x00, 0xff, 0xff, 0xff, 0x7e, 0xff, 0xff, 0xff, 0xff, 0xff, 0xff, 0xff, 0xf9,
  0xff, 0xff, 0xff, 0xff, 0xff, 0xff, 0xff, 0xff, 0xff, 0xff, 0xff, 0xff, 0xff, 0xff, 0xff, 0xff,
  0xff, 0xff, 0xff, 0xff, 0xff, 0xff, 0xff, 0xff, 0xff, 0xff, 0xff, 0xff, 0xff, 0xff, 0xff, 0xff,
  0xff, 0xff, 0xff, 0xff, 0xff, 0xff, 0xff, 0xff, 0xff, 0xff, 0xff, 0xff, 0xff, 0xff, 0xff, 0xff,
  0xff, 0xff, 0xff, 0xff, 0xff, 0xff, 0xff, 0xff, 0xff, 0xff, 0xff, 0xff, 0xff, 0xff, 0xff, 0xff,
  0xff, 0xff, 0xff, 0xff, 0xff, 0xff, 0xff, 0xff, 0xff, 0xff, 0xff, 0xff, 0xff, 0xff, 0xff, 0xff,
  0xff, 0xff, 0xff, 0xff, 0xff, 0xff, 0xff, 0xff, 0xff, 0xff, 0xff, 0xff, 0xff, 0xff, 0xff, 0xff,
  0xff, 0xff, 0xff, 0xff, 0xff, 0xff, 0xff, 0xff, 0xff, 0xff, 0xff, 0xff, 0xff, 0xff, 0xff, 0xff,
  0xff, 0xff, 0xff, 0xff, 0xff, 0xff, 0xff, 0xff, 0xff, 0xff, 0xff, 0xff, 0xff, 0xff, 0xff, 0xff,
  0xff, 0xff, 0xff, 0xff, 0xff, 0xff, 0xff, 0xff, 0xff, 0xff, 0xff, 0xff, 0xff, 0xff, 0xff, 0xff,
  0xff, 0xff, 0xff, 0xff, 0xff, 0xff, 0xff, 0xff, 0xff, 0xff, 0xff, 0xff, 0xff, 0xff, 0xff, 0xff,
  0xff, 0xff, 0xff, 0xf9, 0xfe, 0xfe, 0xff, 0xff, 0xff, 0xff, 0xff, 0x7e, 0x00, 0x00, 0x00, 0x00,
  0x00, 0x00, 0x00, 0x00, 0xfa, 0xfa, 0xfa, 0x7e, 0xfe, 0xfe, 0xfe, 0xff, 0xfa, 0xfa, 0xfa, 0xf9,
  0xfe, 0xfe, 0xfe, 0xff, 0xff, 0xff, 0xff, 0xff, 0xff, 0xff, 0xff, 0xff, 0xff, 0xff, 0xff, 0xff,
  0xff, 0xff, 0xff, 0xff, 0xff, 0xff, 0xff, 0xff, 0xff, 0xff, 0xff, 0xff, 0xff, 0xff, 0xff, 0xff,
  0xfd, 0xfd, 0xfd, 0xff, 0xfa, 0xfa, 0xfa, 0xff, 0xfb, 0xfb, 0xfb, 0xff, 0xfe, 0xfe, 0xfe, 0xff,
  0xff, 0xff, 0xff, 0xff, 0xff, 0xff, 0xff, 0xff, 0xfc, 0xfc, 0xfc, 0xff, 0xfa, 0xfa, 0xfa, 0xff,
  0xfc, 0xfc, 0xfc, 0xff, 0xfe, 0xfe, 0xfe, 0xff, 0xff, 0xff, 0xff, 0xff, 0xff, 0xff, 0xff, 0xff,
  0xff, 0xff, 0xff, 0xff, 0xff, 0xff, 0xff, 0xff, 0xff, 0xff, 0xff, 0xff, 0xff, 0xff, 0xff, 0xff,
  0xff, 0xff, 0xff, 0xff, 0xff, 0xff, 0xff, 0xff, 0xff, 0xff, 0xff, 0xff, 0xff, 0xff, 0xff, 0xff,
  0xff, 0xff, 0xff, 0xff, 0xff, 0xff, 0xfe, 0xff, 0xfd, 0xfe, 0xfa, 0xff, 0xfd, 0xfe, 0xfa, 0xff,
  0xfd, 0xfe, 0xfb, 0xff, 0xfd, 0xfe, 0xfa, 0xff, 0xfd, 0xfe, 0xfa, 0xff, 0xfd, 0xfe, 0xfa, 0xff,
  0xfd, 0xfe, 0xfa, 0xff, 0xfd, 0xfe, 0xfa, 0xff, 0xfd, 0xfe, 0xfa, 0xff, 0xfd, 0xfe, 0xfa, 0xff,
  0xfc, 0xfd, 0xf9, 0xf9, 0xff, 0xff, 0xfe, 0xff, 0xfc, 0xff, 0xfa, 0x7e, 0x00, 0x00, 0x00, 0x00,
  0x00, 0x00, 0x00, 0x00, 0xff, 0xff, 0xff, 0x7e, 0xff, 0xff, 0xff, 0xff, 0xff, 0xff, 0xff, 0xf9,
  0xff, 0xff, 0xff, 0xff, 0xff, 0xff, 0xff, 0xff, 0xff, 0xff, 0xff, 0xff, 0xff, 0xff, 0xff, 0xff,
  0xff, 0xff, 0xff, 0xff, 0xff, 0xff, 0xff, 0xff, 0xff, 0xff, 0xff, 0xff, 0xff, 0xff, 0xff, 0xff,
  0xff, 0xff, 0xff, 0xff, 0xfe, 0xfe, 0xfe, 0xff, 0xff, 0xff, 0xff, 0xff, 0xfe, 0xfe, 0xfe, 0xff,
  0xff, 0xff, 0xff, 0xff, 0xff, 0xff, 0xff, 0xff, 0xff, 0xff, 0xff, 0xff, 0xfe, 0xfe, 0xfe, 0xff,
  0xff, 0xff, 0xff, 0xff, 0xff, 0xff, 0xff, 0xff, 0xff, 0xff, 0xff, 0xff, 0xff, 0xff, 0xff, 0xff,
  0xff, 0xff, 0xff, 0xff, 0xff, 0xff, 0xff, 0xff, 0xff, 0xff, 0xff, 0xff, 0xff, 0xff, 0xff, 0xff,
  0xff, 0xff, 0xff, 0xff, 0xff, 0xff, 0xff, 0xff, 0xff, 0xff, 0xff, 0xff, 0xff, 0xff, 0xff, 0xff,
  0xff, 0xff, 0xff, 0xff, 0xff, 0xff, 0xff, 0xff, 0xff, 0xfe, 0xfe, 0xff, 0xff, 0xfe, 0xfe, 0xff,
  0xff, 0xff, 0xff, 0xff, 0xff, 0xfe, 0xfe, 0xff, 0xff, 0xfe, 0xfe, 0xff, 0xff, 0xfe, 0xfe, 0xff,
  0xff, 0xfe, 0xfe, 0xff, 0xff, 0xfe, 0xfe, 0xff, 0xff, 0xfe, 0xfe, 0xff, 0xff, 0xfe, 0xfe, 0xff,
  0xff, 0xfd, 0xfd, 0xf9, 0xff, 0xff, 0xff, 0xff, 0xff, 0xff, 0xff, 0x7e, 0x00, 0x00, 0x00, 0x00,
  0x00, 0x00, 0x00, 0x00, 0xff, 0xff, 0xff, 0x7e, 0xff, 0xff, 0xff, 0xff, 0xff, 0xff, 0xff, 0xf9,
  0xff, 0xff, 0xff, 0xff, 0xff, 0xff, 0xff, 0xff, 0xff, 0xff, 0xff, 0xff, 0xff, 0xff, 0xff, 0xff,
  0xff, 0xff, 0xff, 0xff, 0xff, 0xff, 0xff, 0xff, 0xff, 0xff, 0xff, 0xff, 0xff, 0xff, 0xff, 0xff,
  0xff, 0xff, 0xff, 0xff, 0xff, 0xff, 0xff, 0xff, 0xff, 0xff, 0xff, 0xff, 0xff, 0xff, 0xff, 0xff,
  0xff, 0xff, 0xff, 0xff, 0xff, 0xff, 0xff, 0xff, 0xff, 0xff, 0xff, 0xff, 0xff, 0xff, 0xff, 0xff,
  0xff, 0xff, 0xff, 0xff, 0xff, 0xff, 0xff, 0xff, 0xff, 0xff, 0xff, 0xff, 0xff, 0xff, 0xff, 0xff,
  0xff, 0xff, 0xff, 0xff, 0xff, 0xff, 0xff, 0xff, 0xff, 0xff, 0xff, 0xff, 0xff, 0xff, 0xff, 0xff,
  0xff, 0xff, 0xff, 0xff, 0xff, 0xff, 0xff, 0xff, 0xff, 0xff, 0xff, 0xff, 0xff, 0xff, 0xff, 0xff,
  0xff, 0xff, 0xff, 0xff, 0xff, 0xff, 0xff, 0xff, 0xff, 0xff, 0xff, 0xff, 0xff, 0xff, 0xff, 0xff,
  0xff, 0xff, 0xff, 0xff, 0xff, 0xff, 0xff, 0xff, 0xff, 0xff, 0xff, 0xff, 0xff, 0xff, 0xff, 0xff,
  0xff, 0xff, 0xff, 0xff, 0xff, 0xff, 0xff, 0xff, 0xff, 0xff, 0xff, 0xff, 0xff, 0xff, 0xff, 0xff,
  0xff, 0xff, 0xff, 0xf9, 0xff, 0xff, 0xff, 0xff, 0xff, 0xff, 0xff, 0x7e, 0x00, 0x00, 0x00, 0x00,
  0x00, 0x00, 0x00, 0x00, 0xff, 0xff, 0xff, 0x7e, 0xff, 0xff, 0xff, 0xff, 0xff, 0xff, 0xff, 0xf9,
  0xff, 0xff, 0xff, 0xff, 0xff, 0xff, 0xff, 0xff, 0xff, 0xff, 0xff, 0xff, 0xff, 0xff, 0xff, 0xff,
  0xff, 0xff, 0xff, 0xff, 0xff, 0xff, 0xff, 0xff, 0xff, 0xff, 0xff, 0xff, 0xff, 0xff, 0xff, 0xff,
  0xff, 0xff, 0xff, 0xff, 0xff, 0xff, 0xff, 0xff, 0xff, 0xff, 0xff, 0xff, 0xff, 0xff, 0xff, 0xff,
  0xff, 0xff, 0xff, 0xff, 0xff, 0xff, 0xff, 0xff, 0xff, 0xff, 0xff, 0xff, 0xff, 0xff, 0xff, 0xff,
  0xff, 0xff, 0xff, 0xff, 0xff, 0xff, 0xff, 0xff, 0xff, 0xff, 0xff, 0xff, 0xff, 0xff, 0xff, 0xff,
  0xff, 0xff, 0xff, 0xff, 0xff, 0xff, 0xff, 0xff, 0xff, 0xff, 0xff, 0xff, 0xff, 0xff, 0xff, 0xff,
  0xff, 0xff, 0xff, 0xff, 0xff, 0xff, 0xff, 0xff, 0xff, 0xff, 0xff, 0xff, 0xff, 0xff, 0xff, 0xff,
  0xff, 0xff, 0xff, 0xff, 0xff, 0xff, 0xff, 0xff, 0xff, 0xff, 0xff, 0xff, 0xff, 0xff, 0xff, 0xff,
  0xff, 0xff, 0xff, 0xff, 0xff, 0xff, 0xff, 0xff, 0xff, 0xff, 0xff, 0xff, 0xff, 0xff, 0xff, 0xff,
  0xff, 0xff, 0xff, 0xff, 0xff, 0xff, 0xff, 0xff, 0xff, 0xff, 0xff, 0xff, 0xff, 0xff, 0xff, 0xff,
  0xff, 0xff, 0xff, 0xf9, 0xff, 0xff, 0xff, 0xff, 0xff, 0xff, 0xff, 0x7e, 0x00, 0x00, 0x00, 0x00,
  0x00, 0x00, 0x00, 0x00, 0xff, 0xff, 0xff, 0x7e, 0xff, 0xff, 0xff, 0xff, 0xff, 0xff, 0xff, 0xf9,
  0xff, 0xff, 0xff, 0xff, 0xff, 0xff, 0xff, 0xff, 0xff, 0xff, 0xff, 0xff, 0xff, 0xff, 0xff, 0xff,
  0xff, 0xff, 0xff, 0xff, 0xff, 0xff, 0xff, 0xff, 0xff, 0xff, 0xff, 0xff, 0xff, 0xff, 0xff, 0xff,
  0xff, 0xff, 0xff, 0xff, 0xff, 0xff, 0xff, 0xff, 0xff, 0xff, 0xff, 0xff, 0xff, 0xff, 0xff, 0xff,
  0xff, 0xff, 0xff, 0xff, 0xff, 0xff, 0xff, 0xff, 0xff, 0xff, 0xff, 0xff, 0xff, 0xff, 0xff, 0xff,
  0xff, 0xff, 0xff, 0xff, 0xff, 0xff, 0xff, 0xff, 0xff, 0xff, 0xff, 0xff, 0xff, 0xff, 0xff, 0xff,
  0xff, 0xff, 0xff, 0xff, 0xff, 0xff, 0xff, 0xff, 0xff, 0xff, 0xff, 0xff, 0xff, 0xff, 0xff, 0xff,
  0xff, 0xff, 0xff, 0xff, 0xff, 0xff, 0xff, 0xff, 0xff, 0xff, 0xff, 0xff, 0xff, 0xff, 0xff, 0xff,
  0xff, 0xff, 0xff, 0xff, 0xff, 0xff, 0xff, 0xff, 0xff, 0xff, 0xff, 0xff, 0xff, 0xff, 0xff, 0xff,
  0xff, 0xff, 0xff, 0xff, 0xff, 0xff, 0xff, 0xff, 0xff, 0xff, 0xff, 0xff, 0xff, 0xff, 0xff, 0xff,
  0xff, 0xff, 0xff, 0xff, 0xff, 0xff, 0xff, 0xff, 0xff, 0xff, 0xff, 0xff, 0xff, 0xff, 0xff, 0xff,
  0xff, 0xff, 0xff, 0xf9, 0xff, 0xff, 0xff, 0xff, 0xff, 0xff, 0xff, 0x7e, 0x00, 0x00, 0x00, 0x00,
  0x00, 0x00, 0x00, 0x00, 0xff, 0xff, 0xff, 0x7e, 0xff, 0xff, 0xff, 0xff, 0xff, 0xff, 0xff, 0xf9,
  0xff, 0xff, 0xff, 0xff, 0xff, 0xff, 0xff, 0xff, 0xff, 0xff, 0xff, 0xff, 0xff, 0xff, 0xff, 0xff,
  0xff, 0xff, 0xff, 0xff, 0xff, 0xff, 0xff, 0xff, 0xff, 0xff, 0xff, 0xff, 0xff, 0xff, 0xff, 0xff,
  0xff, 0xff, 0xff, 0xff, 0xff, 0xff, 0xff, 0xff, 0xff, 0xff, 0xff, 0xff, 0xff, 0xff, 0xff, 0xff,
  0xff, 0xff, 0xff, 0xff, 0xff, 0xff, 0xff, 0xff, 0xff, 0xff, 0xff, 0xff, 0xff, 0xff, 0xff, 0xff,
  0xff, 0xff, 0xff, 0xff, 0xff, 0xff, 0xff, 0xff, 0xff, 0xff, 0xff, 0xff, 0xff, 0xff, 0xff, 0xff,
  0xff, 0xff, 0xff, 0xff, 0xff, 0xff, 0xff, 0xff, 0xff, 0xff, 0xff, 0xff, 0xff, 0xff, 0xff, 0xff,
  0xff, 0xff, 0xff, 0xff, 0xff, 0xff, 0xff, 0xff, 0xff, 0xff, 0xff, 0xff, 0xff, 0xff, 0xff, 0xff,
  0xff, 0xff, 0xff, 0xff, 0xff, 0xff, 0xff, 0xff, 0xff, 0xff, 0xff, 0xff, 0xff, 0xff, 0xff, 0xff,
  0xff, 0xff, 0xff, 0xff, 0xff, 0xff, 0xff, 0xff, 0xff, 0xff, 0xff, 0xff, 0xff, 0xff, 0xff, 0xff,
  0xff, 0xff, 0xff, 0xff, 0xff, 0xff, 0xff, 0xff, 0xff, 0xff, 0xff, 0xff, 0xff, 0xff, 0xff, 0xff,
  0xff, 0xff, 0xff, 0xf9, 0xff, 0xff, 0xff, 0xff, 0xff, 0xff, 0xff, 0x7e, 0x00, 0x00, 0x00, 0x00,
  0x00, 0x00, 0x00, 0x00, 0xff, 0xff, 0xff, 0x7e, 0xff, 0xff, 0xff, 0xff, 0xff, 0xff, 0xff, 0xf9,
  0xff, 0xff, 0xff, 0xff, 0xff, 0xff, 0xff, 0xff, 0xff, 0xff, 0xff, 0xff, 0xff, 0xff, 0xff, 0xff,
  0xff, 0xff, 0xff, 0xff, 0xff, 0xff, 0xff, 0xff, 0xff, 0xff, 0xff, 0xff, 0xff, 0xff, 0xff, 0xff,
  0xff, 0xff, 0xff, 0xff, 0xff, 0xff, 0xff, 0xff, 0xff, 0xff, 0xff, 0xff, 0xff, 0xff, 0xff, 0xff,
  0xff, 0xff, 0xff, 0xff, 0xff, 0xff, 0xff, 0xff, 0xff, 0xff, 0xff, 0xff, 0xff, 0xff, 0xff, 0xff,
  0xff, 0xff, 0xff, 0xff, 0xff, 0xff, 0xff, 0xff, 0xff, 0xff, 0xff, 0xff, 0xff, 0xff, 0xff, 0xff,
  0xff, 0xff, 0xff, 0xff, 0xff, 0xff, 0xff, 0xff, 0xff, 0xff, 0xff, 0xff, 0xff, 0xff, 0xff, 0xff,
  0xff, 0xff, 0xff, 0xff, 0xff, 0xff, 0xff, 0xff, 0xff, 0xff, 0xff, 0xff, 0xff, 0xff, 0xff, 0xff,
  0xff, 0xff, 0xff, 0xff, 0xff, 0xff, 0xff, 0xff, 0xff, 0xff, 0xff, 0xff, 0xff, 0xff, 0xff, 0xff,
  0xff, 0xff, 0xff, 0xff, 0xff, 0xff, 0xff, 0xff, 0xff, 0xff, 0xff, 0xff, 0xff, 0xff, 0xff, 0xff,
  0xff, 0xff, 0xff, 0xff, 0xff, 0xff, 0xff, 0xff, 0xff, 0xff, 0xff, 0xff, 0xff, 0xff, 0xff, 0xff,
  0xff, 0xff, 0xff, 0xf9, 0xff, 0xff, 0xff, 0xff, 0xff, 0xff, 0xff, 0x7e, 0x00, 0x00, 0x00, 0x00,
  0x00, 0x00, 0x00, 0x00, 0xff, 0xff, 0xff, 0x7e, 0xff, 0xff, 0xff, 0xff, 0xff, 0xff, 0xff, 0xf9,
  0xff, 0xff, 0xff, 0xff, 0xff, 0xff, 0xff, 0xff, 0xff, 0xff, 0xff, 0xff, 0xff, 0xff, 0xff, 0xff,
  0xff, 0xff, 0xff, 0xff, 0xff, 0xff, 0xff, 0xff, 0xff, 0xff, 0xff, 0xff, 0xff, 0xff, 0xff, 0xff,
  0xff, 0xff, 0xff, 0xff, 0xff, 0xff, 0xff, 0xff, 0xff, 0xff, 0xff, 0xff, 0xff, 0xff, 0xff, 0xff,
  0xff, 0xff, 0xff, 0xff, 0xff, 0xff, 0xff, 0xff, 0xff, 0xff, 0xff, 0xff, 0xff, 0xff, 0xff, 0xff,
  0xff, 0xff, 0xff, 0xff, 0xff, 0xff, 0xff, 0xff, 0xff, 0xff, 0xff, 0xff, 0xff, 0xff, 0xff, 0xff,
  0xff, 0xff, 0xff, 0xff, 0xff, 0xff, 0xff, 0xff, 0xff, 0xff, 0xff, 0xff, 0xff, 0xff, 0xff, 0xff,
  0xff, 0xff, 0xff, 0xff, 0xff, 0xff, 0xff, 0xff, 0xff, 0xff, 0xff, 0xff, 0xff, 0xff, 0xff, 0xff,
  0xff, 0xff, 0xff, 0xff, 0xff, 0xff, 0xff, 0xff, 0xff, 0xff, 0xff, 0xff, 0xff, 0xff, 0xff, 0xff,
  0xff, 0xff, 0xff, 0xff, 0xff, 0xff, 0xff, 0xff, 0xff, 0xff, 0xff, 0xff, 0xff, 0xff, 0xff, 0xff,
  0xff, 0xff, 0xff, 0xff, 0xff, 0xff, 0xff, 0xff, 0xff, 0xff, 0xff, 0xff, 0xff, 0xff, 0xff, 0xff,
  0xff, 0xff, 0xff, 0xf9, 0xff, 0xff, 0xff, 0xff, 0xff, 0xff, 0xff, 0x7e, 0x00, 0x00, 0x00, 0x00,
  0x00, 0x00, 0x00, 0x00, 0xff, 0xff, 0xff, 0x7e, 0xff, 0xff, 0xff, 0xff, 0xff, 0xff, 0xff, 0xf9,
  0xff, 0xff, 0xff, 0xff, 0xff, 0xff, 0xff, 0xff, 0xff, 0xff, 0xff, 0xff, 0xff, 0xff, 0xff, 0xff,
  0xff, 0xff, 0xff, 0xff, 0xff, 0xff, 0xff, 0xff, 0xff, 0xff, 0xff, 0xff, 0xff, 0xff, 0xff, 0xff,
  0xff, 0xff, 0xff, 0xff, 0xff, 0xff, 0xff, 0xff, 0xff, 0xff, 0xff, 0xff, 0xff, 0xff, 0xff, 0xff,
  0xff, 0xff, 0xff, 0xff, 0xff, 0xff, 0xff, 0xff, 0xff, 0xff, 0xff, 0xff, 0xff, 0xff, 0xff, 0xff,
  0xff, 0xff, 0xff, 0xff, 0xff, 0xff, 0xff, 0xff, 0xff, 0xff, 0xff, 0xff, 0xff, 0xff, 0xff, 0xff,
  0xff, 0xff, 0xff, 0xff, 0xff, 0xff, 0xff, 0xff, 0xff, 0xff, 0xff, 0xff, 0xff, 0xff, 0xff, 0xff,
  0xff, 0xff, 0xff, 0xff, 0xff, 0xff, 0xff, 0xff, 0xff, 0xff, 0xff, 0xff, 0xff, 0xff, 0xff, 0xff,
  0xff, 0xff, 0xff, 0xff, 0xff, 0xff, 0xff, 0xff, 0xff, 0xff, 0xff, 0xff, 0xff, 0xff, 0xff, 0xff,
  0xff, 0xff, 0xff, 0xff, 0xff, 0xff, 0xff, 0xff, 0xff, 0xff, 0xff, 0xff, 0xff, 0xff, 0xff, 0xff,
  0xff, 0xff, 0xff, 0xff, 0xff, 0xff, 0xff, 0xff, 0xff, 0xff, 0xff, 0xff, 0xff, 0xff, 0xff, 0xff,
  0xff, 0xff, 0xff, 0xf9, 0xff, 0xff, 0xff, 0xff, 0xff, 0xff, 0xff, 0x7e, 0x00, 0x00, 0x00, 0x00,
  0x00, 0x00, 0x00, 0x00, 0xff, 0xff, 0xff, 0x7e, 0xff, 0xff, 0xff, 0xff, 0xff, 0xff, 0xff, 0xf9,
  0xff, 0xff, 0xff, 0xff, 0xff, 0xff, 0xff, 0xff, 0xff, 0xff, 0xff, 0xff, 0xff, 0xff, 0xff, 0xff,
  0xff, 0xff, 0xff, 0xff, 0xff, 0xff, 0xff, 0xff, 0xff, 0xff, 0xff, 0xff, 0xff, 0xff, 0xff, 0xff,
  0xff, 0xff, 0xff, 0xff, 0xff, 0xff, 0xff, 0xff, 0xff, 0xff, 0xff, 0xff, 0xff, 0xff, 0xff, 0xff,
  0xff, 0xff, 0xff, 0xff, 0xff, 0xff, 0xff, 0xff, 0xff, 0xff, 0xff, 0xff, 0xff, 0xff, 0xff, 0xff,
  0xff, 0xff, 0xff, 0xff, 0xff, 0xff, 0xff, 0xff, 0xff, 0xff, 0xff, 0xff, 0xff, 0xff, 0xff, 0xff,
  0xff, 0xff, 0xff, 0xff, 0xff, 0xff, 0xff, 0xff, 0xff, 0xff, 0xff, 0xff, 0xff, 0xff, 0xff, 0xff,
  0xff, 0xff, 0xff, 0xff, 0xff, 0xff, 0xff, 0xff, 0xff, 0xff, 0xff, 0xff, 0xff, 0xff, 0xff, 0xff,
  0xff, 0xff, 0xff, 0xff, 0xff, 0xff, 0xff, 0xff, 0xff, 0xff, 0xff, 0xff, 0xff, 0xff, 0xff, 0xff,
  0xff, 0xff, 0xff, 0xff, 0xff, 0xff, 0xff, 0xff, 0xff, 0xff, 0xff, 0xff, 0xff, 0xff, 0xff, 0xff,
  0xff, 0xff, 0xff, 0xff, 0xff, 0xff, 0xff, 0xff, 0xff, 0xff, 0xff, 0xff, 0xff, 0xff, 0xff, 0xff,
  0xff, 0xff, 0xff, 0xf9, 0xff, 0xff, 0xff, 0xff, 0xff, 0xff, 0xff, 0x7e, 0x00, 0x00, 0x00, 0x00,
  0x00, 0x00, 0x00, 0x00, 0xff, 0xff, 0xff, 0x7e, 0xff, 0xff, 0xff, 0xff, 0xff, 0xff, 0xff, 0xf9,
  0xff, 0xff, 0xff, 0xff, 0xff, 0xff, 0xff, 0xff, 0xff, 0xff, 0xff, 0xff, 0xff, 0xff, 0xff, 0xff,
  0xff, 0xff, 0xff, 0xff, 0xff, 0xff, 0xff, 0xff, 0xff, 0xff, 0xff, 0xff, 0xff, 0xff, 0xff, 0xff,
  0xff, 0xff, 0xff, 0xff, 0xff, 0xff, 0xff, 0xff, 0xff, 0xff, 0xff, 0xff, 0xff, 0xff, 0xff, 0xff,
  0xff, 0xff, 0xff, 0xff, 0xff, 0xff, 0xff, 0xff, 0xff, 0xff, 0xff, 0xff, 0xff, 0xff, 0xff, 0xff,
  0xff, 0xff, 0xff, 0xff, 0xff, 0xff, 0xff, 0xff, 0xff, 0xff, 0xff, 0xff, 0xff, 0xff, 0xff, 0xff,
  0xff, 0xff, 0xff, 0xff, 0xff, 0xff, 0xff, 0xff, 0xff, 0xff, 0xff, 0xff, 0xff, 0xff, 0xff, 0xff,
  0xff, 0xff, 0xff, 0xff, 0xff, 0xff, 0xff, 0xff, 0xff, 0xff, 0xff, 0xff, 0xff, 0xff, 0xff, 0xff,
  0xff, 0xff, 0xff, 0xff, 0xff, 0xff, 0xff, 0xff, 0xff, 0xff, 0xff, 0xff, 0xff, 0xff, 0xff, 0xff,
  0xff, 0xff, 0xff, 0xff, 0xff, 0xff, 0xff, 0xff, 0xff, 0xff, 0xff, 0xff, 0xff, 0xff, 0xff, 0xff,
  0xff, 0xff, 0xff, 0xff, 0xff, 0xff, 0xff, 0xff, 0xff, 0xff, 0xff, 0xff, 0xff, 0xff, 0xff, 0xff,
  0xff, 0xff, 0xff, 0xf9, 0xff, 0xff, 0xff, 0xff, 0xff, 0xff, 0xff, 0x7e, 0x00, 0x00, 0x00, 0x00,
  0x00, 0x00, 0x00, 0x00, 0xff, 0xff, 0xff, 0x7b, 0xff, 0xff, 0xff, 0xf9, 0xff, 0xff, 0xff, 0xf3,
  0xff, 0xff, 0xff, 0xf9, 0xff, 0xff, 0xff, 0xf9, 0xff, 0xff, 0xff, 0xf9, 0xff, 0xff, 0xff, 0xf9,
  0xff, 0xff, 0xff, 0xf9, 0xff, 0xff, 0xff, 0xf9, 0xff, 0xff, 0xff, 0xf9, 0xff, 0xff, 0xff, 0xf9,
  0xff, 0xff, 0xff, 0xf9, 0xff, 0xff, 0xff, 0xf9, 0xff, 0xff, 0xff, 0xf9, 0xff, 0xff, 0xff, 0xf9,
  0xff, 0xff, 0xff, 0xf9, 0xff, 0xff, 0xff, 0xf9, 0xff, 0xff, 0xff, 0xf9, 0xff, 0xff, 0xff, 0xf9,
  0xff, 0xff, 0xff, 0xf9, 0xff, 0xff, 0xff, 0xf9, 0xff, 0xff, 0xff, 0xf9, 0xff, 0xff, 0xff, 0xf9,
  0xff, 0xff, 0xff, 0xf9, 0xff, 0xff, 0xff, 0xf9, 0xff, 0xff, 0xff, 0xf9, 0xff, 0xff, 0xff, 0xf9,
  0xff, 0xff, 0xff, 0xf9, 0xff, 0xff, 0xff, 0xf9, 0xff, 0xff, 0xff, 0xf9, 0xff, 0xff, 0xff, 0xf9,
  0xff, 0xff, 0xff, 0xf9, 0xff, 0xff, 0xff, 0xf9, 0xff, 0xff, 0xff, 0xf9, 0xff, 0xff, 0xff, 0xf9,
  0xff, 0xff, 0xff, 0xf9, 0xff, 0xff, 0xff, 0xf9, 0xff, 0xff, 0xff, 0xf9, 0xff, 0xff, 0xff, 0xf9,
  0xff, 0xff, 0xff, 0xf9, 0xff, 0xff, 0xff, 0xf9, 0xff, 0xff, 0xff, 0xf9, 0xff, 0xff, 0xff, 0xf9,
  0xff, 0xff, 0xff, 0xf3, 0xff, 0xff, 0xff, 0xf9, 0xff, 0xff, 0xff, 0x7b, 0x00, 0x00, 0x00, 0x00,
  0x00, 0x00, 0x00, 0x00, 0xff, 0xff, 0xff, 0x8a, 0xff, 0xff, 0xff, 0xff, 0xff, 0xff, 0xff, 0xff,
  0xff, 0xff, 0xff, 0xff, 0xff, 0xff, 0xff, 0xff, 0xff, 0xff, 0xff, 0xff, 0xff, 0xff, 0xff, 0xff,
  0xff, 0xff, 0xff, 0xff, 0xff, 0xff, 0xff, 0xff, 0xff, 0xff, 0xff, 0xff, 0xff, 0xff, 0xff, 0xff,
  0xff, 0xff, 0xff, 0xff, 0xff, 0xff, 0xff, 0xff, 0xff, 0xff, 0xff, 0xff, 0xff, 0xff, 0xff, 0xff,
  0xff, 0xff, 0xff, 0xff, 0xff, 0xff, 0xff, 0xff, 0xff, 0xff, 0xff, 0xff, 0xff, 0xff, 0xff, 0xff,
  0xff, 0xff, 0xff, 0xff, 0xff, 0xff, 0xff, 0xff, 0xff, 0xff, 0xff, 0xff, 0xff, 0xff, 0xff, 0xff,
  0xff, 0xff, 0xff, 0xff, 0xff, 0xff, 0xff, 0xff, 0xff, 0xff, 0xff, 0xff, 0xff, 0xff, 0xff, 0xff,
  0xff, 0xff, 0xff, 0xff, 0xff, 0xff, 0xff, 0xff, 0xff, 0xff, 0xff, 0xff, 0xff, 0xff, 0xff, 0xff,
  0xff, 0xff, 0xff, 0xff, 0xff, 0xff, 0xff, 0xff, 0xff, 0xff, 0xff, 0xff, 0xff, 0xff, 0xff, 0xff,
  0xff, 0xff, 0xff, 0xff, 0xff, 0xff, 0xff, 0xff, 0xff, 0xff, 0xff, 0xff, 0xff, 0xff, 0xff, 0xff,
  0xff, 0xff, 0xff, 0xff, 0xff, 0xff, 0xff, 0xff, 0xff, 0xff, 0xff, 0xff, 0xff, 0xff, 0xff, 0xff,
  0xff, 0xff, 0xff, 0xff, 0xff, 0xff, 0xff, 0xff, 0xff, 0xff, 0xff, 0x8a, 0x00, 0x00, 0x00, 0x00,
  0x00, 0x00, 0x00, 0x00, 0xff, 0xff, 0xff, 0x3e, 0xff, 0xff, 0xff, 0x7e, 0xff, 0xff, 0xff, 0x7b,
  0xff, 0xff, 0xff, 0x7e, 0xff, 0xff, 0xff, 0x7e, 0xff, 0xff, 0xff, 0x7e, 0xff, 0xff, 0xff, 0x7e,
  0xff, 0xff, 0xff, 0x7e, 0xff, 0xff, 0xff, 0x7e, 0xff, 0xff, 0xff, 0x7e, 0xff, 0xff, 0xff, 0x7e,
  0xff, 0xff, 0xff, 0x7e, 0xff, 0xff, 0xff, 0x7e, 0xff, 0xff, 0xff, 0x7e, 0xff, 0xff, 0xff, 0x7e,
  0xff, 0xff, 0xff, 0x7e, 0xff, 0xff, 0xff, 0x7e, 0xff, 0xff, 0xff, 0x7e, 0xff, 0xff, 0xff, 0x7e,
  0xff, 0xff, 0xff, 0x7e, 0xff, 0xff, 0xff, 0x7e, 0xff, 0xff, 0xff, 0x7e, 0xff, 0xff, 0xff, 0x7e,
  0xff, 0xff, 0xff, 0x7e, 0xff, 0xff, 0xff, 0x7e, 0xff, 0xff, 0xff, 0x7e, 0xff, 0xff, 0xff, 0x7e,
  0xff, 0xff, 0xff, 0x7e, 0xff, 0xff, 0xff, 0x7e, 0xff, 0xff, 0xff, 0x7e, 0xff, 0xff, 0xff, 0x7e,
  0xff, 0xff, 0xff, 0x7e, 0xff, 0xff, 0xff, 0x7e, 0xff, 0xff, 0xff, 0x7e, 0xff, 0xff, 0xff, 0x7e,
  0xff, 0xff, 0xff, 0x7e, 0xff, 0xff, 0xff, 0x7e, 0xff, 0xff, 0xff, 0x7e, 0xff, 0xff, 0xff, 0x7e,
  0xff, 0xff, 0xff, 0x7e, 0xff, 0xff, 0xff, 0x7e, 0xff, 0xff, 0xff, 0x7e, 0xff, 0xff, 0xff, 0x7e,
  0xff, 0xff, 0xff, 0x7b, 0xff, 0xff, 0xff, 0x7e, 0xff, 0xff, 0xff, 0x3e, 0x00, 0x00, 0x00, 0x00,
  0x00, 0x00, 0x00, 0x00, 0x00, 0x00, 0x00, 0x00, 0x00, 0x00, 0x00, 0x00, 0x00, 0x00, 0x00, 0x00,
  0x00, 0x00, 0x00, 0x00, 0x00, 0x00, 0x00, 0x00, 0x00, 0x00, 0x00, 0x00, 0x00, 0x00, 0x00, 0x00,
  0x00, 0x00, 0x00, 0x00, 0x00, 0x00, 0x00, 0x00, 0x00, 0x00, 0x00, 0x00, 0x00, 0x00, 0x00, 0x00,
  0x00, 0x00, 0x00, 0x00, 0x00, 0x00, 0x00, 0x00, 0x00, 0x00, 0x00, 0x00, 0x00, 0x00, 0x00, 0x00,
  0x00, 0x00, 0x00, 0x00, 0x00, 0x00, 0x00, 0x00, 0x00, 0x00, 0x00, 0x00, 0x00, 0x00, 0x00, 0x00,
  0x00, 0x00, 0x00, 0x00, 0x00, 0x00, 0x00, 0x00, 0x00, 0x00, 0x00, 0x00, 0x00, 0x00, 0x00, 0x00,
  0x00, 0x00, 0x00, 0x00, 0x00, 0x00, 0x00, 0x00, 0x00, 0x00, 0x00, 0x00, 0x00, 0x00, 0x00, 0x00,
  0x00, 0x00, 0x00, 0x00, 0x00, 0x00, 0x00, 0x00, 0x00, 0x00, 0x00, 0x00, 0x00, 0x00, 0x00, 0x00,
  0x00, 0x00, 0x00, 0x00, 0x00, 0x00, 0x00, 0x00, 0x00, 0x00, 0x00, 0x00, 0x00, 0x00, 0x00, 0x00,
  0x00, 0x00, 0x00, 0x00, 0x00, 0x00, 0x00, 0x00, 0x00, 0x00, 0x00, 0x00, 0x00, 0x00, 0x00, 0x00,
  0x00, 0x00, 0x00, 0x00, 0x00, 0x00, 0x00, 0x00, 0x00, 0x00, 0x00, 0x00, 0x00, 0x00, 0x00, 0x00,
  0x00, 0x00, 0x00, 0x00, 0x00, 0x00, 0x00, 0x00, 0x00, 0x00, 0x00, 0x00, 0x00, 0x00, 0x00, 0x00,
  
};

const lv_image_dsc_t logo_HPE = {
  .header = { .magic = LV_IMAGE_HEADER_MAGIC, .cf = LV_COLOR_FORMAT_ARGB8888, .flags = 0, .w = 48, .h = 48, .stride = 192, .reserved_2 = 0 },
  .data_size = sizeof(logo_HPE_data),
  .data = logo_HPE_data,
  .reserved = nullptr,
};

static const LV_ATTRIBUTE_LARGE_CONST uint8_t logo_IBM_data[] = {
  0x00, 0x00, 0x00, 0x00, 0x00, 0x00, 0x00, 0x00, 0x00, 0x00, 0x00, 0x00, 0x00, 0x00, 0x00, 0x00,
  0x00, 0x00, 0x00, 0x00, 0x00, 0x00, 0x00, 0x00, 0x00, 0x00, 0x00, 0x00, 0x00, 0x00, 0x00, 0x00,
  0x00, 0x00, 0x00, 0x00, 0x00, 0x00, 0x00, 0x00, 0x00, 0x00, 0x00, 0x00, 0x00, 0x00, 0x00, 0x00,
  0x00, 0x00, 0x00, 0x00, 0x00, 0x00, 0x00, 0x00, 0x00, 0x00, 0x00, 0x00, 0x00, 0x00, 0x00, 0x00,
  0x00, 0x00, 0x00, 0x00, 0x00, 0x00, 0x00, 0x00, 0x00, 0x00, 0x00, 0x00, 0x00, 0x00, 0x00, 0x00,
  0x00, 0x00, 0x00, 0x00, 0x00, 0x00, 0x00, 0x00, 0x00, 0x00, 0x00, 0x00, 0x00, 0x00, 0x00, 0x00,
  0x00, 0x00, 0x00, 0x00, 0x00, 0x00, 0x00, 0x00, 0x00, 0x00, 0x00, 0x00, 0x00, 0x00, 0x00, 0x00,
  0x00, 0x00, 0x00, 0x00, 0x00, 0x00, 0x00, 0x00, 0x00, 0x00, 0x00, 0x00, 0x00, 0x00, 0x00, 0x00,
  0x00, 0x00, 0x00, 0x00, 0x00, 0x00, 0x00, 0x00, 0x00, 0x00, 0x00, 0x00, 0x00, 0x00, 0x00, 0x00,
  0x00, 0x00, 0x00, 0x00, 0x00, 0x00, 0x00, 0x00, 0x00, 0x00, 0x00, 0x00, 0x00, 0x00, 0x00, 0x00,
  0x00, 0x00, 0x00, 0x00, 0x00, 0x00, 0x00, 0x00, 0x00, 0x00, 0x00, 0x00, 0x00, 0x00, 0x00, 0x00,
  0x00, 0x00, 0x00, 0x00, 0x00, 0x00, 0x00, 0x00, 0x00, 0x00, 0x00, 0x00, 0x00, 0x00, 0x00, 0x00,
  0x00, 0x00, 0x00, 0x00, 0x00, 0x00, 0x00, 0x00, 0x00, 0x00, 0x00, 0x00, 0x00, 0x00, 0x00, 0x00,
  0x00, 0x00, 0x00, 0x00, 0x00, 0x00, 0x00, 0x00, 0x00, 0x00, 0x00, 0x00, 0x00, 0x00, 0x00, 0x00,
  0x00, 0x00, 0x00, 0x00, 0x00, 0x00, 0x00, 0x00, 0x00, 0x00, 0x00, 0x00, 0x00, 0x00, 0x00, 0x00,
  0x00, 0x00, 0x00, 0x00, 0x00, 0x00, 0x00, 0x00, 0x00, 0x00, 0x00, 0x00, 0x00, 0x00, 0x00, 0x00,
  0x00, 0x00, 0x00, 0x00, 0x00, 0x00, 0x00, 0x00, 0x00, 0x00, 0x00, 0x00, 0x00, 0x00, 0x00, 0x00,
  0x00, 0x00, 0x00, 0x00, 0x00, 0x00, 0x00, 0x00, 0x00, 0x00, 0x00, 0x00, 0x00, 0x00, 0x00, 0x00,
  0x00, 0x00, 0x00, 0x00, 0x00, 0x00, 0x00, 0x00, 0x00, 0x00, 0x00, 0x00, 0x00, 0x00, 0x00, 0x00,
  0x00, 0x00, 0x00, 0x00, 0x00, 0x00, 0x00, 0x00, 0x00, 0x00, 0x00, 0x00, 0x00, 0x00, 0x00, 0x00,
  0x00, 0x00, 0x00, 0x00, 0x00, 0x00, 0x00, 0x00, 0x00, 0x00, 0x00, 0x00, 0x00, 0x00, 0x00, 0x00,
  0x00, 0x00, 0x00, 0x00, 0x00, 0x00, 0x00, 0x00, 0x00, 0x00, 0x00, 0x00, 0x00, 0x00, 0x00, 0x00,
  0x00, 0x00, 0x00, 0x00, 0x00, 0x00, 0x00, 0x00, 0x00, 0x00, 0x00, 0x00, 0x00, 0x00, 0x00, 0x00,
  0x00, 0x00, 0x00, 0x00, 0x00, 0x00, 0x00, 0x00, 0x00, 0x00, 0x00, 0x00, 0x00, 0x00, 0x00, 0x00,
  0x00, 0x00, 0x00, 0x00, 0x00, 0x00, 0x00, 0x00, 0x00, 0x00, 0x00, 0x00, 0x00, 0x00, 0x00, 0x00,
  0x00, 0x00, 0x00, 0x00, 0x00, 0x00, 0x00, 0x00, 0x00, 0x00, 0x00, 0x00, 0x00, 0x00, 0x00, 0x00,
  0x00, 0x00, 0x00, 0x00, 0x00, 0x00, 0x00, 0x00, 0x00, 0x00, 0x00, 0x00, 0x00, 0x00, 0x00, 0x00,
  0x00, 0x00, 0x00, 0x00, 0x00, 0x00, 0x00, 0x00, 0x00, 0x00, 0x00, 0x00, 0x00, 0x00, 0x00, 0x00,
  0x00, 0x00, 0x00, 0x01, 0x7f, 0x7f, 0x7f, 0x02, 0x7f, 0x7f, 0x7f, 0x02, 0x00, 0x00, 0x00, 0x01,
  0x00, 0x00, 0x00, 0x00, 0x00, 0x00, 0x00, 0x00, 0x00, 0x00, 0x00, 0x00, 0x00, 0x00, 0x00, 0x00,
  0x00, 0x00, 0x00, 0x00, 0x00, 0x00, 0x00, 0x00, 0x00, 0x00, 0x00, 0x00, 0x00, 0x00, 0x00, 0x00,
  0x00, 0x00, 0x00, 0x01, 0x7f, 0x7f, 0x7f, 0x02, 0x7f, 0x7f, 0x7f, 0x02, 0x00, 0x00, 0x00, 0x01,
  0x00, 0x00, 0x00, 0x00, 0x00, 0x00, 0x00, 0x00, 0x00, 0x00, 0x00, 0x00, 0x00, 0x00, 0x00, 0x00,
  0x00, 0x00, 0x00, 0x00, 0x00, 0x00, 0x00, 0x00, 0x00, 0x00, 0x00, 0x00, 0x00, 0x00, 0x00, 0x00,
  0x00, 0x00, 0x00, 0x00, 0x00, 0x00, 0x00, 0x00, 0x00, 0x00, 0x00, 0x00, 0x00, 0x00, 0x00, 0x00,
  0x00, 0x00, 0x00, 0x00, 0x00, 0x00, 0x00, 0x00, 0x00, 0x00, 0x00, 0x00, 0x00, 0x00, 0x00, 0x00,
  0x00, 0x00, 0x00, 0x00, 0x00, 0x00, 0x00, 0x00, 0x00, 0x00, 0x00, 0x00, 0x00, 0x00, 0x00, 0x00,
  0x00, 0x00, 0x00, 0x00, 0x00, 0x00, 0x00, 0x00, 0x00, 0x00, 0x00, 0x00, 0x00, 0x00, 0x00, 0x00,
  0x00, 0x00, 0x00, 0x00, 0x00, 0x00, 0x00, 0x00, 0x00, 0x00, 0x00, 0x00, 0x00, 0x00, 0x00, 0x00,
  0x00, 0x00, 0x00, 0x00, 0x00, 0x00, 0x00, 0x00, 0x00, 0x00, 0x00, 0x00, 0x00, 0x00, 0x00, 0x00,
  0x00, 0x00, 0x00, 0x00, 0x00, 0x00, 0x00, 0x00, 0x00, 0x00, 0x00, 0x00, 0x00, 0x00, 0x00, 0x00,
  0x00, 0x00, 0x00, 0x01, 0x00, 0x00, 0x00, 0x00, 0x00, 0x00, 0x00, 0x00, 0x00, 0x00, 0x00, 0x00,
  0x00, 0x00, 0x00, 0x00, 0x00, 0x00, 0x00, 0x00, 0x00, 0x00, 0x00, 0x00, 0x00, 0x00, 0x00, 0x01,
  0x00, 0x00, 0x00, 0x00, 0x00, 0x00, 0x00, 0x00, 0x00, 0x00, 0x00, 0x00, 0x00, 0x00, 0x00, 0x00,
  0x00, 0x00, 0x00, 0x00, 0x00, 0x00, 0x00, 0x00, 0x00, 0x00, 0x00, 0x00, 0x00, 0x00, 0x00, 0x00,
  0x00, 0x00, 0x00, 0x00, 0x00, 0x00, 0x00, 0x00, 0x00, 0x00, 0x00, 0x00, 0x00, 0x00, 0x00, 0x00,
  0x00, 0x00, 0x00, 0x00, 0x00, 0x00, 0x00, 0x00, 0x00, 0x00, 0x00, 0x00, 0x00, 0x00, 0x00, 0x00,
  0x00, 0x00, 0x00, 0x00, 0x00, 0x00, 0x00, 0x00, 0x00, 0x00, 0x00, 0x00, 0x00, 0x00, 0x00, 0x00,
  0x00, 0x00, 0x00, 0x00, 0x00, 0x00, 0x00, 0x00, 0x00, 0x00, 0x00, 0x00, 0x00, 0x00, 0x00, 0x00,
  0x00, 0x00, 0x00, 0x00, 0x00, 0x00, 0x00, 0x00, 0x00, 0x00, 0x00, 0x00, 0x00, 0x00, 0x00, 0x00,
  0x00, 0x00, 0x00, 0x00, 0x00, 0x00, 0x00, 0x00, 0x00, 0x00, 0x00, 0x00, 0x00, 0x00, 0x00, 0x00,
  0x00, 0x00, 0x00, 0x00, 0x00, 0x00, 0x00, 0x01, 0x00, 0x00, 0x00, 0x00, 0x00, 0x00, 0x00, 0x02,
  0x35, 0x2a, 0x2a, 0x18, 0x3c, 0x3c, 0x34, 0x22, 0x39, 0x31, 0x39, 0x1f, 0x15, 0x15, 0x15, 0x0c,
  0x00, 0x00, 0x00, 0x00, 0x01, 0x00, 0x00, 0x00, 0x00, 0x00, 0x00, 0x00, 0x00, 0x00, 0x00, 0x00,
  0x00, 0x00, 0x00, 0x00, 0x00, 0x00, 0x00, 0x00, 0x01, 0x00, 0x00, 0x00, 0x00, 0x00, 0x00, 0x00,
  0x15, 0x15, 0x15, 0x0c, 0x39, 0x31, 0x39, 0x1f, 0x3d, 0x3d, 0x36, 0x21, 0x35, 0x2a, 0x2a, 0x18,
  0x00, 0x00, 0x00, 0x02, 0x00, 0x00, 0x00, 0x00, 0x00, 0x00, 0x00, 0x01, 0x00, 0x00, 0x00, 0x00,
  0x00, 0x00, 0x00, 0x00, 0x00, 0x00, 0x00, 0x00, 0x00, 0x00, 0x00, 0x00, 0x00, 0x00, 0x00, 0x00,
  0x00, 0x00, 0x00, 0x00, 0x00, 0x00, 0x00, 0x00, 0x00, 0x00, 0x00, 0x00, 0x00, 0x00, 0x00, 0x00,
  0x00, 0x00, 0x00, 0x00, 0x00, 0x00, 0x00, 0x00, 0x00, 0x00, 0x00, 0x00, 0x00, 0x00, 0x00, 0x00,
  0x00, 0x00, 0x00, 0x00, 0x00, 0x00, 0x00, 0x00, 0x00, 0x00, 0x00, 0x00, 0x00, 0x00, 0x00, 0x00,
  0x00, 0x00, 0x00, 0x00, 0x00, 0x00, 0x00, 0x00, 0x00, 0x00, 0x00, 0x00, 0x00, 0x00, 0x00, 0x00,
  0x00, 0x00, 0x00, 0x00, 0x00, 0x00, 0x00, 0x00, 0x00, 0x00, 0x00, 0x00, 0x00, 0x00, 0x00, 0x00,
  0x00, 0x00, 0x00, 0x00, 0x00, 0x00, 0x00, 0x00, 0x00, 0x00, 0x00, 0x0a, 0x45, 0x3c, 0x3c, 0x37,
  0x6a, 0x63, 0x5d, 0x7d, 0x77, 0x6f, 0x6a, 0xa0, 0x72, 0x6c, 0x68, 0x97, 0x58, 0x55, 0x53, 0x59,
  0x23, 0x1a, 0x1a, 0x1d, 0x00, 0x00, 0x00, 0x01, 0x00, 0x00, 0x00, 0x00, 0x00, 0x00, 0x00, 0x00,
  0x00, 0x00, 0x00, 0x00, 0x00, 0x00, 0x00, 0x00, 0x00, 0x00, 0x00, 0x01, 0x23, 0x1a, 0x1a, 0x1d,
  0x5a, 0x57, 0x52, 0x5a, 0x73, 0x6c, 0x69, 0x96, 0x77, 0x6f, 0x6a, 0xa0, 0x68, 0x64, 0x5e, 0x7c,
  0x45, 0x3c, 0x3c, 0x37, 0x00, 0x00, 0x00, 0x0a, 0x00, 0x00, 0x00, 0x00, 0x00, 0x00, 0x00, 0x00,
  0x00, 0x00, 0x00, 0x00, 0x00, 0x00, 0x00, 0x00, 0x00, 0x00, 0x00, 0x00, 0x00, 0x00, 0x00, 0x00,
  0x00, 0x00, 0x00, 0x00, 0x00, 0x00, 0x00, 0x00, 0x00, 0x00, 0x00, 0x00, 0x00, 0x00, 0x00, 0x00,
  0x00, 0x00, 0x00, 0x00, 0x00, 0x00, 0x00, 0x00, 0x00, 0x00, 0x00, 0x00, 0x00, 0x00, 0x00, 0x00,
  0x00, 0x00, 0x00, 0x00, 0x00, 0x00, 0x00, 0x00, 0x00, 0x00, 0x00, 0x00, 0x00, 0x00, 0x00, 0x00,
  0x00, 0x00, 0x00, 0x00, 0x00, 0x00, 0x00, 0x00, 0x00, 0x00, 0x00, 0x00, 0x00, 0x00, 0x00, 0x00,
  0x00, 0x00, 0x00, 0x00, 0x00, 0x00, 0x00, 0x00, 0x00, 0x00, 0x00, 0x00, 0x00, 0x00, 0x00, 0x01,
  0x01, 0x00, 0x01, 0x00, 0x00, 0x00, 0x00, 0x0b, 0x7b, 0x74, 0x6f, 0x90, 0x99, 0x8f, 0x89, 0xe4,
  0x8e, 0x85, 0x80, 0xeb, 0x8d, 0x85, 0x80, 0xe5, 0x8b, 0x82, 0x7e, 0xe8, 0x96, 0x8c, 0x86, 0xef,
  0x8f, 0x86, 0x80, 0xc3, 0x50, 0x48, 0x48, 0x3c, 0x00, 0x00, 0x00, 0x00, 0x00, 0x00, 0x00, 0x01,
  0x00, 0x00, 0x00, 0x01, 0x00, 0x00, 0x00, 0x00, 0x4f, 0x4b, 0x47, 0x3d, 0x8f, 0x86, 0x80, 0xc3,
  0x95, 0x8c, 0x86, 0xef, 0x8c, 0x83, 0x7e, 0xe9, 0x8d, 0x85, 0x7f, 0xe6, 0x8d, 0x85, 0x7f, 0xec,
  0x98, 0x8f, 0x89, 0xe3, 0x7c, 0x73, 0x6e, 0x8f, 0x00, 0x00, 0x00, 0x0b, 0x00, 0x01, 0x00, 0x00,
  0x00, 0x00, 0x00, 0x01, 0x00, 0x00, 0x00, 0x00, 0x00, 0x00, 0x00, 0x00, 0x00, 0x00, 0x00, 0x00,
  0x00, 0x00, 0x00, 0x00, 0x00, 0x00, 0x00, 0x00, 0x00, 0x00, 0x00, 0x00, 0x00, 0x00, 0x00, 0x00,
  0x00, 0x00, 0x00, 0x00, 0x00, 0x00, 0x00, 0x00, 0x00, 0x00, 0x00, 0x00, 0x00, 0x00, 0x00, 0x00,
  0x00, 0x00, 0x00, 0x00, 0x00, 0x00, 0x00, 0x00, 0x00, 0x00, 0x00, 0x00, 0x00, 0x00, 0x00, 0x00,
  0x00, 0x00, 0x00, 0x00, 0x00, 0x00, 0x00, 0x00, 0x00, 0x00, 0x00, 0x00, 0x00, 0x00, 0x00, 0x00,
  0x00, 0x00, 0x00, 0x00, 0x00, 0x00, 0x00, 0x00, 0x00, 0x00, 0x00, 0x01, 0xff, 0xff, 0xff, 0x01,
  0x00, 0x00, 0x00, 0x02, 0x61, 0x5c, 0x57, 0x63, 0x9a, 0x92, 0x8c, 0xfd, 0x9a, 0x91, 0x8a, 0xe2,
  0x6b, 0x61, 0x61, 0x66, 0x4f, 0x49, 0x49, 0x2d, 0x55, 0x55, 0x50, 0x39, 0x84, 0x7d, 0x78, 0xa3,
  0xac, 0xa0, 0x99, 0xff, 0x86, 0x7e, 0x78, 0xc1, 0x31, 0x29, 0x29, 0x1f, 0x01, 0x01, 0x01, 0x00,
  0x01, 0x01, 0x00, 0x00, 0x2f, 0x2f, 0x27, 0x20, 0x88, 0x7e, 0x7a, 0xc3, 0xac, 0xa1, 0x99, 0xff,
  0x84, 0x7d, 0x78, 0xa3, 0x55, 0x55, 0x50, 0x39, 0x4d, 0x48, 0x48, 0x2e, 0x6a, 0x63, 0x5e, 0x69,
  0x9a, 0x91, 0x8a, 0xe4, 0x99, 0x90, 0x89, 0xfc, 0x61, 0x59, 0x56, 0x61, 0x00, 0x00, 0x00, 0x02,
  0xff, 0xff, 0xff, 0x01, 0x00, 0x00, 0x00, 0x01, 0x00, 0x00, 0x00, 0x00, 0x00, 0x00, 0x00, 0x00,
  0x00, 0x00, 0x00, 0x00, 0x00, 0x00, 0x00, 0x00, 0x00, 0x00, 0x00, 0x00, 0x00, 0x00, 0x00, 0x00,
  0x00, 0x00, 0x00, 0x00, 0x00, 0x00, 0x00, 0x00, 0x00, 0x00, 0x00, 0x00, 0x00, 0x00, 0x00, 0x00,
  0x00, 0x00, 0x00, 0x00, 0x00, 0x00, 0x00, 0x00, 0x00, 0x00, 0x00, 0x00, 0x00, 0x00, 0x00, 0x00,
  0x00, 0x00, 0x00, 0x00, 0x00, 0x00, 0x00, 0x00, 0x00, 0x00, 0x00, 0x00, 0x00, 0x00, 0x00, 0x00,
  0x00, 0x00, 0x00, 0x00, 0x00, 0x00, 0x00, 0x00, 0xff, 0x00, 0x00, 0x01, 0x00, 0x00, 0x00, 0x00,
  0x0f, 0x0f, 0x0f, 0x11, 0x88, 0x7f, 0x7a, 0xbc, 0xa1, 0x96, 0x91, 0xff, 0x61, 0x5c, 0x57, 0x69,
  0x00, 0x00, 0x00, 0x00, 0x00, 0x00, 0x00, 0x00, 0x00, 0x00, 0x00, 0x00, 0x08, 0x00, 0x08, 0x1d,
  0x8a, 0x82, 0x7b, 0xca, 0x9e, 0x94, 0x8e, 0xff, 0x65, 0x59, 0x56, 0x58, 0x00, 0x00, 0x00, 0x00,
  0x00, 0x00, 0x00, 0x00, 0x66, 0x60, 0x57, 0x5a, 0x9f, 0x95, 0x8e, 0xff, 0x89, 0x82, 0x7b, 0xca,
  0x08, 0x00, 0x08, 0x1e, 0x00, 0x00, 0x00, 0x00, 0x00, 0x00, 0x00, 0x00, 0x00, 0x00, 0x00, 0x00,
  0x63, 0x5c, 0x57, 0x6c, 0xa0, 0x95, 0x8f, 0xff, 0x85, 0x7d, 0x79, 0xbb, 0x0f, 0x0f, 0x0f, 0x10,
  0x00, 0x00, 0x00, 0x00, 0xff, 0x00, 0x00, 0x01, 0x00, 0x00, 0x00, 0x00, 0x00, 0x00, 0x00, 0x00,
  0x00, 0x00, 0x00, 0x00, 0x00, 0x00, 0x00, 0x00, 0x00, 0x00, 0x00, 0x00, 0x00, 0x00, 0x00, 0x00,
  0x00, 0x00, 0x00, 0x00, 0x00, 0x00, 0x00, 0x00, 0x00, 0x00, 0x00, 0x00, 0x00, 0x00, 0x00, 0x00,
  0x00, 0x00, 0x00, 0x00, 0x00, 0x00, 0x00, 0x00, 0x00, 0x00, 0x00, 0x00, 0x00, 0x00, 0x00, 0x00,
  0x00, 0x00, 0x00, 0x00, 0x00, 0x00, 0x00, 0x00, 0x00, 0x00, 0x00, 0x00, 0x00, 0x00, 0x00, 0x00,
  0x00, 0x00, 0x00, 0x00, 0x00, 0x00, 0x00, 0x00, 0xff, 0xff, 0xff, 0x01, 0x00, 0x00, 0x00, 0x00,
  0x1e, 0x1e, 0x1e, 0x19, 0x92, 0x88, 0x83, 0xcc, 0xa2, 0x97, 0x93, 0xfe, 0x55, 0x51, 0x51, 0x42,
  0xaa, 0xaa, 0xaa, 0x03, 0x48, 0x48, 0x48, 0x07, 0xbf, 0xbf, 0xbf, 0x04, 0x1c, 0x1c, 0x1c, 0x09,
  0x84, 0x7a, 0x76, 0xa8, 0xa5, 0x9b, 0x95, 0xfe, 0x72, 0x6b, 0x66, 0x6b, 0x00, 0x00, 0x00, 0x00,
  0x00, 0x00, 0x00, 0x00, 0x72, 0x6b, 0x66, 0x6d, 0xa4, 0x9b, 0x94, 0xfe, 0x84, 0x7a, 0x77, 0xa6,
  0x1c, 0x1c, 0x1c, 0x09, 0xbf, 0xbf, 0xbf, 0x04, 0x48, 0x48, 0x48, 0x07, 0xaa, 0xaa, 0xaa, 0x03,
  0x55, 0x51, 0x4d, 0x42, 0xa3, 0x98, 0x93, 0xfe, 0x8f, 0x87, 0x81, 0xcb, 0x15, 0x15, 0x15, 0x18,
  0x00, 0x00, 0x00, 0x00, 0xff, 0xff, 0xff, 0x01, 0x00, 0x00, 0x00, 0x00, 0x00, 0x00, 0x00, 0x00,
  0x00, 0x00, 0x00, 0x00, 0x00, 0x00, 0x00, 0x00, 0x00, 0x00, 0x00, 0x00, 0x00, 0x00, 0x00, 0x00,
  0x00, 0x00, 0x00, 0x00, 0x00, 0x00, 0x00, 0x00, 0x00, 0x00, 0x00, 0x00, 0x00, 0x00, 0x00, 0x00,
  0x00, 0x00, 0x00, 0x00, 0x00, 0x00, 0x00, 0x00, 0x00, 0x00, 0x00, 0x00, 0x00, 0x00, 0x00, 0x00,
  0x00, 0x00, 0x00, 0x00, 0x00, 0x00, 0x00, 0x00, 0x00, 0x00, 0x00, 0x00, 0x00, 0x00, 0x00, 0x00,
  0x00, 0x00, 0x00, 0x00, 0x00, 0x00, 0x00, 0x00, 0x00, 0xff, 0xff, 0x01, 0x01, 0x01, 0x01, 0x00,
  0x0f, 0x0f, 0x0f, 0x10, 0x8a, 0x81, 0x7c, 0xbf, 0xa5, 0x9b, 0x95, 0xff, 0x5f, 0x5d, 0x57, 0x5d,
  0x00, 0x00, 0x00, 0x00, 0x01, 0x00, 0x00, 0x00, 0x00, 0x00, 0x00, 0x00, 0x00, 0x00, 0x00, 0x13,
  0x90, 0x88, 0x81, 0xce, 0xa4, 0x99, 0x93, 0xff, 0x64, 0x5f, 0x5c, 0x5b, 0x00, 0x00, 0x00, 0x00,
  0x00, 0x00, 0x00, 0x00, 0x66, 0x5e, 0x5e, 0x5c, 0xa5, 0x99, 0x94, 0xff, 0x90, 0x87, 0x81, 0xcf,
  0x00, 0x00, 0x00, 0x13, 0x00, 0x00, 0x00, 0x00, 0x01, 0x00, 0x00, 0x00, 0x00, 0x00, 0x00, 0x00,
  0x62, 0x5d, 0x57, 0x5d, 0xa5, 0x9b, 0x95, 0xff, 0x89, 0x81, 0x7d, 0xbf, 0x0f, 0x0f, 0x0f, 0x10,
  0x01, 0x01, 0x01, 0x00, 0x00, 0xff, 0xff, 0x01, 0x00, 0x00, 0x00, 0x00, 0x00, 0x00, 0x00, 0x00,
  0x00, 0x00, 0x00, 0x00, 0x00, 0x00, 0x00, 0x00, 0x00, 0x00, 0x00, 0x00, 0x00, 0x00, 0x00, 0x00,
  0x00, 0x00, 0x00, 0x00, 0x00, 0x00, 0x00, 0x00, 0x00, 0x00, 0x00, 0x00, 0x00, 0x00, 0x00, 0x00,
  0x00, 0x00, 0x00, 0x00, 0x00, 0x00, 0x00, 0x00, 0x00, 0x00, 0x00, 0x00, 0x00, 0x00, 0x00, 0x00,
  0x00, 0x00, 0x00, 0x00, 0x00, 0x00, 0x00, 0x00, 0x00, 0x00, 0x00, 0x00, 0x00, 0x00, 0x00, 0x00,
  0x00, 0x00, 0x00, 0x00, 0x00, 0x00, 0x00, 0x00, 0x00, 0x00, 0x00, 0x00, 0xff, 0xff, 0xff, 0x01,
  0x00, 0x00, 0x00, 0x01, 0x65, 0x60, 0x5c, 0x6c, 0x9a, 0x90, 0x8a, 0xfa, 0x8f, 0x85, 0x82, 0xcc,
  0x57, 0x50, 0x50, 0x4c, 0x29, 0x29, 0x20, 0x1f, 0x37, 0x31, 0x37, 0x2e, 0x71, 0x6e, 0x68, 0x84,
  0x9b, 0x92, 0x8b, 0xfe, 0x8a, 0x81, 0x7a, 0xc3, 0x3a, 0x34, 0x2d, 0x27, 0x00, 0x00, 0x00, 0x00,
  0x00, 0x00, 0x00, 0x00, 0x39, 0x33, 0x33, 0x28, 0x89, 0x80, 0x7b, 0xc4, 0x9b, 0x92, 0x8b, 0xfe,
  0x72, 0x6d, 0x67, 0x83, 0x38, 0x33, 0x33, 0x2d, 0x27, 0x27, 0x1f, 0x20, 0x59, 0x52, 0x4f, 0x4d,
  0x8e, 0x86, 0x80, 0xce, 0x9a, 0x90, 0x8a, 0xf9, 0x66, 0x5f, 0x5c, 0x6b, 0x00, 0x00, 0x00, 0x01,
  0xff, 0xff, 0xff, 0x01, 0x00, 0x00, 0x00, 0x00, 0x00, 0x00, 0x00, 0x00, 0x00, 0x00, 0x00, 0x00,
  0x00, 0x00, 0x00, 0x00, 0x00, 0x00, 0x00, 0x00, 0x00, 0x00, 0x00, 0x00, 0x00, 0x00, 0x00, 0x00,
  0x00, 0x00, 0x00, 0x00, 0x00, 0x00, 0x00, 0x00, 0x00, 0x00, 0x00, 0x00, 0x00, 0x00, 0x00, 0x00,
  0x00, 0x00, 0x00, 0x00, 0x00, 0x00, 0x00, 0x00, 0x00, 0x00, 0x00, 0x00, 0x00, 0x00, 0x00, 0x00,
  0x00, 0x00, 0x00, 0x00, 0x00, 0x00, 0x00, 0x00, 0x00, 0x00, 0x00, 0x00, 0x00, 0x00, 0x00, 0x00,
  0x00, 0x00, 0x00, 0x00, 0x00, 0x00, 0x00, 0x00, 0x00, 0x00, 0x00, 0x00, 0x00, 0x00, 0x00, 0x01,
  0x00, 0x00, 0x00, 0x00, 0x0e, 0x0e, 0x0e, 0x12, 0x76, 0x6f, 0x6a, 0x95, 0xa0, 0x95, 0x8f, 0xff,
  0x9e, 0x94, 0x8e, 0xfd, 0x8d, 0x84, 0x7e, 0xce, 0x96, 0x8c, 0x87, 0xe6, 0xac, 0xa2, 0x9a, 0xff,
  0x8a, 0x83, 0x7b, 0xd4, 0x52, 0x4b, 0x47, 0x47, 0x00, 0x00, 0x00, 0x04, 0x00, 0x00, 0x00, 0x00,
  0x00, 0x00, 0x00, 0x00, 0x00, 0x00, 0x00, 0x04, 0x50, 0x4c, 0x45, 0x49, 0x8a, 0x81, 0x7b, 0xd6,
  0xac, 0xa1, 0x9a, 0xff, 0x96, 0x8d, 0x85, 0xe5, 0x8d, 0x84, 0x7e, 0xce, 0x9f, 0x95, 0x8e, 0xfd,
  0x9e, 0x96, 0x8f, 0xfe, 0x74, 0x6d, 0x69, 0x93, 0x00, 0x00, 0x0f, 0x11, 0x00, 0x00, 0x00, 0x00,
  0x00, 0x00, 0x00, 0x01, 0x00, 0x00, 0x00, 0x00, 0x00, 0x00, 0x00, 0x00, 0x00, 0x00, 0x00, 0x00,
  0x00, 0x00, 0x00, 0x00, 0x00, 0x00, 0x00, 0x00, 0x00, 0x00, 0x00, 0x00, 0x00, 0x00, 0x00, 0x00,
  0x00, 0x00, 0x00, 0x00, 0x00, 0x00, 0x00, 0x00, 0x00, 0x00, 0x00, 0x00, 0x00, 0x00, 0x00, 0x00,
  0x00, 0x00, 0x00, 0x00, 0x00, 0x00, 0x00, 0x00, 0x00, 0x00, 0x00, 0x00, 0x00, 0x00, 0x00, 0x00,
  0x00, 0x00, 0x00, 0x00, 0x00, 0x00, 0x00, 0x00, 0x00, 0x00, 0x00, 0x00, 0x00, 0x00, 0x00, 0x00,
  0x00, 0x00, 0x00, 0x00, 0x00, 0x00, 0x00, 0x00, 0x00, 0x00, 0x00, 0x00, 0x00, 0x00, 0x00, 0x00,
  0x00, 0x00, 0x00, 0x00, 0x00, 0x00, 0x00, 0x00, 0x1e, 0x1e, 0x1e, 0x19, 0x73, 0x6c, 0x68, 0x84,
  0x96, 0x8d, 0x88, 0xd7, 0x95, 0x8d, 0x86, 0xeb, 0x99, 0x8f, 0x89, 0xe6, 0x89, 0x81, 0x7a, 0xbd,
  0x56, 0x4f, 0x4f, 0x4a, 0x00, 0x00, 0x00, 0x03, 0xff, 0xff, 0xff, 0x01, 0x7f, 0x7f, 0x7f, 0x02,
  0x7f, 0x7f, 0x7f, 0x02, 0xff, 0xff, 0xff, 0x01, 0x00, 0x00, 0x00, 0x04, 0x57, 0x53, 0x4d, 0x4c,
  0x88, 0x80, 0x7b, 0xbe, 0x97, 0x8f, 0x89, 0xe6, 0x95, 0x8d, 0x86, 0xeb, 0x96, 0x8d, 0x88, 0xd7,
  0x72, 0x6d, 0x69, 0x83, 0x16, 0x21, 0x16, 0x17, 0x00, 0x00, 0x00, 0x00, 0x00, 0x00, 0x00, 0x00,
  0x00, 0x00, 0x00, 0x00, 0x00, 0x00, 0x00, 0x00, 0x00, 0x00, 0x00, 0x00, 0x00, 0x00, 0x00, 0x00,
  0x00, 0x00, 0x00, 0x00, 0x00, 0x00, 0x00, 0x00, 0x00, 0x00, 0x00, 0x00, 0x00, 0x00, 0x00, 0x00,
  0x00, 0x00, 0x00, 0x00, 0x00, 0x00, 0x00, 0x00, 0x00, 0x00, 0x00, 0x00, 0x00, 0x00, 0x00, 0x00,
  0x00, 0x00, 0x00, 0x00, 0x00, 0x00, 0x00, 0x00, 0x00, 0x00, 0x00, 0x00, 0x00, 0x00, 0x00, 0x00,
  0x00, 0x00, 0x00, 0x00, 0x00, 0x00, 0x00, 0x00, 0x00, 0x00, 0x00, 0x00, 0x00, 0x00, 0x00, 0x00,
  0x00, 0x00, 0x00, 0x00, 0x00, 0x00, 0x00, 0x00, 0x00, 0x00, 0x00, 0x00, 0x00, 0x00, 0x00, 0x00,
  0x00, 0x00, 0x00, 0x00, 0x00, 0x00, 0x00, 0x01, 0x00, 0x00, 0x00, 0x00, 0x00, 0x00, 0x00, 0x07,
  0x2e, 0x2e, 0x2e, 0x21, 0x51, 0x47, 0x47, 0x32, 0x49, 0x44, 0x44, 0x2d, 0x0c, 0x0c, 0x0c, 0x15,
  0x00, 0x00, 0x00, 0x00, 0x01, 0x01, 0x01, 0x00, 0x00, 0x00, 0x00, 0x00, 0x00, 0x00, 0x00, 0x00,
  0x00, 0x00, 0x00, 0x00, 0x00, 0x00, 0x00, 0x00, 0x01, 0x01, 0x01, 0x00, 0x00, 0x00, 0x00, 0x00,
  0x0c, 0x0c, 0x0c, 0x14, 0x49, 0x44, 0x44, 0x2d, 0x53, 0x48, 0x48, 0x31, 0x2e, 0x2e, 0x2e, 0x21,
  0x00, 0x00, 0x00, 0x07, 0x00, 0x00, 0x00, 0x00, 0x00, 0x00, 0x00, 0x00, 0x00, 0x00, 0x00, 0x00,
  0x00, 0x00, 0x00, 0x00, 0x00, 0x00, 0x00, 0x00, 0x00, 0x00, 0x00, 0x00, 0x00, 0x00, 0x00, 0x00,
  0x00, 0x00, 0x00, 0x00, 0x00, 0x00, 0x00, 0x00, 0x00, 0x00, 0x00, 0x00, 0x00, 0x00, 0x00, 0x00,
  0x00, 0x00, 0x00, 0x00, 0x00, 0x00, 0x00, 0x00, 0x00, 0x00, 0x00, 0x00, 0x00, 0x00, 0x00, 0x00,
  0x00, 0x00, 0x00, 0x00, 0x00, 0x00, 0x00, 0x00, 0x00, 0x00, 0x00, 0x00, 0x00, 0x00, 0x00, 0x00,
  0x00, 0x00, 0x00, 0x00, 0x00, 0x00, 0x00, 0x00, 0x00, 0x00, 0x00, 0x00, 0x00, 0x00, 0x00, 0x00,
  0x00, 0x00, 0x00, 0x00, 0x00, 0x00, 0x00, 0x00, 0x00, 0x00, 0x00, 0x00, 0x00, 0x00, 0x00, 0x00,
  0x00, 0x00, 0x00, 0x00, 0x00, 0x00, 0x00, 0x00, 0x00, 0x00, 0x00, 0x01, 0x01, 0x01, 0x01, 0x00,
  0x00, 0x00, 0x00, 0x00, 0x00, 0x00, 0x00, 0x00, 0x00, 0x00, 0x00, 0x00, 0x00, 0x00, 0x00, 0x00,
  0x00, 0x00, 0x00, 0x00, 0x00, 0x00, 0x00, 0x0a, 0x2b, 0x23, 0x23, 0x1d, 0x3f, 0x39, 0x39, 0x28,
  0x3f, 0x3f, 0x39, 0x28, 0x23, 0x23, 0x23, 0x1d, 0x00, 0x00, 0x00, 0x09, 0x00, 0x00, 0x00, 0x00,
  0x01, 0x00, 0x00, 0x00, 0x00, 0x00, 0x00, 0x00, 0x00, 0x00, 0x00, 0x00, 0x00, 0x00, 0x00, 0x00,
  0x01, 0x01, 0x01, 0x00, 0x00, 0x00, 0x00, 0x01, 0x00, 0x00, 0x00, 0x00, 0x00, 0x00, 0x00, 0x00,
  0x00, 0x00, 0x00, 0x00, 0x00, 0x00, 0x00, 0x00, 0x00, 0x00, 0x00, 0x00, 0x00, 0x00, 0x00, 0x00,
  0x00, 0x00, 0x00, 0x00, 0x00, 0x00, 0x00, 0x00, 0x00, 0x00, 0x00, 0x00, 0x00, 0x00, 0x00, 0x00,
  0x00, 0x00, 0x00, 0x00, 0x00, 0x00, 0x00, 0x00, 0x00, 0x00, 0x00, 0x00, 0x00, 0x00, 0x00, 0x00,
  0x00, 0x00, 0x00, 0x00, 0x00, 0x00, 0x00, 0x00, 0x00, 0x00, 0x00, 0x00, 0x00, 0x00, 0x00, 0x00,
  0x00, 0x00, 0x00, 0x00, 0x00, 0x00, 0x00, 0x00, 0x00, 0x00, 0x00, 0x00, 0x00, 0x00, 0x00, 0x00,
  0x00, 0x00, 0x00, 0x00, 0x00, 0x00, 0x00, 0x00, 0x00, 0x00, 0x00, 0x00, 0x00, 0x00, 0x00, 0x00,
  0x00, 0x00, 0x00, 0x00, 0x00, 0x00, 0x00, 0x00, 0x00, 0x00, 0x00, 0x00, 0x00, 0x00, 0x00, 0x01,
  0xff, 0xff, 0xff, 0x01, 0xaa, 0x55, 0x55, 0x03, 0x00, 0x00, 0x00, 0x01, 0x00, 0x00, 0x00, 0x0b,
  0x4c, 0x48, 0x44, 0x3f, 0x7c, 0x75, 0x6e, 0x98, 0x91, 0x88, 0x82, 0xcd, 0x94, 0x8b, 0x85, 0xdf,
  0x94, 0x8b, 0x85, 0xdf, 0x8f, 0x87, 0x81, 0xcd, 0x7b, 0x74, 0x6f, 0x97, 0x4e, 0x45, 0x45, 0x3e,
  0x00, 0x00, 0x00, 0x0b, 0x00, 0x00, 0x00, 0x01, 0xaa, 0x55, 0x55, 0x03, 0xff, 0xff, 0xff, 0x01,
  0x00, 0x00, 0x00, 0x01, 0x00, 0x00, 0x00, 0x00, 0x00, 0x00, 0x00, 0x00, 0x00, 0x00, 0x00, 0x00,
  0x00, 0x00, 0x00, 0x00, 0x00, 0x00, 0x00, 0x00, 0x00, 0x00, 0x00, 0x00, 0x00, 0x00, 0x00, 0x00,
  0x00, 0x00, 0x00, 0x00, 0x00, 0x00, 0x00, 0x00, 0x00, 0x00, 0x00, 0x00, 0x00, 0x00, 0x00, 0x00,
  0x00, 0x00, 0x00, 0x00, 0x00, 0x00, 0x00, 0x00, 0x00, 0x00, 0x00, 0x00, 0x00, 0x00, 0x00, 0x00,
  0x00, 0x00, 0x00, 0x00, 0x00, 0x00, 0x00, 0x00, 0x00, 0x00, 0x00, 0x00, 0x00, 0x00, 0x00, 0x00,
  0x00, 0x00, 0x00, 0x00, 0x00, 0x00, 0x00, 0x00, 0x00, 0x00, 0x00, 0x00, 0x00, 0x00, 0x00, 0x00,
  0x00, 0x00, 0x00, 0x00, 0x00, 0x00, 0x00, 0x00, 0x00, 0x00, 0x00, 0x00, 0x00, 0x00, 0x00, 0x00,
  0x00, 0x00, 0x00, 0x00, 0x00, 0x00, 0x00, 0x00, 0x00, 0x00, 0x00, 0x00, 0x00, 0x00, 0x00, 0x00,
  0xff, 0xff, 0x00, 0x01, 0x00, 0x00, 0x00, 0x00, 0x3c, 0x3c, 0x3c, 0x2a, 0x7f, 0x76, 0x71, 0xa2,
  0x8e, 0x86, 0x80, 0xe7, 0x9c, 0x93, 0x8d, 0xff, 0x9d, 0x93, 0x8d, 0xff, 0x96, 0x8c, 0x87, 0xea,
  0x95, 0x8c, 0x87, 0xea, 0x9c, 0x92, 0x8d, 0xff, 0x9c, 0x93, 0x8d, 0xff, 0x8d, 0x86, 0x81, 0xe6,
  0x7d, 0x76, 0x70, 0xa1, 0x3c, 0x36, 0x36, 0x2a, 0x00, 0x00, 0x00, 0x00, 0xff, 0xff, 0xff, 0x01,
  0x00, 0x00, 0x00, 0x00, 0x00, 0x00, 0x00, 0x00, 0x00, 0x00, 0x00, 0x00, 0x00, 0x00, 0x00, 0x00,
  0x00, 0x00, 0x00, 0x00, 0x00, 0x00, 0x00, 0x00, 0x00, 0x00, 0x00, 0x00, 0x00, 0x00, 0x00, 0x00,
  0x00, 0x00, 0x00, 0x00, 0x00, 0x00, 0x00, 0x00, 0x00, 0x00, 0x00, 0x00, 0x00, 0x00, 0x00, 0x00,
  0x00, 0x00, 0x00, 0x00, 0x00, 0x00, 0x00, 0x00, 0x00, 0x00, 0x00, 0x00, 0x00, 0x00, 0x00, 0x00,
  0x00, 0x00, 0x00, 0x00, 0x00, 0x00, 0x00, 0x00, 0x00, 0x00, 0x00, 0x00, 0x00, 0x00, 0x00, 0x00,
  0x00, 0x00, 0x00, 0x00, 0x00, 0x00, 0x00, 0x00, 0x00, 0x00, 0x00, 0x00, 0x00, 0x00, 0x00, 0x00,
  0x00, 0x00, 0x00, 0x00, 0x00, 0x00, 0x00, 0x00, 0x00, 0x00, 0x00, 0x00, 0x00, 0x00, 0x00, 0x00,
  0x00, 0x00, 0x00, 0x00, 0x00, 0x00, 0x00, 0x00, 0x00, 0x00, 0x00, 0x00, 0x00, 0x00, 0x00, 0x00,
  0x00, 0x00, 0x00, 0x00, 0x44, 0x37, 0x37, 0x29, 0x80, 0x79, 0x74, 0xb6, 0xa7, 0x9d, 0x97, 0xff,
  0x8f, 0x86, 0x81, 0xe3, 0x6c, 0x65, 0x63, 0x71, 0x4d, 0x48, 0x48, 0x38, 0x3b, 0x35, 0x35, 0x2b,
  0x3b, 0x35, 0x35, 0x2b, 0x4d, 0x48, 0x48, 0x38, 0x6d, 0x66, 0x62, 0x72, 0x90, 0x87, 0x82, 0xe4,
  0xa7, 0x9d, 0x96, 0xff, 0x80, 0x77, 0x72, 0xb5, 0x3f, 0x39, 0x39, 0x28, 0x00, 0x00, 0x00, 0x00,
  0x00, 0x00, 0x00, 0x00, 0x00, 0x00, 0x00, 0x00, 0x00, 0x00, 0x00, 0x00, 0x00, 0x00, 0x00, 0x00,
  0x00, 0x00, 0x00, 0x00, 0x00, 0x00, 0x00, 0x00, 0x00, 0x00, 0x00, 0x00, 0x00, 0x00, 0x00, 0x00,
  0x00, 0x00, 0x00, 0x00, 0x00, 0x00, 0x00, 0x00, 0x00, 0x00, 0x00, 0x00, 0x00, 0x00, 0x00, 0x00,
  0x00, 0x00, 0x00, 0x00, 0x00, 0x00, 0x00, 0x00, 0x00, 0x00, 0x00, 0x00, 0x00, 0x00, 0x00, 0x00,
  0x00, 0x00, 0x00, 0x00, 0x00, 0x00, 0x00, 0x00, 0x00, 0x00, 0x00, 0x00, 0x00, 0x00, 0x00, 0x00,
  0x00, 0x00, 0x00, 0x00, 0x00, 0x00, 0x00, 0x00, 0x00, 0x00, 0x00, 0x00, 0x00, 0x00, 0x00, 0x00,
  0x00, 0x00, 0x00, 0x00, 0x00, 0x00, 0x00, 0x00, 0x00, 0x00, 0x00, 0x01, 0x00, 0x00, 0x00, 0x00,
  0x00, 0x00, 0x00, 0x01, 0x00, 0x00, 0x00, 0x01, 0xff, 0x00, 0x00, 0x01, 0x01, 0x01, 0x01, 0x00,
  0x00, 0x00, 0x00, 0x0a, 0x7e, 0x77, 0x72, 0xab, 0xa6, 0x9d, 0x96, 0xff, 0x80, 0x7a, 0x74, 0xc0,
  0x4c, 0x48, 0x44, 0x3f, 0x00, 0x00, 0x00, 0x00, 0x00, 0x00, 0x00, 0x00, 0x00, 0x00, 0x00, 0x00,
  0x00, 0x00, 0x00, 0x00, 0x00, 0x00, 0x00, 0x00, 0x00, 0x00, 0x00, 0x00, 0x4b, 0x47, 0x47, 0x40,
  0x83, 0x7b, 0x76, 0xc2, 0xa5, 0x9c, 0x96, 0xff, 0x81, 0x77, 0x71, 0xa8, 0x00, 0x00, 0x00, 0x09,
  0x01, 0x01, 0x01, 0x00, 0xff, 0x00, 0x00, 0x01, 0x00, 0x00, 0x00, 0x00, 0x00, 0x00, 0x00, 0x01,
  0x00, 0x00, 0x00, 0x00, 0x00, 0x00, 0x00, 0x01, 0x00, 0x00, 0x00, 0x00, 0x00, 0x00, 0x00, 0x00,
  0x00, 0x00, 0x00, 0x00, 0x00, 0x00, 0x00, 0x00, 0x00, 0x00, 0x00, 0x00, 0x00, 0x00, 0x00, 0x00,
  0x00, 0x00, 0x00, 0x00, 0x00, 0x00, 0x00, 0x00, 0x00, 0x00, 0x00, 0x00, 0x00, 0x00, 0x00, 0x00,
  0x00, 0x00, 0x00, 0x00, 0x00, 0x00, 0x00, 0x00, 0x00, 0x00, 0x00, 0x00, 0x00, 0x00, 0x00, 0x00,
  0x00, 0x00, 0x00, 0x00, 0x00, 0x00, 0x00, 0x00, 0x00, 0x00, 0x00, 0x00, 0x00, 0x00, 0x00, 0x00,
  0x00, 0x00, 0x00, 0x00, 0x00, 0x00, 0x00, 0x01, 0x00, 0x00, 0x00, 0x00, 0x33, 0x2a, 0x2a, 0x1e,
  0x3c, 0x3c, 0x3c, 0x2e, 0x00, 0x00, 0x00, 0x05, 0x01, 0x01, 0x01, 0x00, 0x00, 0x00, 0x00, 0x01,
  0x4d, 0x49, 0x46, 0x45, 0x90, 0x87, 0x82, 0xed, 0x91, 0x88, 0x82, 0xe1, 0x49, 0x49, 0x40, 0x3b,
  0x00, 0x00, 0x00, 0x00, 0xff, 0xff, 0xff, 0x01, 0x7f, 0x00, 0x00, 0x02, 0x00, 0x00, 0x00, 0x01,
  0x00, 0x00, 0x00, 0x01, 0xff, 0x00, 0x00, 0x01, 0xff, 0xff, 0xff, 0x01, 0x00, 0x00, 0x00, 0x00,
  0x4b, 0x4b, 0x47, 0x3d, 0x90, 0x8a, 0x84, 0xe3, 0x91, 0x87, 0x81, 0xed, 0x4e, 0x4b, 0x47, 0x44,
  0x00, 0x00, 0x00, 0x00, 0x01, 0x01, 0x01, 0x00, 0x00, 0x00, 0x00, 0x04, 0x3e, 0x3e, 0x38, 0x2d,
  0x34, 0x2b, 0x2b, 0x1d, 0x00, 0x00, 0x00, 0x00, 0x00, 0x00, 0x00, 0x02, 0x00, 0x00, 0x00, 0x00,
  0x00, 0x00, 0x00, 0x00, 0x00, 0x00, 0x00, 0x00, 0x00, 0x00, 0x00, 0x00, 0x00, 0x00, 0x00, 0x00,
  0x00, 0x00, 0x00, 0x00, 0x00, 0x00, 0x00, 0x00, 0x00, 0x00, 0x00, 0x00, 0x00, 0x00, 0x00, 0x00,
  0x00, 0x00, 0x00, 0x00, 0x00, 0x00, 0x00, 0x00, 0x00, 0x00, 0x00, 0x00, 0x00, 0x00, 0x00, 0x00,
  0x00, 0x00, 0x00, 0x00, 0x00, 0x00, 0x00, 0x00, 0x00, 0x00, 0x00, 0x00, 0x00, 0x00, 0x00, 0x00,
  0x00, 0xff, 0xff, 0x01, 0x00, 0x00, 0x00, 0x00, 0x0b, 0x17, 0x17, 0x16, 0x7b, 0x72, 0x6e, 0xa9,
  0x75, 0x6e, 0x68, 0x8d, 0x00, 0x00, 0x00, 0x04, 0x01, 0x01, 0x01, 0x00, 0x00, 0x00, 0x00, 0x10,
  0x7d, 0x76, 0x71, 0xa2, 0x9c, 0x93, 0x8d, 0xff, 0x6b, 0x62, 0x62, 0x74, 0x00, 0x00, 0x00, 0x03,
  0xff, 0xff, 0xff, 0x02, 0x00, 0x00, 0x00, 0x01, 0x00, 0x00, 0x00, 0x01, 0x00, 0x00, 0x00, 0x00,
  0x00, 0x00, 0x00, 0x00, 0x00, 0x00, 0x00, 0x01, 0x00, 0x00, 0x00, 0x01, 0xff, 0xff, 0x7f, 0x02,
  0x00, 0x00, 0x00, 0x03, 0x6b, 0x65, 0x62, 0x74, 0x9c, 0x93, 0x8d, 0xff, 0x7d, 0x75, 0x71, 0xa0,
  0x00, 0x00, 0x00, 0x0f, 0x01, 0x01, 0x01, 0x00, 0x00, 0x00, 0x00, 0x04, 0x75, 0x6e, 0x6a, 0x8d,
  0x7a, 0x73, 0x6e, 0xa8, 0x0c, 0x0c, 0x0c, 0x15, 0x00, 0x00, 0x00, 0x00, 0x00, 0xff, 0xff, 0x01,
  0x00, 0x00, 0x00, 0x00, 0x00, 0x00, 0x00, 0x00, 0x00, 0x00, 0x00, 0x00, 0x00, 0x00, 0x00, 0x00,
  0x00, 0x00, 0x00, 0x00, 0x00, 0x00, 0x00, 0x00, 0x00, 0x00, 0x00, 0x00, 0x00, 0x00, 0x00, 0x00,
  0x00, 0x00, 0x00, 0x00, 0x00, 0x00, 0x00, 0x00, 0x00, 0x00, 0x00, 0x00, 0x00, 0x00, 0x00, 0x00,
  0x00, 0x00, 0x00, 0x00, 0x00, 0x00, 0x00, 0x00, 0x00, 0x00, 0x00, 0x00, 0x00, 0x00, 0x00, 0x01,
  0x01, 0x00, 0x00, 0x00, 0x26, 0x26, 0x19, 0x14, 0x71, 0x69, 0x66, 0x87, 0xa6, 0x9b, 0x95, 0xff,
  0x83, 0x7d, 0x77, 0xa9, 0x00, 0x00, 0x00, 0x02, 0x01, 0x00, 0x00, 0x00, 0x33, 0x33, 0x2c, 0x28,
  0x92, 0x8a, 0x83, 0xd9, 0x97, 0x8e, 0x88, 0xf2, 0x37, 0x37, 0x37, 0x25, 0x01, 0x01, 0x01, 0x00,
  0x01, 0x01, 0x01, 0x00, 0x00, 0x00, 0x00, 0x00, 0x00, 0x00, 0x00, 0x00, 0x00, 0x00, 0x00, 0x00,
  0x00, 0x00, 0x00, 0x00, 0x00, 0x00, 0x00, 0x00, 0x00, 0x00, 0x00, 0x00, 0x01, 0x01, 0x01, 0x00,
  0x01, 0x01, 0x01, 0x00, 0x3f, 0x38, 0x38, 0x24, 0x99, 0x8f, 0x89, 0xf3, 0x92, 0x88, 0x83, 0xd8,
  0x2d, 0x2d, 0x2d, 0x27, 0x01, 0x00, 0x00, 0x00, 0x00, 0x00, 0x00, 0x02, 0x84, 0x7c, 0x76, 0xaa,
  0xa4, 0x9a, 0x94, 0xff, 0x71, 0x69, 0x63, 0x85, 0x18, 0x18, 0x18, 0x15, 0x01, 0x00, 0x00, 0x00,
  0x00, 0x00, 0x00, 0x01, 0x00, 0x00, 0x00, 0x00, 0x00, 0x00, 0x00, 0x00, 0x00, 0x00, 0x00, 0x00,
  0x00, 0x00, 0x00, 0x00, 0x00, 0x00, 0x00, 0x00, 0x00, 0x00, 0x00, 0x00, 0x00, 0x00, 0x00, 0x00,
  0x00, 0x00, 0x00, 0x00, 0x00, 0x00, 0x00, 0x00, 0x00, 0x00, 0x00, 0x00, 0x00, 0x00, 0x00, 0x00,
  0x00, 0x00, 0x00, 0x00, 0x00, 0x00, 0x00, 0x00, 0x7f, 0x7f, 0x7f, 0x02, 0x00, 0x00, 0x00, 0x00,
  0x29, 0x20, 0x20, 0x1f, 0x76, 0x6e, 0x69, 0x9d, 0x99, 0x8f, 0x89, 0xf8, 0xa6, 0x9d, 0x96, 0xfc,
  0x79, 0x72, 0x6c, 0x8f, 0x00, 0x00, 0x00, 0x04, 0x00, 0x00, 0x00, 0x00, 0x50, 0x4b, 0x46, 0x36,
  0x97, 0x8e, 0x87, 0xe7, 0x92, 0x8a, 0x85, 0xe2, 0x36, 0x30, 0x2b, 0x2f, 0x00, 0x00, 0x00, 0x00,
  0x00, 0x00, 0x00, 0x06, 0x00, 0x00, 0x00, 0x05, 0x00, 0x00, 0x00, 0x04, 0x00, 0x00, 0x00, 0x04,
  0x00, 0x00, 0x00, 0x04, 0x00, 0x00, 0x00, 0x04, 0x00, 0x00, 0x00, 0x05, 0x00, 0x00, 0x00, 0x06,
  0x00, 0x00, 0x00, 0x00, 0x36, 0x30, 0x30, 0x2f, 0x93, 0x8a, 0x85, 0xe4, 0x96, 0x8d, 0x87, 0xe7,
  0x50, 0x46, 0x46, 0x36, 0x00, 0x00, 0x00, 0x00, 0x00, 0x00, 0x00, 0x03, 0x7a, 0x72, 0x6d, 0x8e,
  0xa6, 0x9d, 0x97, 0xfc, 0x98, 0x8f, 0x8a, 0xf8, 0x74, 0x6d, 0x6a, 0x9c, 0x2a, 0x22, 0x22, 0x1e,
  0x00, 0x00, 0x00, 0x00, 0x7f, 0x7f, 0x7f, 0x02, 0x00, 0x00, 0x00, 0x00, 0x00, 0x00, 0x00, 0x00,
  0x00, 0x00, 0x00, 0x00, 0x00, 0x00, 0x00, 0x00, 0x00, 0x00, 0x00, 0x00, 0x00, 0x00, 0x00, 0x00,
  0x00, 0x00, 0x00, 0x00, 0x00, 0x00, 0x00, 0x00, 0x00, 0x00, 0x00, 0x00, 0x00, 0x00, 0x00, 0x00,
  0x00, 0x00, 0x00, 0x00, 0xff, 0xff, 0xff, 0x01, 0x00, 0x00, 0x00, 0x00, 0x3c, 0x3c, 0x3c, 0x2a,
  0x7e, 0x75, 0x72, 0xaa, 0x97, 0x8d, 0x87, 0xfd, 0x9c, 0x93, 0x8c, 0xfd, 0xa3, 0x99, 0x92, 0xff,
  0x7b, 0x72, 0x6d, 0x93, 0x00, 0x00, 0x00, 0x04, 0x00, 0x00, 0x00, 0x00, 0x55, 0x50, 0x50, 0x3c,
  0x95, 0x8c, 0x86, 0xed, 0x99, 0x91, 0x8a, 0xfa, 0x83, 0x7c, 0x77, 0xb8, 0x85, 0x7d, 0x78, 0x9d,
  0x83, 0x7a, 0x76, 0xa3, 0x84, 0x7c, 0x77, 0xa2, 0x81, 0x7d, 0x75, 0xa1, 0x81, 0x7d, 0x75, 0xa1,
  0x81, 0x7d, 0x75, 0xa1, 0x81, 0x7d, 0x75, 0xa1, 0x84, 0x7c, 0x77, 0xa2, 0x83, 0x7a, 0x76, 0xa3,
  0x85, 0x7d, 0x78, 0x9d, 0x82, 0x7c, 0x76, 0xb9, 0x9a, 0x91, 0x8a, 0xfa, 0x94, 0x8c, 0x85, 0xee,
  0x55, 0x50, 0x50, 0x3c, 0x00, 0x00, 0x00, 0x00, 0x00, 0x00, 0x00, 0x04, 0x7b, 0x72, 0x6d, 0x93,
  0xa3, 0x99, 0x92, 0xff, 0x9c, 0x93, 0x8c, 0xfd, 0x95, 0x8d, 0x87, 0xfc, 0x7e, 0x75, 0x72, 0xaa,
  0x3c, 0x3c, 0x3c, 0x2a, 0x00, 0x00, 0x00, 0x00, 0xff, 0xff, 0xff, 0x01, 0x00, 0x00, 0x00, 0x00,
  0x00, 0x00, 0x00, 0x00, 0x00, 0x00, 0x00, 0x00, 0x00, 0x00, 0x00, 0x00, 0x00, 0x00, 0x00, 0x00,
  0x00, 0x00, 0x00, 0x00, 0x00, 0x00, 0x00, 0x00, 0x00, 0x00, 0x00, 0x00, 0x00, 0x00, 0x00, 0x00,
  0xff, 0xff, 0x00, 0x01, 0x00, 0x00, 0x00, 0x00, 0x47, 0x42, 0x3d, 0x32, 0x7e, 0x76, 0x72, 0xb5,
  0x9f, 0x96, 0x8f, 0xff, 0x8d, 0x86, 0x7f, 0xe2, 0x80, 0x78, 0x73, 0xbc, 0x98, 0x8e, 0x88, 0xfc,
  0x7f, 0x79, 0x72, 0xa0, 0x00, 0x00, 0x00, 0x03, 0x00, 0x00, 0x00, 0x00, 0x59, 0x55, 0x50, 0x3c,
  0x94, 0x8c, 0x85, 0xec, 0xa1, 0x97, 0x91, 0xff, 0xa2, 0x97, 0x91, 0xff, 0xab, 0xa0, 0x9a, 0xff,
  0xa9, 0x9f, 0x99, 0xff, 0xab, 0xa1, 0x9b, 0xff, 0xab, 0xa2, 0x9b, 0xff, 0xab, 0xa2, 0x9b, 0xff,
  0xab, 0xa2, 0x9b, 0xff, 0xab, 0xa2, 0x9b, 0xff, 0xab, 0xa1, 0x9b, 0xff, 0xa9, 0x9f, 0x99, 0xff,
  0xab, 0xa0, 0x9a, 0xff, 0xa2, 0x97, 0x91, 0xff, 0xa1, 0x97, 0x91, 0xff, 0x94, 0x8c, 0x85, 0xec,
  0x59, 0x55, 0x50, 0x3c, 0x00, 0x00, 0x00, 0x00, 0x00, 0x00, 0x00, 0x04, 0x7f, 0x79, 0x72, 0xa0,
  0x98, 0x8e, 0x88, 0xfc, 0x80, 0x78, 0x73, 0xbc, 0x8d, 0x86, 0x7f, 0xe2, 0x9f, 0x96, 0x90, 0xff,
  0x7e, 0x77, 0x72, 0xb5, 0x47, 0x42, 0x3d, 0x32, 0x00, 0x00, 0x00, 0x00, 0xff, 0xff, 0x00, 0x01,
  0x00, 0x00, 0x00, 0x00, 0x00, 0x00, 0x00, 0x00, 0x00, 0x00, 0x00, 0x00, 0x00, 0x00, 0x00, 0x00,
  0x00, 0x00, 0x00, 0x00, 0x00, 0x00, 0x00, 0x00, 0x00, 0x00, 0x00, 0x00, 0xff, 0xff, 0xff, 0x01,
  0x00, 0x00, 0x00, 0x00, 0x42, 0x3d, 0x3d, 0x36, 0x89, 0x81, 0x7b, 0xc7, 0xa6, 0x9c, 0x96, 0xff,
  0x7d, 0x76, 0x70, 0xa8, 0x52, 0x4f, 0x4b, 0x4a, 0x6a, 0x61, 0x5f, 0x78, 0x95, 0x8c, 0x86, 0xf9,
  0x81, 0x79, 0x74, 0xa2, 0x00, 0x00, 0x00, 0x03, 0x00, 0x00, 0x00, 0x00, 0x56, 0x52, 0x4d, 0x3b,
  0x96, 0x8d, 0x87, 0xee, 0x94, 0x8c, 0x84, 0xee, 0x71, 0x68, 0x66, 0x89, 0x6b, 0x66, 0x63, 0x64,
  0x6c, 0x65, 0x63, 0x6c, 0x6d, 0x68, 0x64, 0x6b, 0x6e, 0x67, 0x62, 0x6a, 0x6e, 0x67, 0x62, 0x6a,
  0x6e, 0x67, 0x62, 0x6a, 0x6e, 0x67, 0x62, 0x6a, 0x6d, 0x68, 0x64, 0x6b, 0x6c, 0x65, 0x63, 0x6c,
  0x6b, 0x66, 0x63, 0x64, 0x71, 0x68, 0x66, 0x89, 0x94, 0x8c, 0x84, 0xee, 0x96, 0x8d, 0x87, 0xee,
  0x56, 0x52, 0x4d, 0x3b, 0x00, 0x00, 0x00, 0x00, 0x00, 0x00, 0x00, 0x03, 0x81, 0x79, 0x74, 0xa2,
  0x95, 0x8c, 0x86, 0xf9, 0x6a, 0x61, 0x5f, 0x78, 0x52, 0x4f, 0x4b, 0x4a, 0x7d, 0x77, 0x71, 0xa8,
  0xa5, 0x9b, 0x95, 0xff, 0x89, 0x80, 0x79, 0xc7, 0x43, 0x3e, 0x39, 0x35, 0x00, 0x00, 0x00, 0x00,
  0xff, 0xff, 0xff, 0x01, 0x00, 0x00, 0x00, 0x00, 0x00, 0x00, 0x00, 0x00, 0x00, 0x00, 0x00, 0x00,
  0x00, 0x00, 0x00, 0x00, 0x00, 0x00, 0x00, 0x00, 0xff, 0xff, 0xff, 0x01, 0x00, 0x00, 0x00, 0x00,
  0x50, 0x4c, 0x48, 0x46, 0x8c, 0x83, 0x7d, 0xd1, 0x9f, 0x95, 0x8e, 0xff, 0x86, 0x7e, 0x79, 0xbf,
  0x3a, 0x33, 0x3a, 0x23, 0x00, 0x00, 0x00, 0x00, 0x6b, 0x63, 0x5e, 0x64, 0x98, 0x8f, 0x89, 0xff,
  0x7f, 0x78, 0x72, 0x9c, 0x00, 0x00, 0x00, 0x04, 0x00, 0x00, 0x00, 0x00, 0x56, 0x4d, 0x4d, 0x3b,
  0x96, 0x8c, 0x87, 0xf3, 0x8b, 0x83, 0x7c, 0xc7, 0x00, 0x00, 0x00, 0x17, 0x00, 0x00, 0x00, 0x00,
  0x00, 0x00, 0x00, 0x00, 0x00, 0x00, 0x00, 0x00, 0x00, 0x00, 0x00, 0x00, 0x00, 0x00, 0x00, 0x00,
  0x00, 0x00, 0x00, 0x00, 0x00, 0x00, 0x00, 0x00, 0x00, 0x00, 0x00, 0x00, 0x00, 0x00, 0x00, 0x00,
  0x00, 0x00, 0x00, 0x00, 0x00, 0x00, 0x00, 0x17, 0x8b, 0x83, 0x7c, 0xc7, 0x96, 0x8c, 0x87, 0xf3,
  0x56, 0x4d, 0x4d, 0x3b, 0x00, 0x00, 0x00, 0x00, 0x00, 0x00, 0x00, 0x04, 0x7f, 0x78, 0x72, 0x9c,
  0x98, 0x8f, 0x89, 0xff, 0x6b, 0x63, 0x5e, 0x64, 0x00, 0x00, 0x00, 0x00, 0x34, 0x34, 0x34, 0x22,
  0x86, 0x7e, 0x78, 0xbe, 0x9e, 0x94, 0x8e, 0xff, 0x8a, 0x83, 0x7e, 0xd0, 0x51, 0x49, 0x49, 0x45,
  0x00, 0x00, 0x00, 0x00, 0xff, 0xff, 0xff, 0x01, 0x00, 0x00, 0x00, 0x00, 0x00, 0x00, 0x00, 0x00,
  0x00, 0x00, 0x00, 0x00, 0xff, 0xff, 0xff, 0x01, 0x00, 0x00, 0x00, 0x00, 0x60, 0x5d, 0x57, 0x4f,
  0x8f, 0x87, 0x80, 0xda, 0x9f, 0x95, 0x8f, 0xff, 0x7e, 0x77, 0x71, 0xb1, 0x2b, 0x2b, 0x24, 0x23,
  0x00, 0x00, 0x00, 0x00, 0xff, 0xff, 0xff, 0x01, 0x67, 0x5f, 0x5d, 0x65, 0x98, 0x8f, 0x88, 0xfe,
  0x7f, 0x78, 0x72, 0x9c, 0x00, 0x00, 0x00, 0x04, 0x00, 0x00, 0x00, 0x00, 0x52, 0x4d, 0x4d, 0x3b,
  0x96, 0x8d, 0x86, 0xf4, 0x89, 0x82, 0x7c, 0xc3, 0x18, 0x18, 0x18, 0x15, 0xff, 0xff, 0xff, 0x01,
  0x7f, 0x7f, 0x7f, 0x02, 0xff, 0xff, 0xff, 0x01, 0xff, 0xff, 0xff, 0x01, 0xff, 0xff, 0xff, 0x01,
  0xff, 0xff, 0xff, 0x01, 0xff, 0xff, 0xff, 0x01, 0xff, 0xff, 0xff, 0x01, 0x7f, 0x7f, 0x7f, 0x02,
  0xff, 0xff, 0xff, 0x01, 0x18, 0x18, 0x18, 0x15, 0x89, 0x82, 0x7c, 0xc3, 0x96, 0x8d, 0x86, 0xf4,
  0x52, 0x4d, 0x4d, 0x3b, 0x00, 0x00, 0x00, 0x00, 0x00, 0x00, 0x00, 0x04, 0x7f, 0x78, 0x72, 0x9c,
  0x98, 0x8f, 0x88, 0xfe, 0x67, 0x5f, 0x5d, 0x65, 0xff, 0xff, 0xff, 0x01, 0x00, 0x00, 0x00, 0x00,
  0x2d, 0x25, 0x1e, 0x22, 0x7c, 0x75, 0x70, 0xae, 0x9e, 0x96, 0x8f, 0xff, 0x90, 0x88, 0x81, 0xdb,
  0x60, 0x5d, 0x57, 0x4f, 0x00, 0x00, 0x00, 0x00, 0xff, 0xff, 0xff, 0x01, 0x00, 0x00, 0x00, 0x00,
  0x00, 0x00, 0x00, 0x00, 0x00, 0x00, 0x00, 0x00, 0x19, 0x0c, 0x0c, 0x14, 0x88, 0x80, 0x7b, 0xbe,
  0xad, 0xa1, 0x9b, 0xff, 0x75, 0x6b, 0x6a, 0x9c, 0x31, 0x31, 0x29, 0x1f, 0x00, 0x00, 0x00, 0x00,
  0xff, 0xff, 0xff, 0x01, 0x00, 0x00, 0x00, 0x00, 0x65, 0x5e, 0x5b, 0x67, 0x98, 0x8e, 0x88, 0xfc,
  0x7e, 0x78, 0x73, 0x9d, 0x00, 0x00, 0x00, 0x04, 0x00, 0x00, 0x00, 0x00, 0x56, 0x4d, 0x4d, 0x3b,
  0x96, 0x8c, 0x87, 0xf3, 0x8b, 0x83, 0x7c, 0xcb, 0x1f, 0x1f, 0x1f, 0x20, 0x00, 0x00, 0x00, 0x00,
  0x00, 0x00, 0x00, 0x02, 0x00, 0x00, 0x00, 0x01, 0x00, 0x00, 0x00, 0x01, 0x00, 0x00, 0x00, 0x01,
  0x00, 0x00, 0x00, 0x01, 0x00, 0x00, 0x00, 0x01, 0x00, 0x00, 0x00, 0x01, 0x00, 0x00, 0x00, 0x02,
  0x00, 0x00, 0x00, 0x00, 0x1f, 0x1f, 0x1f, 0x20, 0x8b, 0x83, 0x7c, 0xcb, 0x96, 0x8c, 0x87, 0xf3,
  0x56, 0x4d, 0x4d, 0x3b, 0x00, 0x00, 0x00, 0x00, 0x00, 0x00, 0x00, 0x04, 0x7e, 0x78, 0x73, 0x9d,
  0x97, 0x8e, 0x88, 0xfc, 0x65, 0x5e, 0x5b, 0x67, 0x00, 0x00, 0x00, 0x00, 0xff, 0xff, 0xff, 0x01,
  0x00, 0x00, 0x00, 0x00, 0x33, 0x2a, 0x2a, 0x1e, 0x72, 0x6b, 0x66, 0x95, 0xa7, 0x9e, 0x96, 0xff,
  0x88, 0x7f, 0x7b, 0xc0, 0x19, 0x19, 0x0c, 0x14, 0x00, 0x00, 0x00, 0x00, 0x00, 0x00, 0x00, 0x00,
  0x00, 0x00, 0x00, 0x00, 0x00, 0x00, 0x00, 0x04, 0x4a, 0x42, 0x42, 0x41, 0x8f, 0x87, 0x80, 0xe2,
  0x89, 0x7f, 0x79, 0xb8, 0x23, 0x23, 0x23, 0x1d, 0x00, 0x00, 0x00, 0x00, 0x7f, 0x7f, 0x7f, 0x02,
  0xff, 0xff, 0xff, 0x01, 0x00, 0x00, 0x00, 0x00, 0x64, 0x5d, 0x5a, 0x65, 0x97, 0x8e, 0x88, 0xfd,
  0x7f, 0x78, 0x72, 0x9c, 0x00, 0x00, 0x00, 0x04, 0x00, 0x00, 0x00, 0x00, 0x52, 0x4d, 0x4d, 0x3b,
  0x96, 0x8d, 0x87, 0xf3, 0x8b, 0x83, 0x7c, 0xc4, 0x21, 0x21, 0x16, 0x17, 0x7f, 0x7f, 0x7f, 0x02,
  0x55, 0x55, 0x55, 0x03, 0x7f, 0x7f, 0x7f, 0x02, 0x7f, 0x7f, 0x7f, 0x02, 0x7f, 0x7f, 0x7f, 0x02,
  0x7f, 0x7f, 0x7f, 0x02, 0x7f, 0x7f, 0x7f, 0x02, 0x7f, 0x7f, 0x7f, 0x02, 0x55, 0x55, 0x55, 0x03,
  0x7f, 0x7f, 0x7f, 0x02, 0x21, 0x21, 0x16, 0x17, 0x8b, 0x83, 0x7c, 0xc4, 0x96, 0x8d, 0x87, 0xf3,
  0x52, 0x4d, 0x4d, 0x3b, 0x00, 0x00, 0x00, 0x00, 0x00, 0x00, 0x00, 0x04, 0x7d, 0x78, 0x72, 0x9c,
  0x97, 0x8e, 0x88, 0xfd, 0x64, 0x5d, 0x5a, 0x65, 0x00, 0x00, 0x00, 0x00, 0xff, 0xff, 0xff, 0x01,
  0x7f, 0x7f, 0x7f, 0x02, 0x00, 0x00, 0x00, 0x00, 0x15, 0x15, 0x15, 0x18, 0x87, 0x7e, 0x7a, 0xb3,
  0x8f, 0x85, 0x81, 0xe5, 0x4a, 0x46, 0x42, 0x41, 0x00, 0x00, 0x00, 0x04, 0x00, 0x00, 0x00, 0x00,
  0x00, 0x00, 0x00, 0x00, 0x13, 0x00, 0x13, 0x0d, 0x68, 0x61, 0x5f, 0x6e, 0x8c, 0x83, 0x7e, 0xee,
  0x66, 0x5c, 0x59, 0x4d, 0x00, 0x00, 0x00, 0x00, 0x7f, 0x7f, 0x7f, 0x04, 0x00, 0x00, 0x00, 0x01,
  0xff, 0xff, 0xff, 0x01, 0x00, 0x00, 0x00, 0x00, 0x67, 0x5c, 0x5c, 0x63, 0x97, 0x8e, 0x88, 0xfd,
  0x80, 0x78, 0x73, 0x9d, 0x00, 0x00, 0x00, 0x04, 0x00, 0x00, 0x00, 0x00, 0x52, 0x4d, 0x4d, 0x3b,
  0x97, 0x8d, 0x87, 0xf3, 0x89, 0x82, 0x7c, 0xc4, 0x00, 0x00, 0x00, 0x12, 0x00, 0x00, 0x00, 0x00,
  0x00, 0x00, 0x00, 0x00, 0x00, 0x00, 0x00, 0x00, 0x00, 0x00, 0x00, 0x00, 0x00, 0x00, 0x00, 0x00,
  0x00, 0x00, 0x00, 0x00, 0x00, 0x00, 0x00, 0x00, 0x00, 0x00, 0x00, 0x00, 0x00, 0x00, 0x00, 0x00,
  0x00, 0x00, 0x00, 0x00, 0x00, 0x00, 0x00, 0x12, 0x89, 0x82, 0x7c, 0xc4, 0x97, 0x8d, 0x87, 0xf3,
  0x52, 0x4d, 0x4d, 0x3b, 0x00, 0x00, 0x00, 0x00, 0x00, 0x00, 0x00, 0x04, 0x7e, 0x78, 0x71, 0x9d,
  0x97, 0x8e, 0x88, 0xfd, 0x66, 0x5b, 0x5b, 0x64, 0x00, 0x00, 0x00, 0x00, 0xff, 0xff, 0xff, 0x01,
  0x00, 0x00, 0x00, 0x01, 0x7f, 0x7f, 0x7f, 0x04, 0x00, 0x00, 0x00, 0x00, 0x67, 0x61, 0x5b, 0x51,
  0x8b, 0x84, 0x7e, 0xee, 0x66, 0x5f, 0x5d, 0x6d, 0x00, 0x00, 0x13, 0x0d, 0x00, 0x00, 0x00, 0x00,
  0x00, 0x00, 0x00, 0x00, 0x0f, 0x1f, 0x0f, 0x10, 0x6d, 0x67, 0x63, 0x7e, 0x8d, 0x84, 0x7f, 0xec,
  0x5b, 0x56, 0x4c, 0x35, 0x7f, 0x7f, 0x7f, 0x02, 0x55, 0x55, 0x55, 0x03, 0x00, 0x00, 0x00, 0x01,
  0xff, 0xff, 0xff, 0x01, 0xff, 0xff, 0xff, 0x01, 0x6b, 0x65, 0x62, 0x6f, 0x99, 0x91, 0x8a, 0xfd,
  0x7f, 0x77, 0x73, 0x98, 0x00, 0x00, 0x00, 0x02, 0x00, 0x00, 0x00, 0x00, 0x55, 0x50, 0x4c, 0x3c,
  0x96, 0x8c, 0x86, 0xef, 0x96, 0x8c, 0x86, 0xea, 0x72, 0x6a, 0x65, 0x88, 0x70, 0x6b, 0x66, 0x64,
  0x71, 0x69, 0x62, 0x6a, 0x6f, 0x68, 0x63, 0x69, 0x6e, 0x69, 0x64, 0x68, 0x6e, 0x69, 0x64, 0x68,
  0x6e, 0x69, 0x64, 0x68, 0x6e, 0x69, 0x64, 0x68, 0x6f, 0x68, 0x63, 0x69, 0x71, 0x69, 0x62, 0x6a,
  0x72, 0x6b, 0x66, 0x64, 0x72, 0x6a, 0x65, 0x88, 0x96, 0x8c, 0x86, 0xea, 0x96, 0x8c, 0x86, 0xef,
  0x55, 0x50, 0x4c, 0x3c, 0x00, 0x00, 0x00, 0x00, 0x00, 0x00, 0x00, 0x03, 0x7d, 0x75, 0x73, 0x9a,
  0x99, 0x90, 0x8a, 0xfb, 0x6b, 0x64, 0x5f, 0x6d, 0xff, 0xff, 0xff, 0x01, 0xff, 0xff, 0xff, 0x01,
  0x00, 0x00, 0x00, 0x01, 0x55, 0x55, 0x55, 0x03, 0x7f, 0x7f, 0x7f, 0x02, 0x5f, 0x56, 0x56, 0x3b,
  0x8b, 0x83, 0x7d, 0xed, 0x6c, 0x68, 0x60, 0x7c, 0x1e, 0x1e, 0x0f, 0x11, 0x00, 0x00, 0x00, 0x00,
  0x00, 0x00, 0x00, 0x00, 0x15, 0x15, 0x00, 0x0c, 0x66, 0x5f, 0x5a, 0x66, 0x8b, 0x82, 0x7d, 0xed,
  0x6b, 0x63, 0x60, 0x5f, 0x00, 0x00, 0x00, 0x00, 0xff, 0xff, 0xaa, 0x03, 0x55, 0x55, 0x55, 0x03,
  0x02, 0x02, 0x02, 0x00, 0x00, 0x00, 0x00, 0x03, 0x78, 0x71, 0x6c, 0x94, 0xa9, 0x9f, 0x98, 0xff,
  0x79, 0x72, 0x6c, 0x88, 0x00, 0x00, 0x00, 0x00, 0x00, 0x00, 0x00, 0x00, 0x57, 0x53, 0x4f, 0x3d,
  0x94, 0x8b, 0x85, 0xed, 0xa0, 0x97, 0x90, 0xff, 0xa2, 0x99, 0x92, 0xff, 0xab, 0xa1, 0x9a, 0xff,
  0xaa, 0xa0, 0x99, 0xff, 0xab, 0xa1, 0x9a, 0xff, 0xab, 0xa1, 0x9a, 0xff, 0xab, 0xa1, 0x9a, 0xff,
  0xab, 0xa1, 0x9a, 0xff, 0xab, 0xa1, 0x9a, 0xff, 0xab, 0xa1, 0x9a, 0xff, 0xaa, 0xa0, 0x99, 0xff,
  0xab, 0xa1, 0x9a, 0xff, 0xa2, 0x99, 0x92, 0xff, 0xa0, 0x97, 0x91, 0xff, 0x93, 0x8b, 0x85, 0xed,
  0x5a, 0x52, 0x4e, 0x3e, 0x00, 0x00, 0x00, 0x00, 0x00, 0x00, 0x00, 0x00, 0x78, 0x72, 0x6d, 0x8a,
  0xa7, 0x9d, 0x97, 0xff, 0x76, 0x6f, 0x6c, 0x92, 0x00, 0x00, 0x00, 0x03, 0x02, 0x02, 0x02, 0x00,
  0x55, 0x55, 0x55, 0x03, 0xff, 0xaa, 0xaa, 0x03, 0x00, 0x00, 0x00, 0x00, 0x6b, 0x66, 0x5f, 0x66,
  0x8a, 0x83, 0x7d, 0xed, 0x64, 0x5f, 0x5a, 0x66, 0x15, 0x15, 0x15, 0x0c, 0x00, 0x00, 0x00, 0x00,
  0x00, 0x00, 0x00, 0x00, 0x00, 0x00, 0x00, 0x03, 0x49, 0x45, 0x3c, 0x3b, 0x90, 0x87, 0x81, 0xe5,
  0x8d, 0x82, 0x7e, 0xc5, 0x30, 0x29, 0x29, 0x25, 0x00, 0x00, 0x00, 0x00, 0x00, 0x00, 0x00, 0x00,
  0x00, 0x00, 0x00, 0x00, 0x4d, 0x45, 0x41, 0x42, 0x93, 0x8a, 0x83, 0xdf, 0x9b, 0x92, 0x8a, 0xf2,
  0x5a, 0x53, 0x50, 0x4f, 0x00, 0x00, 0x00, 0x00, 0x00, 0x00, 0x00, 0x00, 0x56, 0x52, 0x4e, 0x3e,
  0x95, 0x8c, 0x86, 0xed, 0x97, 0x8d, 0x87, 0xf8, 0x80, 0x7b, 0x75, 0xb8, 0x81, 0x77, 0x72, 0xa0,
  0x81, 0x79, 0x73, 0xa6, 0x80, 0x78, 0x72, 0xa9, 0x81, 0x78, 0x74, 0xa7, 0x81, 0x78, 0x74, 0xa7,
  0x81, 0x78, 0x74, 0xa7, 0x81, 0x78, 0x74, 0xa7, 0x80, 0x78, 0x72, 0xa9, 0x81, 0x79, 0x73, 0xa6,
  0x7f, 0x77, 0x72, 0xa0, 0x81, 0x7a, 0x75, 0xb9, 0x9a, 0x8f, 0x89, 0xf8, 0x95, 0x8c, 0x86, 0xed,
  0x56, 0x52, 0x4e, 0x3e, 0x00, 0x00, 0x00, 0x00, 0x00, 0x00, 0x00, 0x00, 0x59, 0x59, 0x52, 0x50,
  0x9b, 0x92, 0x8b, 0xf3, 0x92, 0x8a, 0x83, 0xdf, 0x4a, 0x46, 0x42, 0x41, 0x00, 0x00, 0x00, 0x00,
  0x00, 0x00, 0x00, 0x00, 0x00, 0x00, 0x00, 0x00, 0x33, 0x33, 0x2d, 0x2d, 0x8e, 0x85, 0x7f, 0xcc,
  0x90, 0x87, 0x82, 0xe3, 0x45, 0x40, 0x3c, 0x3b, 0x00, 0x00, 0x00, 0x03, 0x00, 0x00, 0x00, 0x00,
  0x00, 0x00, 0x00, 0x01, 0x00, 0x00, 0x00, 0x00, 0x0c, 0x0c, 0x0c, 0x14, 0x88, 0x81, 0x7c, 0xbd,
  0xaa, 0xa0, 0x99, 0xff, 0x84, 0x7c, 0x78, 0xc1, 0x75, 0x6f, 0x67, 0x7e, 0x6c, 0x67, 0x63, 0x6c,
  0x74, 0x6d, 0x69, 0x85, 0x93, 0x88, 0x84, 0xda, 0xa4, 0x9a, 0x93, 0xff, 0x72, 0x6c, 0x66, 0x86,
  0x00, 0x00, 0x00, 0x09, 0xff, 0xff, 0xff, 0x02, 0x00, 0x00, 0x00, 0x00, 0x50, 0x4b, 0x4b, 0x36,
  0x96, 0x8e, 0x87, 0xe7, 0x93, 0x8a, 0x84, 0xe8, 0x38, 0x33, 0x2d, 0x32, 0x00, 0x00, 0x00, 0x00,
  0x00, 0x00, 0x00, 0x05, 0x00, 0x00, 0x00, 0x04, 0x00, 0x00, 0x00, 0x03, 0x00, 0x00, 0x00, 0x03,
  0x00, 0x00, 0x00, 0x03, 0x00, 0x00, 0x00, 0x03, 0x00, 0x00, 0x00, 0x04, 0x00, 0x00, 0x00, 0x05,
  0x00, 0x00, 0x00, 0x00, 0x37, 0x32, 0x32, 0x33, 0x95, 0x8b, 0x84, 0xea, 0x97, 0x8d, 0x88, 0xe6,
  0x51, 0x48, 0x48, 0x35, 0x00, 0x00, 0x00, 0x00, 0xff, 0xff, 0xff, 0x02, 0x00, 0x00, 0x00, 0x09,
  0x74, 0x6c, 0x66, 0x86, 0xa5, 0x9a, 0x94, 0xff, 0x94, 0x89, 0x84, 0xd9, 0x74, 0x6b, 0x69, 0x85,
  0x6c, 0x67, 0x63, 0x6c, 0x76, 0x6f, 0x69, 0x7b, 0x84, 0x7c, 0x78, 0xc3, 0xac, 0xa0, 0x9a, 0xff,
  0x88, 0x80, 0x7c, 0xbc, 0x0d, 0x0d, 0x0d, 0x13, 0x00, 0x00, 0x00, 0x00, 0x00, 0x00, 0x00, 0x01,
  0x00, 0x00, 0x00, 0x00, 0x00, 0x00, 0x00, 0x00, 0x00, 0x00, 0x00, 0x00, 0x53, 0x4e, 0x4e, 0x37,
  0x7c, 0x76, 0x6f, 0xa2, 0x95, 0x8d, 0x87, 0xfa, 0xaf, 0xa6, 0x9e, 0xff, 0xae, 0xa4, 0x9e, 0xff,
  0xab, 0x9f, 0x99, 0xff, 0x93, 0x8b, 0x85, 0xe7, 0x71, 0x69, 0x65, 0x79, 0x2e, 0x22, 0x22, 0x16,
  0x00, 0x00, 0x00, 0x00, 0x7f, 0x7f, 0x7f, 0x02, 0x00, 0x00, 0x00, 0x00, 0x30, 0x30, 0x30, 0x25,
  0x91, 0x89, 0x83, 0xd9, 0x99, 0x8e, 0x89, 0xf3, 0x3e, 0x37, 0x37, 0x29, 0x02, 0x02, 0x02, 0x00,
  0xff, 0xff, 0xff, 0x01, 0x01, 0x01, 0x01, 0x00, 0x01, 0x01, 0x01, 0x00, 0x01, 0x01, 0x01, 0x00,
  0x01, 0x01, 0x01, 0x00, 0x01, 0x01, 0x01, 0x00, 0x01, 0x01, 0x01, 0x00, 0xff, 0xff, 0xff, 0x01,
  0x02, 0x02, 0x02, 0x00, 0x3e, 0x37, 0x37, 0x29, 0x9a, 0x8f, 0x8a, 0xf3, 0x92, 0x88, 0x83, 0xd8,
  0x30, 0x30, 0x29, 0x25, 0x00, 0x00, 0x00, 0x00, 0x7f, 0x7f, 0x7f, 0x02, 0x00, 0x00, 0x00, 0x00,
  0x2e, 0x22, 0x22, 0x16, 0x71, 0x69, 0x65, 0x79, 0x95, 0x8c, 0x85, 0xe7, 0xab, 0xa0, 0x99, 0xff,
  0xaf, 0xa3, 0x9d, 0xff, 0xaf, 0xa5, 0x9e, 0xff, 0x94, 0x8c, 0x86, 0xfa, 0x7d, 0x75, 0x70, 0xa1,
  0x53, 0x4e, 0x4e, 0x37, 0x00, 0x00, 0x00, 0x00, 0x00, 0x00, 0x00, 0x00, 0x00, 0x00, 0x00, 0x00,
  0x00, 0x00, 0x00, 0x00, 0x00, 0x00, 0x00, 0x00, 0x00, 0x00, 0x00, 0x00, 0x00, 0x00, 0x00, 0x00,
  0x17, 0x0b, 0x0b, 0x16, 0x66, 0x5f, 0x5d, 0x68, 0x82, 0x7a, 0x74, 0xa0, 0x8b, 0x81, 0x7c, 0xa8,
  0x7d, 0x75, 0x70, 0x98, 0x56, 0x4f, 0x4b, 0x47, 0x00, 0x00, 0x00, 0x04, 0x00, 0x00, 0x00, 0x00,
  0x00, 0x00, 0x00, 0x01, 0x00, 0x00, 0x00, 0x01, 0x01, 0x01, 0x01, 0x00, 0x00, 0x00, 0x00, 0x0c,
  0x7d, 0x75, 0x70, 0xa5, 0x9d, 0x94, 0x8e, 0xff, 0x6b, 0x65, 0x60, 0x6f, 0x00, 0x00, 0x00, 0x04,
  0xaa, 0xaa, 0xaa, 0x03, 0x00, 0x00, 0x00, 0x02, 0x00, 0x00, 0x00, 0x01, 0x00, 0x00, 0x00, 0x01,
  0x00, 0x00, 0x00, 0x01, 0x00, 0x00, 0x00, 0x01, 0x00, 0x00, 0x00, 0x02, 0xaa, 0xaa, 0xaa, 0x03,
  0x00, 0x00, 0x00, 0x04, 0x6b, 0x65, 0x60, 0x6f, 0x9c, 0x92, 0x8d, 0xff, 0x7d, 0x76, 0x71, 0xa2,
  0x00, 0x00, 0x00, 0x0b, 0x01, 0x01, 0x01, 0x00, 0x00, 0x00, 0x00, 0x01, 0x00, 0x00, 0x00, 0x01,
  0x00, 0x00, 0x00, 0x00, 0x00, 0x00, 0x00, 0x04, 0x55, 0x51, 0x4d, 0x48, 0x7d, 0x75, 0x70, 0x98,
  0x8b, 0x82, 0x7c, 0xa8, 0x82, 0x7c, 0x74, 0xa0, 0x66, 0x5f, 0x5d, 0x68, 0x16, 0x16, 0x0b, 0x17,
  0x00, 0x00, 0x00, 0x00, 0x00, 0x00, 0x00, 0x00, 0x00, 0x00, 0x00, 0x00, 0x00, 0x00, 0x00, 0x00,
  0x00, 0x00, 0x00, 0x00, 0x00, 0x00, 0x00, 0x00, 0x00, 0x00, 0x00, 0x00, 0x00, 0x00, 0x00, 0x01,
  0x00, 0x00, 0x00, 0x00, 0x00, 0x00, 0x00, 0x00, 0x00, 0x00, 0x00, 0x00, 0x00, 0x00, 0x00, 0x00,
  0x00, 0x00, 0x00, 0x00, 0x00, 0x00, 0x00, 0x00, 0x01, 0x01, 0x01, 0x00, 0x00, 0x00, 0x00, 0x01,
  0x00, 0x00, 0x00, 0x00, 0x00, 0x00, 0x00, 0x00, 0xff, 0xff, 0xff, 0x01, 0x00, 0x00, 0x00, 0x00,
  0x4f, 0x4c, 0x48, 0x43, 0x90, 0x88, 0x82, 0xec, 0x93, 0x8b, 0x84, 0xe7, 0x4b, 0x43, 0x43, 0x40,
  0x00, 0x00, 0x00, 0x00, 0xff, 0xff, 0xff, 0x02, 0x55, 0x55, 0x55, 0x03, 0x55, 0x55, 0x55, 0x03,
  0x55, 0x55, 0x55, 0x03, 0x55, 0x55, 0x55, 0x03, 0xff, 0xff, 0xff, 0x02, 0x00, 0x00, 0x00, 0x00,
  0x4e, 0x4a, 0x46, 0x41, 0x93, 0x8b, 0x85, 0xe7, 0x8f, 0x87, 0x81, 0xec, 0x4c, 0x48, 0x44, 0x43,
  0x00, 0x00, 0x00, 0x00, 0xff, 0xff, 0xff, 0x01, 0x00, 0x00, 0x00, 0x00, 0x00, 0x00, 0x00, 0x00,
  0x00, 0x00, 0x00, 0x01, 0x01, 0x01, 0x01, 0x00, 0x00, 0x00, 0x00, 0x00, 0x00, 0x00, 0x00, 0x00,
  0x00, 0x00, 0x00, 0x00, 0x00, 0x00, 0x00, 0x00, 0x00, 0x00, 0x00, 0x00, 0x00, 0x00, 0x00, 0x00,
  0x00, 0x00, 0x00, 0x01, 0x00, 0x00, 0x00, 0x00, 0x00, 0x00, 0x00, 0x00, 0x00, 0x00, 0x00, 0x00,
  0x00, 0x00, 0x00, 0x00, 0x00, 0x00, 0x00, 0x00, 0x00, 0x00, 0x00, 0x00, 0x00, 0x00, 0x00, 0x00,
  0x00, 0x00, 0x00, 0x01, 0xff, 0xff, 0xff, 0x01, 0xff, 0xff, 0xff, 0x01, 0x02, 0x02, 0x02, 0x00,
  0xff, 0xff, 0xff, 0x01, 0xff, 0xff, 0xff, 0x01, 0x00, 0x00, 0x00, 0x01, 0x00, 0x00, 0x00, 0x00,
  0x00, 0x00, 0x00, 0x00, 0x00, 0x00, 0x00, 0x00, 0x00, 0x00, 0x00, 0x01, 0x00, 0x00, 0x00, 0x00,
  0x00, 0x00, 0x00, 0x09, 0x7d, 0x76, 0x6f, 0xa2, 0xa4, 0x9a, 0x94, 0xff, 0x87, 0x7f, 0x78, 0xc2,
  0x4d, 0x49, 0x45, 0x42, 0x00, 0x00, 0x00, 0x01, 0x00, 0x00, 0x00, 0x00, 0x00, 0x00, 0x00, 0x00,
  0x00, 0x00, 0x00, 0x00, 0x00, 0x00, 0x00, 0x00, 0x00, 0x00, 0x00, 0x02, 0x4e, 0x47, 0x43, 0x44,
  0x87, 0x7f, 0x7a, 0xc4, 0xa3, 0x9a, 0x93, 0xff, 0x7d, 0x76, 0x70, 0xa1, 0x00, 0x00, 0x00, 0x0a,
  0x00, 0x00, 0x00, 0x00, 0x00, 0x00, 0x00, 0x01, 0x00, 0x00, 0x00, 0x00, 0x00, 0x00, 0x00, 0x00,
  0x00, 0x00, 0x00, 0x00, 0x00, 0x00, 0x00, 0x01, 0xff, 0xff, 0xff, 0x01, 0xff, 0xff, 0xff, 0x01,
  0x02, 0x02, 0x02, 0x00, 0xff, 0xff, 0xff, 0x01, 0xff, 0xff, 0xff, 0x01, 0x00, 0x00, 0x00, 0x01,
  0x00, 0x00, 0x00, 0x00, 0x00, 0x00, 0x00, 0x00, 0x00, 0x00, 0x00, 0x00, 0x00, 0x00, 0x00, 0x00,
  0x00, 0x00, 0x00, 0x00, 0x00, 0x00, 0x00, 0x00, 0x00, 0x00, 0x00, 0x00, 0x00, 0x00, 0x00, 0x00,
  0x00, 0x00, 0x00, 0x00, 0x00, 0x00, 0x00, 0x00, 0x00, 0x00, 0x00, 0x01, 0x00, 0x00, 0x00, 0x01,
  0x00, 0x00, 0x00, 0x01, 0x00, 0x00, 0x00, 0x00, 0x00, 0x00, 0x00, 0x00, 0x00, 0x00, 0x00, 0x00,
  0x00, 0x00, 0x00, 0x00, 0x00, 0x00, 0x00, 0x00, 0x00, 0x00, 0x00, 0x00, 0x01, 0x01, 0x00, 0x00,
  0x00, 0x00, 0x01, 0x00, 0x47, 0x41, 0x41, 0x2b, 0x7c, 0x75, 0x6f, 0xb2, 0xaa, 0xa0, 0x99, 0xff,
  0x9a, 0x91, 0x8a, 0xed, 0x79, 0x71, 0x6c, 0x84, 0x59, 0x55, 0x50, 0x3f, 0x53, 0x4e, 0x48, 0x31,
  0x53, 0x4e, 0x48, 0x31, 0x5d, 0x55, 0x55, 0x3f, 0x77, 0x71, 0x6b, 0x87, 0x9b, 0x90, 0x8b, 0xee,
  0xab, 0x9f, 0x99, 0xff, 0x7b, 0x73, 0x6e, 0xb1, 0x47, 0x41, 0x41, 0x2b, 0x01, 0x00, 0x00, 0x00,
  0x01, 0x01, 0x00, 0x00, 0x00, 0x00, 0x00, 0x00, 0x00, 0x00, 0x00, 0x00, 0x00, 0x00, 0x00, 0x00,
  0x00, 0x00, 0x00, 0x00, 0x00, 0x00, 0x00, 0x00, 0x00, 0x00, 0x00, 0x00, 0x00, 0x00, 0x00, 0x01,
  0x00, 0x00, 0x00, 0x01, 0x00, 0x00, 0x00, 0x01, 0x00, 0x00, 0x00, 0x00, 0x00, 0x00, 0x00, 0x00,
  0x00, 0x00, 0x00, 0x00, 0x00, 0x00, 0x00, 0x00, 0x00, 0x00, 0x00, 0x00, 0x00, 0x00, 0x00, 0x00,
  0x00, 0x00, 0x00, 0x00, 0x00, 0x00, 0x00, 0x00, 0x00, 0x00, 0x00, 0x00, 0x00, 0x00, 0x00, 0x00,
  0x00, 0x00, 0x00, 0x00, 0x00, 0x00, 0x00, 0x00, 0x00, 0x00, 0x00, 0x00, 0x00, 0x00, 0x00, 0x00,
  0x00, 0x00, 0x00, 0x00, 0x00, 0x00, 0x00, 0x00, 0x00, 0x00, 0x00, 0x00, 0x00, 0x00, 0x00, 0x00,
  0x00, 0x00, 0x00, 0x00, 0x00, 0x00, 0x00, 0x00, 0x00, 0x00, 0x00, 0x00, 0x00, 0x00, 0x00, 0x00,
  0x00, 0x00, 0x00, 0x01, 0x00, 0x00, 0x00, 0x00, 0x3f, 0x3f, 0x39, 0x28, 0x7b, 0x74, 0x6f, 0x99,
  0x92, 0x88, 0x82, 0xd5, 0x90, 0x87, 0x81, 0xeb, 0x8d, 0x84, 0x7d, 0xeb, 0x8e, 0x86, 0x80, 0xe9,
  0x8e, 0x86, 0x80, 0xe9, 0x8c, 0x84, 0x7e, 0xea, 0x8e, 0x88, 0x81, 0xec, 0x92, 0x89, 0x82, 0xd5,
  0x7c, 0x74, 0x6f, 0x97, 0x3f, 0x39, 0x33, 0x28, 0x00, 0x00, 0x00, 0x00, 0x00, 0x00, 0x00, 0x01,
  0x00, 0x00, 0x00, 0x00, 0x00, 0x00, 0x00, 0x00, 0x00, 0x00, 0x00, 0x00, 0x00, 0x00, 0x00, 0x00,
  0x00, 0x00, 0x00, 0x00, 0x00, 0x00, 0x00, 0x00, 0x00, 0x00, 0x00, 0x00, 0x00, 0x00, 0x00, 0x00,
  0x00, 0x00, 0x00, 0x00, 0x00, 0x00, 0x00, 0x00, 0x00, 0x00, 0x00, 0x00, 0x00, 0x00, 0x00, 0x00,
  0x00, 0x00, 0x00, 0x00, 0x00, 0x00, 0x00, 0x00, 0x00, 0x00, 0x00, 0x00, 0x00, 0x00, 0x00, 0x00,
  0x00, 0x00, 0x00, 0x00, 0x00, 0x00, 0x00, 0x00, 0x00, 0x00, 0x00, 0x00, 0x00, 0x00, 0x00, 0x00,
  0x00, 0x00, 0x00, 0x00, 0x00, 0x00, 0x00, 0x00, 0x00, 0x00, 0x00, 0x00, 0x00, 0x00, 0x00, 0x00,
  0x00, 0x00, 0x00, 0x00, 0x00, 0x00, 0x00, 0x00, 0x00, 0x00, 0x00, 0x00, 0x00, 0x00, 0x00, 0x00,
  0x00, 0x00, 0x00, 0x00, 0x00, 0x00, 0x00, 0x00, 0x00, 0x00, 0x00, 0x00, 0x00, 0x00, 0x00, 0x00,
  0x00, 0x00, 0x00, 0x00, 0xff, 0xff, 0xff, 0x01, 0x00, 0x00, 0x00, 0x00, 0x00, 0x00, 0x00, 0x07,
  0x2a, 0x23, 0x2a, 0x24, 0x5c, 0x52, 0x4f, 0x53, 0x6f, 0x67, 0x63, 0x85, 0x75, 0x6e, 0x69, 0x9a,
  0x75, 0x6e, 0x69, 0x9a, 0x6f, 0x67, 0x61, 0x85, 0x5c, 0x52, 0x4f, 0x53, 0x2a, 0x23, 0x23, 0x24,
  0x00, 0x00, 0x00, 0x06, 0x00, 0x00, 0x00, 0x00, 0xff, 0xff, 0xff, 0x01, 0x00, 0x00, 0x00, 0x00,
  0x00, 0x00, 0x00, 0x00, 0x00, 0x00, 0x00, 0x00, 0x00, 0x00, 0x00, 0x00, 0x00, 0x00, 0x00, 0x00,
  0x00, 0x00, 0x00, 0x00, 0x00, 0x00, 0x00, 0x00, 0x00, 0x00, 0x00, 0x00, 0x00, 0x00, 0x00, 0x00,
  0x00, 0x00, 0x00, 0x00, 0x00, 0x00, 0x00, 0x00, 0x00, 0x00, 0x00, 0x00, 0x00, 0x00, 0x00, 0x00,
  0x00, 0x00, 0x00, 0x00, 0x00, 0x00, 0x00, 0x00, 0x00, 0x00, 0x00, 0x00, 0x00, 0x00, 0x00, 0x00,
  0x00, 0x00, 0x00, 0x00, 0x00, 0x00, 0x00, 0x00, 0x00, 0x00, 0x00, 0x00, 0x00, 0x00, 0x00, 0x00,
  0x00, 0x00, 0x00, 0x00, 0x00, 0x00, 0x00, 0x00, 0x00, 0x00, 0x00, 0x00, 0x00, 0x00, 0x00, 0x00,
  0x00, 0x00, 0x00, 0x00, 0x00, 0x00, 0x00, 0x00, 0x00, 0x00, 0x00, 0x00, 0x00, 0x00, 0x00, 0x00,
  0x00, 0x00, 0x00, 0x00, 0x00, 0x00, 0x00, 0x00, 0x00, 0x00, 0x00, 0x00, 0x00, 0x00, 0x00, 0x00,
  0x00, 0x00, 0x00, 0x00, 0x00, 0x00, 0x00, 0x00, 0x00, 0x00, 0x00, 0x01, 0x00, 0x00, 0x00, 0x00,
  0x00, 0x00, 0x00, 0x00, 0x00, 0x00, 0x00, 0x08, 0x22, 0x22, 0x22, 0x16, 0x3b, 0x3b, 0x33, 0x1e,
  0x3b, 0x3b, 0x33, 0x1e, 0x22, 0x22, 0x22, 0x16, 0x00, 0x00, 0x00, 0x08, 0x00, 0x00, 0x00, 0x00,
  0x00, 0x00, 0x00, 0x00, 0x00, 0x00, 0x00, 0x01, 0x00, 0x00, 0x00, 0x00, 0x00, 0x00, 0x00, 0x00,
  0x00, 0x00, 0x00, 0x00, 0x00, 0x00, 0x00, 0x00, 0x00, 0x00, 0x00, 0x00, 0x00, 0x00, 0x00, 0x00,
  0x00, 0x00, 0x00, 0x00, 0x00, 0x00, 0x00, 0x00, 0x00, 0x00, 0x00, 0x00, 0x00, 0x00, 0x00, 0x00,
  0x00, 0x00, 0x00, 0x00, 0x00, 0x00, 0x00, 0x00, 0x00, 0x00, 0x00, 0x00, 0x00, 0x00, 0x00, 0x00,
  0x00, 0x00, 0x00, 0x00, 0x00, 0x00, 0x00, 0x00, 0x00, 0x00, 0x00, 0x00, 0x00, 0x00, 0x00, 0x00,
  0x00, 0x00, 0x00, 0x00, 0x00, 0x00, 0x00, 0x00, 0x00, 0x00, 0x00, 0x00, 0x00, 0x00, 0x00, 0x00,
  0x00, 0x00, 0x00, 0x00, 0x00, 0x00, 0x00, 0x00, 0x00, 0x00, 0x00, 0x00, 0x00, 0x00, 0x00, 0x00,
  0x00, 0x00, 0x00, 0x00, 0x00, 0x00, 0x00, 0x00, 0x00, 0x00, 0x00, 0x00, 0x00, 0x00, 0x00, 0x00,
  0x00, 0x00, 0x00, 0x00, 0x00, 0x00, 0x00, 0x00, 0x00, 0x00, 0x00, 0x00, 0x00, 0x00, 0x00, 0x00,
  0x00, 0x00, 0x00, 0x00, 0x00, 0x00, 0x00, 0x00, 0x00, 0x00, 0x00, 0x00, 0x00, 0x00, 0x00, 0x00,
  0x00, 0x00, 0x00, 0x01, 0x00, 0x00, 0x00, 0x00, 0x00, 0x00, 0x00, 0x00, 0x00, 0x00, 0x00, 0x00,
  0x00, 0x00, 0x00, 0x00, 0x00, 0x00, 0x00, 0x00, 0x00, 0x00, 0x00, 0x00, 0x00, 0x00, 0x00, 0x01,
  0x00, 0x00, 0x00, 0x00, 0x00, 0x00, 0x00, 0x00, 0x00, 0x00, 0x00, 0x00, 0x00, 0x00, 0x00, 0x00,
  0x00, 0x00, 0x00, 0x00, 0x00, 0x00, 0x00, 0x00, 0x00, 0x00, 0x00, 0x00, 0x00, 0x00, 0x00, 0x00,
  0x00, 0x00, 0x00, 0x00, 0x00, 0x00, 0x00, 0x00, 0x00, 0x00, 0x00, 0x00, 0x00, 0x00, 0x00, 0x00,
  0x00, 0x00, 0x00, 0x00, 0x00, 0x00, 0x00, 0x00, 0x00, 0x00, 0x00, 0x00, 0x00, 0x00, 0x00, 0x00,
  0x00, 0x00, 0x00, 0x00, 0x00, 0x00, 0x00, 0x00, 0x00, 0x00, 0x00, 0x00, 0x00, 0x00, 0x00, 0x00,
  0x00, 0x00, 0x00, 0x00, 0x00, 0x00, 0x00, 0x00, 0x00, 0x00, 0x00, 0x00, 0x00, 0x00, 0x00, 0x00,
  0x00, 0x00, 0x00, 0x00, 0x00, 0x00, 0x00, 0x00, 0x00, 0x00, 0x00, 0x00, 0x00, 0x00, 0x00, 0x00,
  0x00, 0x00, 0x00, 0x00, 0x00, 0x00, 0x00, 0x00, 0x00, 0x00, 0x00, 0x00, 0x00, 0x00, 0x00, 0x00,
  0x00, 0x00, 0x00, 0x00, 0x00, 0x00, 0x00, 0x00, 0x00, 0x00, 0x00, 0x00, 0x00, 0x00, 0x00, 0x00,
  0x00, 0x00, 0x00, 0x00, 0x00, 0x00, 0x00, 0x00, 0x00, 0x00, 0x00, 0x00, 0x00, 0x00, 0x00, 0x00,
  0x00, 0x00, 0x00, 0x00, 0x00, 0x00, 0x00, 0x01, 0x00, 0x00, 0x00, 0x01, 0x7f, 0x7f, 0x7f, 0x02,
  0x7f, 0x7f, 0x7f, 0x02, 0x00, 0x00, 0x00, 0x01, 0x00, 0x00, 0x00, 0x01, 0x00, 0x00, 0x00, 0x00,
  0x00, 0x00, 0x00, 0x00, 0x00, 0x00, 0x00, 0x00, 0x00, 0x00, 0x00, 0x00, 0x00, 0x00, 0x00, 0x00,
  0x00, 0x00, 0x00, 0x00, 0x00, 0x00, 0x00, 0x00, 0x00, 0x00, 0x00, 0x00, 0x00, 0x00, 0x00, 0x00,
  0x00, 0x00, 0x00, 0x00, 0x00, 0x00, 0x00, 0x00, 0x00, 0x00, 0x00, 0x00, 0x00, 0x00, 0x00, 0x00,
  0x00, 0x00, 0x00, 0x00, 0x00, 0x00, 0x00, 0x00, 0x00, 0x00, 0x00, 0x00, 0x00, 0x00, 0x00, 0x00,
  0x00, 0x00, 0x00, 0x00, 0x00, 0x00, 0x00, 0x00, 0x00, 0x00, 0x00, 0x00, 0x00, 0x00, 0x00, 0x00,
  0x00, 0x00, 0x00, 0x00, 0x00, 0x00, 0x00, 0x00, 0x00, 0x00, 0x00, 0x00, 0x00, 0x00, 0x00, 0x00,
  0x00, 0x00, 0x00, 0x00, 0x00, 0x00, 0x00, 0x00, 0x00, 0x00, 0x00, 0x00, 0x00, 0x00, 0x00, 0x00,
  0x00, 0x00, 0x00, 0x00, 0x00, 0x00, 0x00, 0x00, 0x00, 0x00, 0x00, 0x00, 0x00, 0x00, 0x00, 0x00,
  0x00, 0x00, 0x00, 0x00, 0x00, 0x00, 0x00, 0x00, 0x00, 0x00, 0x00, 0x00, 0x00, 0x00, 0x00, 0x00,
  0x00, 0x00, 0x00, 0x00, 0x00, 0x00, 0x00, 0x00, 0x00, 0x00, 0x00, 0x00, 0x00, 0x00, 0x00, 0x00,
  0x00, 0x00, 0x00, 0x00, 0x00, 0x00, 0x00, 0x00, 0x00, 0x00, 0x00, 0x00, 0x00, 0x00, 0x00, 0x00,
  0x00, 0x00, 0x00, 0x00, 0x00, 0x00, 0x00, 0x00, 0x00, 0x00, 0x00, 0x00, 0x00, 0x00, 0x00, 0x00,
  0x00, 0x00, 0x00, 0x00, 0x00, 0x00, 0x00, 0x00, 0x00, 0x00, 0x00, 0x00, 0x00, 0x00, 0x00, 0x00,
  0x00, 0x00, 0x00, 0x00, 0x00, 0x00, 0x00, 0x00, 0x00, 0x00, 0x00, 0x00, 0x00, 0x00, 0x00, 0x00,
  0x00, 0x00, 0x00, 0x00, 0x00, 0x00, 0x00, 0x00, 0x00, 0x00, 0x00, 0x00, 0x00, 0x00, 0x00, 0x00,
  0x00, 0x00, 0x00, 0x00, 0x00, 0x00, 0x00, 0x00, 0x00, 0x00, 0x00, 0x00, 0x00, 0x00, 0x00, 0x00,
  0x00, 0x00, 0x00, 0x00, 0x00, 0x00, 0x00, 0x00, 0x00, 0x00, 0x00, 0x00, 0x00, 0x00, 0x00, 0x00,
  0x00, 0x00, 0x00, 0x00, 0x00, 0x00, 0x00, 0x00, 0x00, 0x00, 0x00, 0x00, 0x00, 0x00, 0x00, 0x00,
  0x00, 0x00, 0x00, 0x00, 0x00, 0x00, 0x00, 0x00, 0x00, 0x00, 0x00, 0x00, 0x00, 0x00, 0x00, 0x00,
  0x00, 0x00, 0x00, 0x00, 0x00, 0x00, 0x00, 0x00, 0x00, 0x00, 0x00, 0x00, 0x00, 0x00, 0x00, 0x00,
  0x00, 0x00, 0x00, 0x00, 0x00, 0x00, 0x00, 0x00, 0x00, 0x00, 0x00, 0x00, 0x00, 0x00, 0x00, 0x00,
  0x00, 0x00, 0x00, 0x00, 0x00, 0x00, 0x00, 0x00, 0x00, 0x00, 0x00, 0x00, 0x00, 0x00, 0x00, 0x00,
  0x00, 0x00, 0x00, 0x00, 0x00, 0x00, 0x00, 0x00, 0x00, 0x00, 0x00, 0x00, 0x00, 0x00, 0x00, 0x00,
  0x00, 0x00, 0x00, 0x00, 0x00, 0x00, 0x00, 0x00, 0x00, 0x00, 0x00, 0x00, 0x00, 0x00, 0x00, 0x00,
  0x00, 0x00, 0x00, 0x00, 0x00, 0x00, 0x00, 0x00, 0x00, 0x00, 0x00, 0x00, 0x00, 0x00, 0x00, 0x00,
  0x00, 0x00, 0x00, 0x00, 0x00, 0x00, 0x00, 0x00, 0x00, 0x00, 0x00, 0x00, 0x00, 0x00, 0x00, 0x00,
  0x00, 0x00, 0x00, 0x00, 0x00, 0x00, 0x00, 0x00, 0x00, 0x00, 0x00, 0x00, 0x00, 0x00, 0x00, 0x00,
  0x00, 0x00, 0x00, 0x00, 0x00, 0x00, 0x00, 0x00, 0x00, 0x00, 0x00, 0x00, 0x00, 0x00, 0x00, 0x00,
  0x00, 0x00, 0x00, 0x00, 0x00, 0x00, 0x00, 0x00, 0x00, 0x00, 0x00, 0x00, 0x00, 0x00, 0x00, 0x00,
  
};

const lv_image_dsc_t logo_IBM = {
  .header = { .magic = LV_IMAGE_HEADER_MAGIC, .cf = LV_COLOR_FORMAT_ARGB8888, .flags = 0, .w = 48, .h = 48, .stride = 192, .reserved_2 = 0 },
  .data_size = sizeof(logo_IBM_data),
  .data = logo_IBM_data,
  .reserved = nullptr,
};

static const LV_ATTRIBUTE_LARGE_CONST uint8_t logo_MU_data[] = {
  0x00, 0x00, 0x00, 0x00, 0x00, 0x00, 0x00, 0x00, 0x00, 0x00, 0x00, 0x00, 0x00, 0x00, 0x00, 0x00,
  0x00, 0x00, 0x00, 0x00, 0x00, 0x00, 0x00, 0x00, 0x00, 0x00, 0x00, 0x00, 0x00, 0x00, 0x00, 0x00,
  0x00, 0x00, 0x00, 0x00, 0x00, 0x00, 0x00, 0x00, 0x00, 0x00, 0x00, 0x00, 0x00, 0x00, 0x00, 0x00,
  0x00, 0x00, 0x00, 0x00, 0x00, 0x00, 0x00, 0x00, 0x00, 0x00, 0x00, 0x00, 0x00, 0x00, 0x00, 0x00,
  0x00, 0x00, 0x00, 0x00, 0x00, 0x00, 0x00, 0x00, 0x00, 0x00, 0x00, 0x00, 0x00, 0x00, 0x00, 0x00,
  0x00, 0x00, 0x00, 0x00, 0x00, 0x00, 0x00, 0x00, 0x00, 0x00, 0x00, 0x00, 0x00, 0x00, 0x00, 0x00,
  0x00, 0x00, 0x00, 0x00, 0x00, 0x00, 0x00, 0x00, 0x00, 0x00, 0x00, 0x00, 0x00, 0x00, 0x00, 0x00,
  0x00, 0x00, 0x00, 0x00, 0x00, 0x00, 0x00, 0x00, 0x00, 0x00, 0x00, 0x00, 0x00, 0x00, 0x00, 0x00,
  0x00, 0x00, 0x00, 0x00, 0x00, 0x00, 0x00, 0x00, 0x00, 0x00, 0x00, 0x00, 0x00, 0x00, 0x00, 0x00,
  0x00, 0x00, 0x00, 0x00, 0x00, 0x00, 0x00, 0x00, 0x00, 0x00, 0x00, 0x00, 0x00, 0x00, 0x00, 0x00,
  0x00, 0x00, 0x00, 0x00, 0x00, 0x00, 0x00, 0x00, 0x00, 0x00, 0x00, 0x00, 0x00, 0x00, 0x00, 0x00,
  0x00, 0x00, 0x00, 0x00, 0x00, 0x00, 0x00, 0x00, 0x00, 0x00, 0x00, 0x00, 0x00, 0x00, 0x00, 0x00,
  0x00, 0x00, 0x00, 0x00, 0x00, 0x00, 0x00, 0x00, 0x00, 0x00, 0x00, 0x00, 0x00, 0x00, 0x00, 0x00,
  0x00, 0x00, 0x00, 0x00, 0x00, 0x00, 0x00, 0x00, 0x00, 0x00, 0x00, 0x00, 0x00, 0x00, 0x00, 0x00,
  0x00, 0x00, 0x00, 0x00, 0x00, 0x00, 0x00, 0x00, 0x00, 0x00, 0x00, 0x00, 0x00, 0x00, 0x00, 0x00,
  0x00, 0x00, 0x00, 0x00, 0x00, 0x00, 0x00, 0x00, 0x00, 0x00, 0x00, 0x00, 0x00, 0x00, 0x00, 0x00,
  0x00, 0x00, 0x00, 0x00, 0x00, 0x00, 0x00, 0x00, 0x00, 0x00, 0x00, 0x00, 0x00, 0x00, 0x00, 0x00,
  0x00, 0x00, 0x00, 0x00, 0x00, 0x00, 0x00, 0x00, 0x00, 0x00, 0x00, 0x00, 0x00, 0x00, 0x00, 0x00,
  0x00, 0x00, 0x00, 0x00, 0x00, 0x00, 0x00, 0x00, 0x00, 0x00, 0x00, 0x00, 0x00, 0x00, 0x00, 0x00,
  0x00, 0x00, 0x00, 0x00, 0x00, 0x00, 0x00, 0x00, 0x00, 0x00, 0x00, 0x00, 0x00, 0x00, 0x00, 0x00,
  0x00, 0x00, 0x00, 0x00, 0x00, 0x00, 0x00, 0x00, 0x00, 0x00, 0x00, 0x00, 0x00, 0x00, 0x00, 0x00,
  0x00, 0x00, 0x00, 0x00, 0x00, 0x00, 0x00, 0x00, 0x00, 0x00, 0x00, 0x00, 0x00, 0x00, 0x00, 0x00,
  0x00, 0x00, 0x00, 0x00, 0x00, 0x00, 0x00, 0x00, 0x00, 0x00, 0x00, 0x00, 0x00, 0x00, 0x00, 0x00,
  0x00, 0x00, 0x00, 0x00, 0x00, 0x00, 0x00, 0x00, 0x00, 0x00, 0x00, 0x00, 0x00, 0x00, 0x00, 0x00,
  0x00, 0x00, 0x00, 0x00, 0x00, 0x00, 0x00, 0x00, 0x00, 0x00, 0x00, 0x00, 0x00, 0x00, 0x00, 0x00,
  0x00, 0x00, 0x00, 0x00, 0x00, 0x00, 0x00, 0x00, 0x00, 0x00, 0x00, 0x00, 0x00, 0x00, 0x00, 0x00,
  0x00, 0x00, 0x00, 0x00, 0x00, 0x00, 0x00, 0x00, 0x00, 0x00, 0x00, 0x00, 0x00, 0x00, 0x00, 0x00,
  0x00, 0x00, 0x00, 0x00, 0x00, 0x00, 0x00, 0x00, 0x00, 0x00, 0x00, 0x00, 0x00, 0x00, 0x00, 0x00,
  0x00, 0x00, 0x00, 0x00, 0x00, 0x00, 0x00, 0x00, 0x00, 0x00, 0x00, 0x00, 0x00, 0x00, 0x00, 0x00,
  0x00, 0x00, 0x00, 0x00, 0x00, 0x00, 0x00, 0x00, 0x00, 0x00, 0x00, 0x00, 0x00, 0x00, 0x00, 0x00,
  0x00, 0x00, 0x00, 0x00, 0x00, 0x00, 0x00, 0x00, 0x00, 0x00, 0x00, 0x00, 0x00, 0x00, 0x00, 0x00,
  0x00, 0x00, 0x00, 0x00, 0x00, 0x00, 0x00, 0x00, 0x00, 0x00, 0x00, 0x00, 0x00, 0x00, 0x00, 0x00,
  0x00, 0x00, 0x00, 0x00, 0x00, 0x00, 0x00, 0x00, 0x00, 0x00, 0x00, 0x00, 0x00, 0x00, 0x00, 0x00,
  0x00, 0x00, 0x00, 0x00, 0x00, 0x00, 0x00, 0x00, 0x00, 0x00, 0x00, 0x00, 0x00, 0x00, 0x00, 0x00,
  0x00, 0x00, 0x00, 0x00, 0x00, 0x00, 0x00, 0x00, 0x00, 0x00, 0x00, 0x00, 0x00, 0x00, 0x00, 0x00,
  0x00, 0x00, 0x00, 0x00, 0x00, 0x00, 0x00, 0x00, 0x00, 0x00, 0x00, 0x00, 0x00, 0x00, 0x00, 0x00,
  0x00, 0x00, 0x00, 0x00, 0x00, 0x00, 0x00, 0x00, 0x00, 0x00, 0x00, 0x00, 0x00, 0x00, 0x00, 0x00,
  0x00, 0x00, 0x00, 0x00, 0x00, 0x00, 0x00, 0x00, 0x00, 0x00, 0x00, 0x00, 0x00, 0x00, 0x00, 0x00,
  0x00, 0x00, 0x00, 0x00, 0x00, 0x00, 0x00, 0x00, 0x00, 0x00, 0x00, 0x00, 0x00, 0x00, 0x00, 0x00,
  0x00, 0x00, 0x00, 0x00, 0x00, 0x00, 0x00, 0x00, 0x00, 0x00, 0x00, 0x00, 0x00, 0x00, 0x00, 0x00,
  0x00, 0x00, 0x00, 0x00, 0x00, 0x00, 0x00, 0x00, 0x00, 0x00, 0x00, 0x00, 0x00, 0x00, 0x00, 0x00,
  0x00, 0x00, 0x00, 0x00, 0x00, 0x00, 0x00, 0x00, 0x00, 0x00, 0x00, 0x00, 0x00, 0x00, 0x00, 0x00,
  0x00, 0x00, 0x00, 0x00, 0x00, 0x00, 0x00, 0x00, 0x00, 0x00, 0x00, 0x00, 0x00, 0x00, 0x00, 0x00,
  0x00, 0x00, 0x00, 0x00, 0x00, 0x00, 0x00, 0x00, 0x00, 0x00, 0x00, 0x00, 0x00, 0x00, 0x00, 0x00,
  0x00, 0x00, 0x00, 0x00, 0x00, 0x00, 0x00, 0x00, 0x00, 0x00, 0x00, 0x00, 0x00, 0x00, 0x00, 0x00,
  0x00, 0x00, 0x00, 0x00, 0x00, 0x00, 0x00, 0x00, 0x00, 0x00, 0x00, 0x00, 0x00, 0x00, 0x00, 0x00,
  0x00, 0x00, 0x00, 0x00, 0x00, 0x00, 0x00, 0x00, 0x00, 0x00, 0x00, 0x00, 0x00, 0x00, 0x00, 0x00,
  0x00, 0x00, 0x00, 0x00, 0x00, 0x00, 0x00, 0x00, 0x00, 0x00, 0x00, 0x00, 0x00, 0x00, 0x00, 0x00,
  0x00, 0x00, 0x00, 0x00, 0x00, 0x00, 0x00, 0x00, 0x00, 0x00, 0x00, 0x00, 0x00, 0x00, 0x00, 0x00,
  0x00, 0x00, 0x00, 0x00, 0x00, 0x00, 0x00, 0x00, 0x00, 0x00, 0x00, 0x00, 0x00, 0x00, 0x00, 0x00,
  0x00, 0x00, 0x00, 0x00, 0x00, 0x00, 0x00, 0x00, 0x00, 0x00, 0x00, 0x00, 0x00, 0x00, 0x00, 0x00,
  0x00, 0x00, 0x00, 0x00, 0x00, 0x00, 0x00, 0x00, 0x00, 0x00, 0x00, 0x00, 0x00, 0x00, 0x00, 0x00,
  0x00, 0x00, 0x00, 0x00, 0x00, 0x00, 0x00, 0x00, 0x00, 0x00, 0x00, 0x00, 0x00, 0x00, 0x00, 0x00,
  0x00, 0x00, 0x00, 0x00, 0x00, 0x00, 0x00, 0x00, 0x00, 0x00, 0x00, 0x00, 0x00, 0x00, 0x00, 0x00,
  0x00, 0x00, 0x00, 0x00, 0x00, 0x00, 0x00, 0x00, 0x00, 0x00, 0x00, 0x00, 0x00, 0x00, 0x00, 0x00,
  0x00, 0x00, 0x00, 0x00, 0x00, 0x00, 0x00, 0x00, 0x00, 0x00, 0x00, 0x00, 0x00, 0x00, 0x00, 0x00,
  0x00, 0x00, 0x00, 0x00, 0x00, 0x00, 0x00, 0x00, 0x00, 0x00, 0x00, 0x00, 0x00, 0x00, 0x00, 0x00,
  0x00, 0x00, 0x00, 0x00, 0x00, 0x00, 0x00, 0x00, 0x00, 0x00, 0x00, 0x00, 0x00, 0x00, 0x00, 0x00,
  0x00, 0x00, 0x00, 0x00, 0x00, 0x00, 0x00, 0x00, 0x00, 0x00, 0x00, 0x00, 0x00, 0x00, 0x00, 0x00,
  0x00, 0x00, 0x00, 0x00, 0x00, 0x00, 0x00, 0x00, 0x00, 0x00, 0x00, 0x00, 0x00, 0x00, 0x00, 0x00,
  0x00, 0x00, 0x00, 0x00, 0x00, 0x00, 0x00, 0x00, 0x00, 0x00, 0x00, 0x00, 0x00, 0x00, 0x00, 0x00,
  0x00, 0x00, 0x00, 0x00, 0x00, 0x00, 0x00, 0x00, 0x00, 0x00, 0x00, 0x00, 0x00, 0x00, 0x00, 0x00,
  0x00, 0x00, 0x00, 0x00, 0x00, 0x00, 0x00, 0x00, 0x00, 0x00, 0x00, 0x00, 0x00, 0x00, 0x00, 0x00,
  0x00, 0x00, 0x00, 0x00, 0x00, 0x00, 0x00, 0x00, 0x00, 0x00, 0x00, 0x00, 0x00, 0x00, 0x00, 0x00,
  0x00, 0x00, 0x00, 0x00, 0x00, 0x00, 0x00, 0x00, 0x00, 0x00, 0x00, 0x00, 0x00, 0x00, 0x00, 0x00,
  0x00, 0x00, 0x00, 0x00, 0x00, 0x00, 0x00, 0x00, 0x00, 0x00, 0x00, 0x00, 0x00, 0x00, 0x00, 0x00,
  0x00, 0x00, 0x00, 0x00, 0x00, 0x00, 0x00, 0x00, 0x00, 0x00, 0x00, 0x00, 0x00, 0x00, 0x00, 0x00,
  0x00, 0x00, 0x00, 0x00, 0x00, 0x00, 0x00, 0x00, 0x00, 0x00, 0x00, 0x00, 0x00, 0x00, 0x00, 0x00,
  0x00, 0x00, 0x00, 0x00, 0x00, 0x00, 0x00, 0x00, 0x00, 0x00, 0x00, 0x00, 0x00, 0x00, 0x00, 0x00,
  0x00, 0x00, 0x00, 0x00, 0x00, 0x00, 0x00, 0x00, 0x00, 0x00, 0x00, 0x00, 0x00, 0x00, 0x00, 0x00,
  0x00, 0x00, 0x00, 0x00, 0x00, 0x00, 0x00, 0x00, 0x00, 0x00, 0x00, 0x00, 0x00, 0x00, 0x00, 0x00,
  0x00, 0x00, 0x00, 0x00, 0x00, 0x00, 0x00, 0x00, 0x00, 0x00, 0x00, 0x00, 0x00, 0x00, 0x00, 0x00,
  0x00, 0x00, 0x00, 0x00, 0x00, 0x00, 0x00, 0x00, 0x00, 0x00, 0x00, 0x00, 0x00, 0x00, 0x00, 0x00,
  0x00, 0x00, 0x00, 0x00, 0x00, 0x00, 0x00, 0x00, 0x00, 0x00, 0x00, 0x00, 0x00, 0x00, 0x00, 0x00,
  0x00, 0x00, 0x00, 0x00, 0x00, 0x00, 0x00, 0x00, 0x00, 0x00, 0x00, 0x00, 0x00, 0x00, 0x00, 0x00,
  0x00, 0x00, 0x00, 0x00, 0x00, 0x00, 0x00, 0x00, 0x00, 0x00, 0x00, 0x00, 0x00, 0x00, 0x00, 0x00,
  0x00, 0x00, 0x00, 0x00, 0x00, 0x00, 0x00, 0x00, 0x00, 0x00, 0x00, 0x00, 0x00, 0x00, 0x00, 0x00,
  0x00, 0x00, 0x00, 0x00, 0x00, 0x00, 0x00, 0x00, 0x00, 0x00, 0x00, 0x00, 0x00, 0x00, 0x00, 0x00,
  0x00, 0x00, 0x00, 0x00, 0x00, 0x00, 0x00, 0x00, 0x00, 0x00, 0x00, 0x00, 0x00, 0x00, 0x00, 0x00,
  0x00, 0x00, 0x00, 0x00, 0x00, 0x00, 0x00, 0x00, 0x00, 0x00, 0x00, 0x00, 0x00, 0x00, 0x00, 0x00,
  0x00, 0x00, 0x00, 0x00, 0x00, 0x00, 0x00, 0x00, 0x00, 0x00, 0x00, 0x00, 0x00, 0x00, 0x00, 0x00,
  0x00, 0x00, 0x00, 0x00, 0x00, 0x00, 0x00, 0x00, 0x00, 0x00, 0x00, 0x00, 0x00, 0x00, 0x00, 0x00,
  0x00, 0x00, 0x00, 0x00, 0x00, 0x00, 0x00, 0x00, 0x00, 0x00, 0x00, 0x00, 0x00, 0x00, 0x00, 0x00,
  0x00, 0x00, 0x00, 0x00, 0x00, 0x00, 0x00, 0x00, 0x00, 0x00, 0x00, 0x00, 0x00, 0x00, 0x00, 0x00,
  0x00, 0x00, 0x00, 0x00, 0x00, 0x00, 0x00, 0x00, 0x00, 0x00, 0x00, 0x00, 0x00, 0x00, 0x00, 0x00,
  0x00, 0x00, 0x00, 0x00, 0x00, 0x00, 0x00, 0x00, 0x00, 0x00, 0x00, 0x00, 0x00, 0x00, 0x00, 0x00,
  0x00, 0x00, 0x00, 0x00, 0x00, 0x00, 0x00, 0x00, 0x00, 0x00, 0x00, 0x00, 0x00, 0x00, 0x00, 0x00,
  0x00, 0x00, 0x00, 0x00, 0x00, 0x00, 0x00, 0x00, 0x00, 0x00, 0x00, 0x00, 0x00, 0x00, 0x00, 0x00,
  0x00, 0x00, 0x00, 0x00, 0x00, 0x00, 0x00, 0x00, 0x00, 0x00, 0x00, 0x00, 0x00, 0x00, 0x00, 0x00,
  0x00, 0x00, 0x00, 0x00, 0x00, 0x00, 0x00, 0x00, 0x00, 0x00, 0x00, 0x00, 0x00, 0x00, 0x00, 0x00,
  0x00, 0x00, 0x00, 0x00, 0x00, 0x00, 0x00, 0x00, 0x00, 0x00, 0x00, 0x00, 0x00, 0x00, 0x00, 0x00,
  0x00, 0x00, 0x00, 0x00, 0x00, 0x00, 0x00, 0x00, 0x00, 0x00, 0x00, 0x00, 0x00, 0x00, 0x00, 0x00,
  0x00, 0x00, 0x00, 0x00, 0x00, 0x00, 0x00, 0x00, 0x00, 0x00, 0x00, 0x00, 0x00, 0x00, 0x00, 0x00,
  0x00, 0x00, 0x00, 0x00, 0x00, 0x00, 0x00, 0x00, 0x00, 0x00, 0x00, 0x00, 0x00, 0x00, 0x00, 0x00,
  0x00, 0x00, 0x00, 0x00, 0x00, 0x00, 0x00, 0x00, 0x00, 0x00, 0x00, 0x00, 0x00, 0x00, 0x00, 0x00,
  0x00, 0x00, 0x00, 0x00, 0x00, 0x00, 0x00, 0x00, 0x00, 0x00, 0x00, 0x00, 0x00, 0x00, 0x00, 0x00,
  0x00, 0x00, 0x00, 0x00, 0x00, 0x00, 0x00, 0x00, 0x00, 0x00, 0x00, 0x00, 0x00, 0x00, 0x00, 0x00,
  0x00, 0x00, 0x00, 0x00, 0x00, 0x00, 0x00, 0x00, 0x00, 0x00, 0x00, 0x00, 0x00, 0x00, 0x00, 0x00,
  0x00, 0x00, 0x00, 0x00, 0x00, 0x00, 0x00, 0x00, 0x00, 0x00, 0x00, 0x00, 0x00, 0x00, 0x00, 0x00,
  0x00, 0x00, 0x00, 0x00, 0x00, 0x00, 0x00, 0x00, 0x00, 0x00, 0x00, 0x00, 0x00, 0x00, 0x00, 0x00,
  0x00, 0x00, 0x00, 0x00, 0x00, 0x00, 0x00, 0x00, 0x00, 0x00, 0x00, 0x00, 0x00, 0x00, 0x00, 0x00,
  0x00, 0x00, 0x00, 0x00, 0x00, 0x00, 0x00, 0x00, 0x00, 0x00, 0x00, 0x00, 0x00, 0x00, 0x00, 0x00,
  0x00, 0x00, 0x00, 0x00, 0x00, 0x00, 0x00, 0x00, 0x00, 0x00, 0x00, 0x00, 0x00, 0x00, 0x00, 0x00,
  0x00, 0x00, 0x00, 0x00, 0x00, 0x00, 0x00, 0x00, 0x00, 0x00, 0x00, 0x00, 0x00, 0x00, 0x00, 0x00,
  0x00, 0x00, 0x00, 0x00, 0x00, 0x00, 0x00, 0x00, 0x00, 0x00, 0x00, 0x00, 0x00, 0x00, 0x00, 0x00,
  0x00, 0x00, 0x00, 0x00, 0x00, 0x00, 0x00, 0x00, 0x00, 0x00, 0x00, 0x00, 0x00, 0x00, 0x00, 0x00,
  0x00, 0x00, 0x00, 0x00, 0x00, 0x00, 0x00, 0x00, 0x00, 0x00, 0x00, 0x00, 0x00, 0x00, 0x00, 0x00,
  0x00, 0x00, 0x00, 0x00, 0x00, 0x00, 0x00, 0x00, 0x00, 0x00, 0x00, 0x00, 0x00, 0x00, 0x00, 0x00,
  0x00, 0x00, 0x00, 0x00, 0x00, 0x00, 0x00, 0x00, 0x00, 0x00, 0x00, 0x00, 0x00, 0x00, 0x00, 0x00,
  0x00, 0x00, 0x00, 0x00, 0x00, 0x00, 0x00, 0x00, 0x00, 0x00, 0x00, 0x00, 0x00, 0x00, 0x00, 0x00,
  0x00, 0x00, 0x00, 0x00, 0x00, 0x00, 0x00, 0x00, 0x00, 0x00, 0x00, 0x00, 0x00, 0x00, 0x00, 0x00,
  0x00, 0x00, 0x00, 0x00, 0x00, 0x00, 0x00, 0x00, 0x00, 0x00, 0x00, 0x00, 0x00, 0x00, 0x00, 0x00,
  0x00, 0x00, 0x00, 0x00, 0x00, 0x00, 0x00, 0x00, 0x00, 0x00, 0x00, 0x00, 0x00, 0x00, 0x00, 0x00,
  0x00, 0x00, 0x00, 0x00, 0x00, 0x00, 0x00, 0x00, 0x00, 0x00, 0x00, 0x00, 0x00, 0x00, 0x00, 0x00,
  0x00, 0x00, 0x00, 0x00, 0x00, 0x00, 0x00, 0x00, 0x00, 0x00, 0x00, 0x00, 0x00, 0x00, 0x00, 0x00,
  0x00, 0x00, 0x00, 0x00, 0x00, 0x00, 0x00, 0x00, 0x00, 0x00, 0x00, 0x00, 0x00, 0x00, 0x00, 0x00,
  0x00, 0x00, 0x00, 0x00, 0x00, 0x00, 0x00, 0x00, 0x00, 0x00, 0x00, 0x00, 0x00, 0x00, 0x00, 0x00,
  0x00, 0x00, 0x00, 0x00, 0x00, 0x00, 0x00, 0x00, 0x00, 0x00, 0x00, 0x00, 0x00, 0x00, 0x00, 0x00,
  0x00, 0x00, 0x00, 0x00, 0x00, 0x00, 0x00, 0x00, 0x00, 0x00, 0x00, 0x00, 0x00, 0x00, 0x00, 0x00,
  0x00, 0x00, 0x00, 0x00, 0x00, 0x00, 0x00, 0x00, 0x00, 0x00, 0x00, 0x00, 0x00, 0x00, 0x00, 0x00,
  0x00, 0x00, 0x00, 0x00, 0x00, 0x00, 0x00, 0x00, 0x00, 0x00, 0x00, 0x00, 0x00, 0x00, 0x00, 0x00,
  0x00, 0x00, 0x00, 0x00, 0x00, 0x00, 0x00, 0x00, 0x00, 0x00, 0x00, 0x00, 0x00, 0x00, 0x00, 0x00,
  0x00, 0x00, 0x00, 0x00, 0x00, 0x00, 0x00, 0x00, 0x00, 0x00, 0x00, 0x00, 0x00, 0x00, 0x00, 0x00,
  0x00, 0x00, 0x00, 0x00, 0x00, 0x00, 0x00, 0x00, 0x00, 0x00, 0x00, 0x00, 0x00, 0x00, 0x00, 0x00,
  0x00, 0x00, 0x00, 0x00, 0x00, 0x00, 0x00, 0x00, 0x00, 0x00, 0x00, 0x00, 0x00, 0x00, 0x00, 0x00,
  0x00, 0x00, 0x00, 0x00, 0x00, 0x00, 0x00, 0x00, 0x00, 0x00, 0x00, 0x00, 0x00, 0x00, 0x00, 0x00,
  0x00, 0x00, 0x00, 0x00, 0x00, 0x00, 0x00, 0x00, 0x00, 0x00, 0x00, 0x00, 0x00, 0x00, 0x00, 0x00,
  0x00, 0x00, 0x00, 0x00, 0x00, 0x00, 0x00, 0x00, 0x00, 0x00, 0x00, 0x00, 0x00, 0x00, 0x00, 0x00,
  0x00, 0x00, 0x00, 0x00, 0x00, 0x00, 0x00, 0x00, 0x00, 0x00, 0x00, 0x00, 0x00, 0x00, 0x00, 0x00,
  0x00, 0x00, 0x00, 0x00, 0x00, 0x00, 0x00, 0x00, 0x00, 0x00, 0x00, 0x00, 0x00, 0x00, 0x00, 0x00,
  0x00, 0x00, 0x00, 0x00, 0x00, 0x00, 0x00, 0x00, 0x00, 0x00, 0x00, 0x00, 0x00, 0x00, 0x00, 0x00,
  0x00, 0x00, 0x00, 0x00, 0x00, 0x00, 0x00, 0x00, 0x00, 0x00, 0x00, 0x00, 0x00, 0x00, 0x00, 0x00,
  0x00, 0x00, 0x00, 0x00, 0x00, 0x00, 0x00, 0x00, 0x00, 0x00, 0x00, 0x00, 0x00, 0x00, 0x00, 0x00,
  0x00, 0x00, 0x00, 0x00, 0x00, 0x00, 0x00, 0x00, 0x00, 0x00, 0x00, 0x00, 0x00, 0x00, 0x00, 0x00,
  0x00, 0x00, 0x00, 0x00, 0x00, 0x00, 0x00, 0x00, 0x00, 0x00, 0x00, 0x00, 0x00, 0x00, 0x00, 0x00,
  0x00, 0x00, 0x00, 0x00, 0x00, 0x00, 0x00, 0x00, 0x00, 0x00, 0x00, 0x01, 0x00, 0x00, 0x00, 0x02,
  0x00, 0x00, 0x00, 0x02, 0x00, 0x00, 0x00, 0x05, 0x00, 0x00, 0x00, 0x08, 0x00, 0x00, 0x00, 0x09,
  0x00, 0x00, 0x00, 0x09, 0x00, 0x00, 0x00, 0x09, 0x00, 0x00, 0x00, 0x09, 0x00, 0x00, 0x00, 0x09,
  0x00, 0x00, 0x00, 0x07, 0x00, 0x00, 0x00, 0x03, 0x00, 0x00, 0x00, 0x01, 0x00, 0x00, 0x00, 0x01,
  0x00, 0x00, 0x00, 0x00, 0x00, 0x00, 0x00, 0x00, 0x00, 0x00, 0x00, 0x02, 0x00, 0x00, 0x00, 0x01,
  0x00, 0x00, 0x00, 0x02, 0x00, 0x00, 0x00, 0x06, 0x00, 0x00, 0x00, 0x09, 0x00, 0x00, 0x00, 0x09,
  0x00, 0x00, 0x00, 0x09, 0x00, 0x00, 0x00, 0x09, 0x00, 0x00, 0x00, 0x09, 0x00, 0x00, 0x00, 0x08,
  0x00, 0x00, 0x00, 0x05, 0x00, 0x00, 0x00, 0x01, 0x00, 0x00, 0x00, 0x02, 0x00, 0x00, 0x00, 0x01,
  0x00, 0x00, 0x00, 0x00, 0x00, 0x00, 0x00, 0x00, 0x00, 0x00, 0x00, 0x00, 0x00, 0x00, 0x00, 0x00,
  0x00, 0x00, 0x00, 0x00, 0x00, 0x00, 0x00, 0x00, 0x00, 0x00, 0x00, 0x00, 0x00, 0x00, 0x00, 0x00,
  0x00, 0x00, 0x00, 0x00, 0x00, 0x00, 0x00, 0x00, 0x00, 0x00, 0x00, 0x00, 0x00, 0x00, 0x00, 0x00,
  0x00, 0x00, 0x00, 0x00, 0x00, 0x00, 0x00, 0x00, 0x00, 0x00, 0x00, 0x00, 0x00, 0x00, 0x00, 0x00,
  0x00, 0x00, 0x00, 0x00, 0x00, 0x00, 0x00, 0x01, 0x00, 0x00, 0x00, 0x00, 0x00, 0x00, 0x00, 0x00,
  0x00, 0x00, 0x00, 0x34, 0x00, 0x00, 0x00, 0x8f, 0x00, 0x00, 0x00, 0xde, 0x00, 0x00, 0x00, 0xf7,
  0x00, 0x00, 0x00, 0xf5, 0x00, 0x00, 0x00, 0xf3, 0x00, 0x00, 0x00, 0xf6, 0x00, 0x00, 0x00, 0xf5,
  0x00, 0x00, 0x00, 0xcb, 0x00, 0x00, 0x00, 0x71, 0x00, 0x00, 0x00, 0x11, 0x00, 0x00, 0x00, 0x00,
  0x00, 0x00, 0x00, 0x02, 0x00, 0x00, 0x00, 0x02, 0x00, 0x00, 0x00, 0x00, 0x00, 0x00, 0x00, 0x0a,
  0x00, 0x00, 0x00, 0x4a, 0x00, 0x00, 0x00, 0xa7, 0x00, 0x00, 0x00, 0xf1, 0x00, 0x00, 0x00, 0xf6,
  0x00, 0x00, 0x00, 0xf2, 0x00, 0x00, 0x00, 0xf5, 0x00, 0x00, 0x00, 0xf5, 0x00, 0x00, 0x00, 0xef,
  0x00, 0x00, 0x00, 0x90, 0x00, 0x00, 0x00, 0x1a, 0x00, 0x00, 0x00, 0x00, 0x00, 0x00, 0x00, 0x00,
  0x00, 0x00, 0x00, 0x00, 0x00, 0x00, 0x00, 0x00, 0x00, 0x00, 0x00, 0x00, 0x00, 0x00, 0x00, 0x00,
  0x00, 0x00, 0x00, 0x00, 0x00, 0x00, 0x00, 0x00, 0x00, 0x00, 0x00, 0x00, 0x00, 0x00, 0x00, 0x00,
  0x00, 0x00, 0x00, 0x00, 0x00, 0x00, 0x00, 0x00, 0x00, 0x00, 0x00, 0x00, 0x00, 0x00, 0x00, 0x00,
  0x00, 0x00, 0x00, 0x00, 0x00, 0x00, 0x00, 0x00, 0x00, 0x00, 0x00, 0x00, 0x00, 0x00, 0x00, 0x00,
  0x00, 0x00, 0x00, 0x01, 0x00, 0x00, 0x00, 0x00, 0x00, 0x00, 0x00, 0x19, 0x00, 0x00, 0x00, 0x65,
  0x00, 0x00, 0x00, 0xa0, 0x00, 0x00, 0x00, 0xd1, 0x00, 0x00, 0x00, 0xf5, 0x00, 0x00, 0x00, 0xff,
  0x00, 0x00, 0x00, 0xf9, 0x00, 0x00, 0x00, 0xf7, 0x00, 0x00, 0x00, 0xfb, 0x00, 0x00, 0x00, 0xfc,
  0x00, 0x00, 0x00, 0xeb, 0x00, 0x00, 0x00, 0xc4, 0x00, 0x00, 0x00, 0x7b, 0x00, 0x00, 0x00, 0x21,
  0x00, 0x00, 0x00, 0x00, 0x00, 0x00, 0x00, 0x00, 0x00, 0x00, 0x00, 0x2b, 0x00, 0x00, 0x00, 0x79,
  0x00, 0x00, 0x00, 0xad, 0x00, 0x00, 0x00, 0xda, 0x00, 0x00, 0x00, 0xfb, 0x00, 0x00, 0x00, 0xfa,
  0x00, 0x00, 0x00, 0xf8, 0x00, 0x00, 0x00, 0xfd, 0x00, 0x00, 0x00, 0xff, 0x00, 0x00, 0x00, 0xfd,
  0x00, 0x00, 0x00, 0xd2, 0x00, 0x00, 0x00, 0x8e, 0x00, 0x00, 0x00, 0x5c, 0x00, 0x00, 0x00, 0x11,
  0x00, 0x00, 0x00, 0x00, 0x00, 0x00, 0x00, 0x01, 0x00, 0x00, 0x00, 0x00, 0x00, 0x00, 0x00, 0x00,
  0x00, 0x00, 0x00, 0x00, 0x00, 0x00, 0x00, 0x00, 0x00, 0x00, 0x00, 0x00, 0x00, 0x00, 0x00, 0x00,
  0x00, 0x00, 0x00, 0x00, 0x00, 0x00, 0x00, 0x00, 0x00, 0x00, 0x00, 0x00, 0x00, 0x00, 0x00, 0x00,
  0x00, 0x00, 0x00, 0x00, 0x00, 0x00, 0x00, 0x00, 0x00, 0x00, 0x00, 0x00, 0x00, 0x00, 0x00, 0x01,
  0x00, 0x00, 0x00, 0x00, 0x00, 0x00, 0x00, 0x13, 0x00, 0x00, 0x00, 0xa4, 0x00, 0x00, 0x00, 0xfc,
  0x00, 0x00, 0x00, 0xff, 0x00, 0x00, 0x00, 0xff, 0x00, 0x00, 0x00, 0xfd, 0x00, 0x00, 0x00, 0xfe,
  0x00, 0x00, 0x00, 0xff, 0x00, 0x00, 0x00, 0xff, 0x00, 0x00, 0x00, 0xff, 0x00, 0x00, 0x00, 0xfd,
  0x00, 0x00, 0x00, 0xfc, 0x00, 0x00, 0x00, 0xff, 0x00, 0x00, 0x00, 0xfc, 0x00, 0x00, 0x00, 0xb9,
  0x00, 0x00, 0x00, 0x35, 0x00, 0x00, 0x00, 0x44, 0x00, 0x00, 0x00, 0xcb, 0x00, 0x00, 0x00, 0xfd,
  0x00, 0x00, 0x00, 0xff, 0x00, 0x00, 0x00, 0xfd, 0x00, 0x00, 0x00, 0xfe, 0x00, 0x00, 0x00, 0xff,
  0x00, 0x00, 0x00, 0xff, 0x00, 0x00, 0x00, 0xfe, 0x00, 0x00, 0x00, 0xfc, 0x00, 0x00, 0x00, 0xfc,
  0x00, 0x00, 0x00, 0xff, 0x00, 0x00, 0x00, 0xff, 0x00, 0x00, 0x00, 0xf9, 0x00, 0x00, 0x00, 0x90,
  0x00, 0x00, 0x00, 0x0d, 0x00, 0x00, 0x00, 0x00, 0x00, 0x00, 0x00, 0x01, 0x00, 0x00, 0x00, 0x00,
  0x00, 0x00, 0x00, 0x00, 0x00, 0x00, 0x00, 0x00, 0x00, 0x00, 0x00, 0x00, 0x00, 0x00, 0x00, 0x00,
  0x00, 0x00, 0x00, 0x00, 0x00, 0x00, 0x00, 0x00, 0x00, 0x00, 0x00, 0x00, 0x00, 0x00, 0x00, 0x00,
  0x00, 0x00, 0x00, 0x00, 0x00, 0x00, 0x00, 0x00, 0x00, 0x00, 0x00, 0x01, 0x00, 0x00, 0x00, 0x00,
  0x00, 0x00, 0x00, 0x0c, 0x00, 0x00, 0x00, 0x90, 0x00, 0x00, 0x00, 0xfb, 0x00, 0x00, 0x00, 0xfb,
  0x00, 0x00, 0x00, 0xfb, 0x00, 0x00, 0x00, 0xfe, 0x00, 0x00, 0x00, 0xff, 0x00, 0x00, 0x00, 0xfb,
  0x00, 0x00, 0x00, 0xef, 0x00, 0x00, 0x00, 0xec, 0x00, 0x00, 0x00, 0xf2, 0x00, 0x00, 0x00, 0xfd,
  0x00, 0x00, 0x00, 0xfd, 0x00, 0x00, 0x00, 0xfc, 0x00, 0x00, 0x00, 0xfd, 0x00, 0x00, 0x00, 0xff,
  0x00, 0x00, 0x00, 0xe7, 0x00, 0x00, 0x00, 0xeb, 0x00, 0x00, 0x00, 0xff, 0x00, 0x00, 0x00, 0xfc,
  0x00, 0x00, 0x00, 0xfd, 0x00, 0x00, 0x00, 0xff, 0x00, 0x00, 0x00, 0xfc, 0x00, 0x00, 0x00, 0xef,
  0x00, 0x00, 0x00, 0xf0, 0x00, 0x00, 0x00, 0xfc, 0x00, 0x00, 0x00, 0xff, 0x00, 0x00, 0x00, 0xfc,
  0x00, 0x00, 0x00, 0xfd, 0x00, 0x00, 0x00, 0xfb, 0x00, 0x00, 0x00, 0xfd, 0x00, 0x00, 0x00, 0xff,
  0x00, 0x00, 0x00, 0x86, 0x00, 0x00, 0x00, 0x02, 0x00, 0x00, 0x00, 0x00, 0x00, 0x00, 0x00, 0x00,
  0x00, 0x00, 0x00, 0x00, 0x00, 0x00, 0x00, 0x00, 0x00, 0x00, 0x00, 0x00, 0x00, 0x00, 0x00, 0x00,
  0x00, 0x00, 0x00, 0x00, 0x00, 0x00, 0x00, 0x00, 0x00, 0x00, 0x00, 0x00, 0x00, 0x00, 0x00, 0x00,
  0x00, 0x00, 0x00, 0x00, 0x00, 0x00, 0x00, 0x00, 0x00, 0x00, 0x00, 0x01, 0x00, 0x00, 0x00, 0x00,
  0x00, 0x00, 0x00, 0x35, 0x00, 0x00, 0x00, 0xe6, 0x00, 0x00, 0x00, 0xff, 0x00, 0x00, 0x00, 0xed,
  0x00, 0x00, 0x00, 0xf9, 0x00, 0x00, 0x00, 0xff, 0x00, 0x00, 0x00, 0xea, 0x00, 0x00, 0x00, 0x92,
  0x00, 0x00, 0x00, 0x4f, 0x00, 0x00, 0x00, 0x3f, 0x00, 0x00, 0x00, 0x59, 0x00, 0x00, 0x00, 0xa5,
  0x00, 0x00, 0x00, 0xf9, 0x00, 0x00, 0x00, 0xff, 0x00, 0x00, 0x00, 0xf7, 0x00, 0x00, 0x00, 0xfe,
  0x00, 0x00, 0x00, 0xff, 0x00, 0x00, 0x00, 0xff, 0x00, 0x00, 0x00, 0xfc, 0x00, 0x00, 0x00, 0xf5,
  0x00, 0x00, 0x00, 0xff, 0x00, 0x00, 0x00, 0xfb, 0x00, 0x00, 0x00, 0x98, 0x00, 0x00, 0x00, 0x49,
  0x00, 0x00, 0x00, 0x52, 0x00, 0x00, 0x00, 0x9a, 0x00, 0x00, 0x00, 0xdb, 0x00, 0x00, 0x00, 0xfd,
  0x00, 0x00, 0x00, 0xff, 0x00, 0x00, 0x00, 0xf8, 0x00, 0x00, 0x00, 0xf0, 0x00, 0x00, 0x00, 0xff,
  0x00, 0x00, 0x00, 0xd0, 0x00, 0x00, 0x00, 0x21, 0x00, 0x00, 0x00, 0x00, 0x00, 0x00, 0x00, 0x01,
  0x00, 0x00, 0x00, 0x00, 0x00, 0x00, 0x00, 0x00, 0x00, 0x00, 0x00, 0x00, 0x00, 0x00, 0x00, 0x00,
  0x00, 0x00, 0x00, 0x00, 0x00, 0x00, 0x00, 0x00, 0x00, 0x00, 0x00, 0x00, 0x00, 0x00, 0x00, 0x00,
  0x00, 0x00, 0x00, 0x00, 0x00, 0x00, 0x00, 0x00, 0x00, 0x00, 0x00, 0x00, 0x00, 0x00, 0x00, 0x03,
  0x00, 0x00, 0x00, 0x63, 0x00, 0x00, 0x00, 0xf4, 0x00, 0x00, 0x00, 0xfe, 0x00, 0x00, 0x00, 0xf5,
  0x00, 0x00, 0x00, 0xfe, 0x00, 0x00, 0x00, 0xdf, 0x00, 0x00, 0x00, 0x65, 0x00, 0x00, 0x00, 0x14,
  0x00, 0x00, 0x00, 0x00, 0x00, 0x00, 0x00, 0x00, 0x00, 0x00, 0x00, 0x02, 0x00, 0x00, 0x00, 0x20,
  0x00, 0x00, 0x00, 0x6a, 0x00, 0x00, 0x00, 0xdc, 0x00, 0x00, 0x00, 0xff, 0x00, 0x00, 0x00, 0xfa,
  0x00, 0x00, 0x00, 0xf4, 0x00, 0x00, 0x00, 0xf5, 0x00, 0x00, 0x00, 0xf9, 0x00, 0x00, 0x00, 0xff,
  0x00, 0x00, 0x00, 0xd9, 0x00, 0x00, 0x00, 0x77, 0x00, 0x00, 0x00, 0x19, 0x00, 0x00, 0x00, 0x00,
  0x00, 0x00, 0x00, 0x01, 0x00, 0x00, 0x00, 0x1c, 0x00, 0x00, 0x00, 0x38, 0x00, 0x00, 0x00, 0x7d,
  0x00, 0x00, 0x00, 0xdb, 0x00, 0x00, 0x00, 0xfd, 0x00, 0x00, 0x00, 0xf8, 0x00, 0x00, 0x00, 0xfd,
  0x00, 0x00, 0x00, 0xdb, 0x00, 0x00, 0x00, 0x50, 0x00, 0x00, 0x00, 0x0c, 0x00, 0x00, 0x00, 0x00,
  0x00, 0x00, 0x00, 0x00, 0x00, 0x00, 0x00, 0x00, 0x00, 0x00, 0x00, 0x00, 0x00, 0x00, 0x00, 0x00,
  0x00, 0x00, 0x00, 0x00, 0x00, 0x00, 0x00, 0x00, 0x00, 0x00, 0x00, 0x00, 0x00, 0x00, 0x00, 0x00,
  0x00, 0x00, 0x00, 0x00, 0x00, 0x00, 0x00, 0x01, 0x00, 0x00, 0x00, 0x00, 0x00, 0x00, 0x00, 0x1e,
  0x00, 0x00, 0x00, 0x9e, 0x00, 0x00, 0x00, 0xfb, 0x00, 0x00, 0x00, 0xfd, 0x00, 0x00, 0x00, 0xff,
  0x00, 0x00, 0x00, 0xec, 0x00, 0x00, 0x00, 0x6b, 0x00, 0x00, 0x00, 0x06, 0x00, 0x00, 0x00, 0x00,
  0x00, 0x00, 0x00, 0x01, 0x00, 0x00, 0x00, 0x02, 0x00, 0x00, 0x00, 0x02, 0x00, 0x00, 0x00, 0x00,
  0x00, 0x00, 0x00, 0x00, 0x00, 0x00, 0x00, 0x7a, 0x00, 0x00, 0x00, 0xfa, 0x00, 0x00, 0x00, 0xfb,
  0x00, 0x00, 0x00, 0xf8, 0x00, 0x00, 0x00, 0xf8, 0x00, 0x00, 0x00, 0xfd, 0x00, 0x00, 0x00, 0xfe,
  0x00, 0x00, 0x00, 0x76, 0x00, 0x00, 0x00, 0x04, 0x00, 0x00, 0x00, 0x00, 0x00, 0x00, 0x00, 0x01,
  0x00, 0x00, 0x00, 0x01, 0x00, 0x00, 0x00, 0x00, 0x00, 0x00, 0x00, 0x00, 0x00, 0x00, 0x00, 0x08,
  0x00, 0x00, 0x00, 0x73, 0x00, 0x00, 0x00, 0xf5, 0x00, 0x00, 0x00, 0xff, 0x00, 0x00, 0x00, 0xff,
  0x00, 0x00, 0x00, 0xe7, 0x00, 0x00, 0x00, 0x8c, 0x00, 0x00, 0x00, 0x2c, 0x00, 0x00, 0x00, 0x00,
  0x00, 0x00, 0x00, 0x00, 0x00, 0x00, 0x00, 0x00, 0x00, 0x00, 0x00, 0x00, 0x00, 0x00, 0x00, 0x00,
  0x00, 0x00, 0x00, 0x00, 0x00, 0x00, 0x00, 0x00, 0x00, 0x00, 0x00, 0x00, 0x00, 0x00, 0x00, 0x00,
  0x00, 0x00, 0x00, 0x00, 0x00, 0x00, 0x00, 0x02, 0x00, 0x00, 0x00, 0x00, 0x00, 0x00, 0x00, 0x49,
  0x00, 0x00, 0x00, 0xed, 0x00, 0x00, 0x00, 0xf9, 0x00, 0x00, 0x00, 0xf2, 0x00, 0x00, 0x00, 0xff,
  0x00, 0x00, 0x00, 0xc2, 0x00, 0x00, 0x00, 0x12, 0x00, 0x00, 0x00, 0x00, 0x00, 0x00, 0x00, 0x02,
  0x00, 0x00, 0x00, 0x00, 0x00, 0x00, 0x00, 0x00, 0x00, 0x00, 0x00, 0x00, 0x00, 0x00, 0x00, 0x02,
  0x00, 0x00, 0x00, 0x01, 0x00, 0x00, 0x00, 0x31, 0x00, 0x00, 0x00, 0xc2, 0x00, 0x00, 0x00, 0xfe,
  0x00, 0x00, 0x00, 0xfd, 0x00, 0x00, 0x00, 0xf9, 0x00, 0x00, 0x00, 0xff, 0x00, 0x00, 0x00, 0xdd,
  0x00, 0x00, 0x00, 0x31, 0x00, 0x00, 0x00, 0x00, 0x00, 0x00, 0x00, 0x02, 0x00, 0x00, 0x00, 0x00,
  0x00, 0x00, 0x00, 0x00, 0x00, 0x00, 0x00, 0x01, 0x00, 0x00, 0x00, 0x03, 0x00, 0x00, 0x00, 0x00,
  0x00, 0x00, 0x00, 0x29, 0x00, 0x00, 0x00, 0xe4, 0x00, 0x00, 0x00, 0xff, 0x00, 0x00, 0x00, 0xfb,
  0x00, 0x00, 0x00, 0xf1, 0x00, 0x00, 0x00, 0xd1, 0x00, 0x00, 0x00, 0x53, 0x00, 0x00, 0x00, 0x00,
  0x00, 0x00, 0x00, 0x00, 0x00, 0x00, 0x00, 0x00, 0x00, 0x00, 0x00, 0x00, 0x00, 0x00, 0x00, 0x00,
  0x00, 0x00, 0x00, 0x00, 0x00, 0x00, 0x00, 0x00, 0x00, 0x00, 0x00, 0x00, 0x00, 0x00, 0x00, 0x00,
  0x00, 0x00, 0x00, 0x00, 0x00, 0x00, 0x00, 0x02, 0x00, 0x00, 0x00, 0x00, 0x00, 0x00, 0x00, 0x67,
  0x00, 0x00, 0x00, 0xff, 0x00, 0x00, 0x00, 0xf8, 0x00, 0x00, 0x00, 0xf4, 0x00, 0x00, 0x00, 0xfc,
  0x00, 0x00, 0x00, 0x87, 0x00, 0x00, 0x00, 0x00, 0x00, 0x00, 0x00, 0x00, 0x00, 0x00, 0x00, 0x01,
  0x00, 0x00, 0x00, 0x00, 0x00, 0x00, 0x00, 0x00, 0x00, 0x00, 0x00, 0x00, 0x00, 0x00, 0x00, 0x01,
  0x00, 0x00, 0x00, 0x00, 0x00, 0x00, 0x00, 0x15, 0x00, 0x00, 0x00, 0x92, 0x00, 0x00, 0x00, 0xfc,
  0x00, 0x00, 0x00, 0xff, 0x00, 0x00, 0x00, 0xfe, 0x00, 0x00, 0x00, 0xf8, 0x00, 0x00, 0x00, 0x8b,
  0x00, 0x00, 0x00, 0x0e, 0x00, 0x00, 0x00, 0x00, 0x00, 0x00, 0x00, 0x01, 0x00, 0x00, 0x00, 0x00,
  0x00, 0x00, 0x00, 0x00, 0x00, 0x00, 0x00, 0x00, 0x00, 0x00, 0x00, 0x01, 0x00, 0x00, 0x00, 0x00,
  0x00, 0x00, 0x00, 0x0e, 0x00, 0x00, 0x00, 0xba, 0x00, 0x00, 0x00, 0xff, 0x00, 0x00, 0x00, 0xfb,
  0x00, 0x00, 0x00, 0xf7, 0x00, 0x00, 0x00, 0xfd, 0x00, 0x00, 0x00, 0x73, 0x00, 0x00, 0x00, 0x00,
  0x00, 0x00, 0x00, 0x00, 0x00, 0x00, 0x00, 0x00, 0x00, 0x00, 0x00, 0x00, 0x00, 0x00, 0x00, 0x00,
  0x00, 0x00, 0x00, 0x00, 0x00, 0x00, 0x00, 0x00, 0x00, 0x00, 0x00, 0x00, 0x00, 0x00, 0x00, 0x00,
  0x00, 0x00, 0x00, 0x00, 0x00, 0x00, 0x00, 0x02, 0x00, 0x00, 0x00, 0x00, 0x00, 0x00, 0x00, 0x70,
  0x00, 0x00, 0x00, 0xfe, 0x00, 0x00, 0x00, 0xf8, 0x00, 0x00, 0x00, 0xfc, 0x00, 0x00, 0x00, 0xef,
  0x00, 0x00, 0x00, 0x61, 0x00, 0x00, 0x00, 0x00, 0x00, 0x00, 0x00, 0x00, 0x00, 0x00, 0x00, 0x00,
  0x00, 0x00, 0x00, 0x00, 0x00, 0x00, 0x00, 0x00, 0x00, 0x00, 0x00, 0x00, 0x00, 0x00, 0x00, 0x01,
  0x00, 0x00, 0x00, 0x00, 0x00, 0x00, 0x00, 0x08, 0x00, 0x00, 0x00, 0x67, 0x00, 0x00, 0x00, 0xf3,
  0x00, 0x00, 0x00, 0xff, 0x00, 0x00, 0x00, 0xff, 0x00, 0x00, 0x00, 0xeb, 0x00, 0x00, 0x00, 0x58,
  0x00, 0x00, 0x00, 0x06, 0x00, 0x00, 0x00, 0x00, 0x00, 0x00, 0x00, 0x00, 0x00, 0x00, 0x00, 0x00,
  0x00, 0x00, 0x00, 0x00, 0x00, 0x00, 0x00, 0x00, 0x00, 0x00, 0x00, 0x01, 0x00, 0x00, 0x00, 0x00,
  0x00, 0x00, 0x00, 0x06, 0x00, 0x00, 0x00, 0x8d, 0x00, 0x00, 0x00, 0xfe, 0x00, 0x00, 0x00, 0xfe,
  0x00, 0x00, 0x00, 0xf8, 0x00, 0x00, 0x00, 0xff, 0x00, 0x00, 0x00, 0x7e, 0x00, 0x00, 0x00, 0x00,
  0x00, 0x00, 0x00, 0x00, 0x00, 0x00, 0x00, 0x00, 0x00, 0x00, 0x00, 0x00, 0x00, 0x00, 0x00, 0x00,
  0x00, 0x00, 0x00, 0x00, 0x00, 0x00, 0x00, 0x00, 0x00, 0x00, 0x00, 0x00, 0x00, 0x00, 0x00, 0x00,
  0x00, 0x00, 0x00, 0x00, 0x00, 0x00, 0x00, 0x02, 0x00, 0x00, 0x00, 0x00, 0x00, 0x00, 0x00, 0x6f,
  0x00, 0x00, 0x00, 0xff, 0x00, 0x00, 0x00, 0xf8, 0x00, 0x00, 0x00, 0xfb, 0x00, 0x00, 0x00, 0xf0,
  0x00, 0x00, 0x00, 0x65, 0x00, 0x00, 0x00, 0x00, 0x00, 0x00, 0x00, 0x01, 0x00, 0x00, 0x00, 0x01,
  0x00, 0x00, 0x00, 0x00, 0x00, 0x00, 0x00, 0x00, 0x00, 0x00, 0x00, 0x00, 0x00, 0x00, 0x00, 0x00,
  0x00, 0x00, 0x00, 0x01, 0x00, 0x00, 0x00, 0x00, 0x00, 0x00, 0x00, 0x3f, 0x00, 0x00, 0x00, 0xeb,
  0x00, 0x00, 0x00, 0xff, 0x00, 0x00, 0x00, 0xff, 0x00, 0x00, 0x00, 0xec, 0x00, 0x00, 0x00, 0x5f,
  0x00, 0x00, 0x00, 0x07, 0x00, 0x00, 0x00, 0x00, 0x00, 0x00, 0x00, 0x01, 0x00, 0x00, 0x00, 0x00,
  0x00, 0x00, 0x00, 0x00, 0x00, 0x00, 0x00, 0x00, 0x00, 0x00, 0x00, 0x01, 0x00, 0x00, 0x00, 0x00,
  0x00, 0x00, 0x00, 0x04, 0x00, 0x00, 0x00, 0x6f, 0x00, 0x00, 0x00, 0xee, 0x00, 0x00, 0x00, 0xff,
  0x00, 0x00, 0x00, 0xf6, 0x00, 0x00, 0x00, 0xff, 0x00, 0x00, 0x00, 0x7d, 0x00, 0x00, 0x00, 0x00,
  0x00, 0x00, 0x00, 0x00, 0x00, 0x00, 0x00, 0x00, 0x00, 0x00, 0x00, 0x00, 0x00, 0x00, 0x00, 0x00,
  0x00, 0x00, 0x00, 0x00, 0x00, 0x00, 0x00, 0x00, 0x00, 0x00, 0x00, 0x00, 0x00, 0x00, 0x00, 0x00,
  0x00, 0x00, 0x00, 0x00, 0x00, 0x00, 0x00, 0x02, 0x00, 0x00, 0x00, 0x00, 0x00, 0x00, 0x00, 0x6f,
  0x00, 0x00, 0x00, 0xff, 0x00, 0x00, 0x00, 0xf8, 0x00, 0x00, 0x00, 0xfb, 0x00, 0x00, 0x00, 0xf0,
  0x00, 0x00, 0x00, 0x67, 0x00, 0x00, 0x00, 0x00, 0x00, 0x00, 0x00, 0x00, 0x00, 0x00, 0x00, 0x00,
  0x00, 0x00, 0x00, 0x00, 0x00, 0x00, 0x00, 0x00, 0x00, 0x00, 0x00, 0x00, 0x00, 0x00, 0x00, 0x00,
  0x00, 0x00, 0x00, 0x01, 0x00, 0x00, 0x00, 0x00, 0x00, 0x00, 0x00, 0x3a, 0x00, 0x00, 0x00, 0xeb,
  0x00, 0x00, 0x00, 0xff, 0x00, 0x00, 0x00, 0xff, 0x00, 0x00, 0x00, 0xec, 0x00, 0x00, 0x00, 0x62,
  0x00, 0x00, 0x00, 0x07, 0x00, 0x00, 0x00, 0x00, 0x00, 0x00, 0x00, 0x00, 0x00, 0x00, 0x00, 0x00,
  0x00, 0x00, 0x00, 0x00, 0x00, 0x00, 0x00, 0x00, 0x00, 0x00, 0x00, 0x00, 0x00, 0x00, 0x00, 0x00,
  0x00, 0x00, 0x00, 0x01, 0x00, 0x00, 0x00, 0x45, 0x00, 0x00, 0x00, 0xd0, 0x00, 0x00, 0x00, 0xff,
  0x00, 0x00, 0x00, 0xf3, 0x00, 0x00, 0x00, 0xff, 0x00, 0x00, 0x00, 0x7e, 0x00, 0x00, 0x00, 0x00,
  0x00, 0x00, 0x00, 0x00, 0x00, 0x00, 0x00, 0x00, 0x00, 0x00, 0x00, 0x00, 0x00, 0x00, 0x00, 0x00,
  0x00, 0x00, 0x00, 0x00, 0x00, 0x00, 0x00, 0x00, 0x00, 0x00, 0x00, 0x00, 0x00, 0x00, 0x00, 0x00,
  0x00, 0x00, 0x00, 0x00, 0x00, 0x00, 0x00, 0x02, 0x00, 0x00, 0x00, 0x00, 0x00, 0x00, 0x00, 0x6f,
  0x00, 0x00, 0x00, 0xff, 0x00, 0x00, 0x00, 0xf8, 0x00, 0x00, 0x00, 0xfb, 0x00, 0x00, 0x00, 0xf0,
  0x00, 0x00, 0x00, 0x66, 0x00, 0x00, 0x00, 0x00, 0x00, 0x00, 0x00, 0x00, 0x00, 0x00, 0x00, 0x00,
  0x00, 0x00, 0x00, 0x00, 0x00, 0x00, 0x00, 0x00, 0x00, 0x00, 0x00, 0x00, 0x00, 0x00, 0x00, 0x00,
  0x00, 0x00, 0x00, 0x01, 0x00, 0x00, 0x00, 0x00, 0x00, 0x00, 0x00, 0x40, 0x00, 0x00, 0x00, 0xec,
  0x00, 0x00, 0x00, 0xff, 0x00, 0x00, 0x00, 0xff, 0x00, 0x00, 0x00, 0xec, 0x00, 0x00, 0x00, 0x60,
  0x00, 0x00, 0x00, 0x07, 0x00, 0x00, 0x00, 0x00, 0x00, 0x00, 0x00, 0x00, 0x00, 0x00, 0x00, 0x00,
  0x00, 0x00, 0x00, 0x00, 0x00, 0x00, 0x00, 0x00, 0x00, 0x00, 0x00, 0x00, 0x00, 0x00, 0x00, 0x00,
  0x00, 0x00, 0x00, 0x00, 0x00, 0x00, 0x00, 0x33, 0x00, 0x00, 0x00, 0xc3, 0x00, 0x00, 0x00, 0xff,
  0x00, 0x00, 0x00, 0xf3, 0x00, 0x00, 0x00, 0xff, 0x00, 0x00, 0x00, 0x7e, 0x00, 0x00, 0x00, 0x00,
  0x00, 0x00, 0x00, 0x00, 0x00, 0x00, 0x00, 0x00, 0x00, 0x00, 0x00, 0x00, 0x00, 0x00, 0x00, 0x00,
  0x00, 0x00, 0x00, 0x00, 0x00, 0x00, 0x00, 0x00, 0x00, 0x00, 0x00, 0x00, 0x00, 0x00, 0x00, 0x00,
  0x00, 0x00, 0x00, 0x00, 0x00, 0x00, 0x00, 0x02, 0x00, 0x00, 0x00, 0x00, 0x00, 0x00, 0x00, 0x70,
  0x00, 0x00, 0x00, 0xff, 0x00, 0x00, 0x00, 0xf8, 0x00, 0x00, 0x00, 0xfc, 0x00, 0x00, 0x00, 0xf0,
  0x00, 0x00, 0x00, 0x65, 0x00, 0x00, 0x00, 0x00, 0x00, 0x00, 0x00, 0x00, 0x00, 0x00, 0x00, 0x00,
  0x00, 0x00, 0x00, 0x00, 0x00, 0x00, 0x00, 0x00, 0x00, 0x00, 0x00, 0x00, 0x00, 0x00, 0x00, 0x00,
  0x00, 0x00, 0x00, 0x01, 0x00, 0x00, 0x00, 0x00, 0x00, 0x00, 0x00, 0x3e, 0x00, 0x00, 0x00, 0xec,
  0x00, 0x00, 0x00, 0xff, 0x00, 0x00, 0x00, 0xff, 0x00, 0x00, 0x00, 0xec, 0x00, 0x00, 0x00, 0x60,
  0x00, 0x00, 0x00, 0x07, 0x00, 0x00, 0x00, 0x00, 0x00, 0x00, 0x00, 0x00, 0x00, 0x00, 0x00, 0x00,
  0x00, 0x00, 0x00, 0x00, 0x00, 0x00, 0x00, 0x00, 0x00, 0x00, 0x00, 0x00, 0x00, 0x00, 0x00, 0x00,
  0x00, 0x00, 0x00, 0x00, 0x00, 0x00, 0x00, 0x38, 0x00, 0x00, 0x00, 0xc6, 0x00, 0x00, 0x00, 0xff,
  0x00, 0x00, 0x00, 0xf3, 0x00, 0x00, 0x00, 0xff, 0x00, 0x00, 0x00, 0x7e, 0x00, 0x00, 0x00, 0x00,
  0x00, 0x00, 0x00, 0x00, 0x00, 0x00, 0x00, 0x00, 0x00, 0x00, 0x00, 0x00, 0x00, 0x00, 0x00, 0x00,
  0x00, 0x00, 0x00, 0x00, 0x00, 0x00, 0x00, 0x00, 0x00, 0x00, 0x00, 0x00, 0x00, 0x00, 0x00, 0x00,
  0x00, 0x00, 0x00, 0x00, 0x00, 0x00, 0x00, 0x02, 0x00, 0x00, 0x00, 0x00, 0x00, 0x00, 0x00, 0x70,
  0x00, 0x00, 0x00, 0xff, 0x00, 0x00, 0x00, 0xf8, 0x00, 0x00, 0x00, 0xfb, 0x00, 0x00, 0x00, 0xee,
  0x00, 0x00, 0x00, 0x65, 0x00, 0x00, 0x00, 0x00, 0x00, 0x00, 0x00, 0x00, 0x00, 0x00, 0x00, 0x00,
  0x00, 0x00, 0x00, 0x00, 0x00, 0x00, 0x00, 0x00, 0x00, 0x00, 0x00, 0x00, 0x00, 0x00, 0x00, 0x00,
  0x00, 0x00, 0x00, 0x01, 0x00, 0x00, 0x00, 0x00, 0x00, 0x00, 0x00, 0x3e, 0x00, 0x00, 0x00, 0xec,
  0x00, 0x00, 0x00, 0xff, 0x00, 0x00, 0x00, 0xff, 0x00, 0x00, 0x00, 0xec, 0x00, 0x00, 0x00, 0x60,
  0x00, 0x00, 0x00, 0x07, 0x00, 0x00, 0x00, 0x00, 0x00, 0x00, 0x00, 0x00, 0x00, 0x00, 0x00, 0x00,
  0x00, 0x00, 0x00, 0x00, 0x00, 0x00, 0x00, 0x00, 0x00, 0x00, 0x00, 0x00, 0x00, 0x00, 0x00, 0x00,
  0x00, 0x00, 0x00, 0x00, 0x00, 0x00, 0x00, 0x39, 0x00, 0x00, 0x00, 0xc6, 0x00, 0x00, 0x00, 0xff,
  0x00, 0x00, 0x00, 0xf3, 0x00, 0x00, 0x00, 0xff, 0x00, 0x00, 0x00, 0x7e, 0x00, 0x00, 0x00, 0x00,
  0x00, 0x00, 0x00, 0x00, 0x00, 0x00, 0x00, 0x00, 0x00, 0x00, 0x00, 0x00, 0x00, 0x00, 0x00, 0x00,
  0x00, 0x00, 0x00, 0x00, 0x00, 0x00, 0x00, 0x00, 0x00, 0x00, 0x00, 0x00, 0x00, 0x00, 0x00, 0x00,
  0x00, 0x00, 0x00, 0x00, 0x00, 0x00, 0x00, 0x02, 0x00, 0x00, 0x00, 0x01, 0x00, 0x00, 0x00, 0x69,
  0x00, 0x00, 0x00, 0xff, 0x00, 0x00, 0x00, 0xf8, 0x00, 0x00, 0x00, 0xfb, 0x00, 0x00, 0x00, 0xf9,
  0x00, 0x00, 0x00, 0x70, 0x00, 0x00, 0x00, 0x00, 0x00, 0x00, 0x00, 0x00, 0x00, 0x00, 0x00, 0x01,
  0x00, 0x00, 0x00, 0x00, 0x00, 0x00, 0x00, 0x00, 0x00, 0x00, 0x00, 0x00, 0x00, 0x00, 0x00, 0x00,
  0x00, 0x00, 0x00, 0x01, 0x00, 0x00, 0x00, 0x00, 0x00, 0x00, 0x00, 0x3e, 0x00, 0x00, 0x00, 0xec,
  0x00, 0x00, 0x00, 0xff, 0x00, 0x00, 0x00, 0xff, 0x00, 0x00, 0x00, 0xec, 0x00, 0x00, 0x00, 0x60,
  0x00, 0x00, 0x00, 0x07, 0x00, 0x00, 0x00, 0x00, 0x00, 0x00, 0x00, 0x00, 0x00, 0x00, 0x00, 0x00,
  0x00, 0x00, 0x00, 0x00, 0x00, 0x00, 0x00, 0x00, 0x00, 0x00, 0x00, 0x00, 0x00, 0x00, 0x00, 0x00,
  0x00, 0x00, 0x00, 0x00, 0x00, 0x00, 0x00, 0x38, 0x00, 0x00, 0x00, 0xc6, 0x00, 0x00, 0x00, 0xff,
  0x00, 0x00, 0x00, 0xf3, 0x00, 0x00, 0x00, 0xff, 0x00, 0x00, 0x00, 0x7e, 0x00, 0x00, 0x00, 0x00,
  0x00, 0x00, 0x00, 0x00, 0x00, 0x00, 0x00, 0x00, 0x00, 0x00, 0x00, 0x01, 0x00, 0x00, 0x00, 0x01,
  0x00, 0x00, 0x00, 0x01, 0x00, 0x00, 0x00, 0x01, 0x00, 0x00, 0x00, 0x01, 0x00, 0x00, 0x00, 0x01,
  0x00, 0x00, 0x00, 0x01, 0x00, 0x00, 0x00, 0x02, 0x00, 0x00, 0x00, 0x00, 0x00, 0x00, 0x00, 0x77,
  0x00, 0x00, 0x00, 0xff, 0x00, 0x00, 0x00, 0xf9, 0x00, 0x00, 0x00, 0xfc, 0x00, 0x00, 0x00, 0xe5,
  0x00, 0x00, 0x00, 0x5b, 0x00, 0x00, 0x00, 0x00, 0x00, 0x00, 0x00, 0x01, 0x00, 0x00, 0x00, 0x01,
  0x00, 0x00, 0x00, 0x00, 0x00, 0x00, 0x00, 0x00, 0x00, 0x00, 0x00, 0x00, 0x00, 0x00, 0x00, 0x00,
  0x00, 0x00, 0x00, 0x01, 0x00, 0x00, 0x00, 0x00, 0x00, 0x00, 0x00, 0x3e, 0x00, 0x00, 0x00, 0xec,
  0x00, 0x00, 0x00, 0xff, 0x00, 0x00, 0x00, 0xff, 0x00, 0x00, 0x00, 0xec, 0x00, 0x00, 0x00, 0x60,
  0x00, 0x00, 0x00, 0x07, 0x00, 0x00, 0x00, 0x00, 0x00, 0x00, 0x00, 0x00, 0x00, 0x00, 0x00, 0x00,
  0x00, 0x00, 0x00, 0x00, 0x00, 0x00, 0x00, 0x00, 0x00, 0x00, 0x00, 0x00, 0x00, 0x00, 0x00, 0x00,
  0x00, 0x00, 0x00, 0x00, 0x00, 0x00, 0x00, 0x38, 0x00, 0x00, 0x00, 0xc6, 0x00, 0x00, 0x00, 0xff,
  0x00, 0x00, 0x00, 0xf3, 0x00, 0x00, 0x00, 0xff, 0x00, 0x00, 0x00, 0x7e, 0x00, 0x00, 0x00, 0x00,
  0x00, 0x00, 0x00, 0x00, 0x00, 0x00, 0x00, 0x00, 0x00, 0x00, 0x00, 0x00, 0x00, 0x00, 0x00, 0x00,
  0x00, 0x00, 0x00, 0x00, 0x00, 0x00, 0x00, 0x00, 0x00, 0x00, 0x00, 0x00, 0x00, 0x00, 0x00, 0x00,
  0x00, 0x00, 0x00, 0x00, 0x00, 0x00, 0x00, 0x00, 0x00, 0x00, 0x00, 0x22, 0x00, 0x00, 0x00, 0xb3,
  0x00, 0x00, 0x00, 0xff, 0x00, 0x00, 0x00, 0xfd, 0x00, 0x00, 0x00, 0xff, 0x00, 0x00, 0x00, 0xb6,
  0x00, 0x00, 0x00, 0x2c, 0x00, 0x00, 0x00, 0x00, 0x00, 0x00, 0x00, 0x01, 0x00, 0x00, 0x00, 0x00,
  0x00, 0x00, 0x00, 0x00, 0x00, 0x00, 0x00, 0x00, 0x00, 0x00, 0x00, 0x00, 0x00, 0x00, 0x00, 0x00,
  0x00, 0x00, 0x00, 0x01, 0x00, 0x00, 0x00, 0x00, 0x00, 0x00, 0x00, 0x3e, 0x00, 0x00, 0x00, 0xec,
  0x00, 0x00, 0x00, 0xff, 0x00, 0x00, 0x00, 0xff, 0x00, 0x00, 0x00, 0xec, 0x00, 0x00, 0x00, 0x60,
  0x00, 0x00, 0x00, 0x07, 0x00, 0x00, 0x00, 0x00, 0x00, 0x00, 0x00, 0x00, 0x00, 0x00, 0x00, 0x00,
  0x00, 0x00, 0x00, 0x00, 0x00, 0x00, 0x00, 0x00, 0x00, 0x00, 0x00, 0x00, 0x00, 0x00, 0x00, 0x00,
  0x00, 0x00, 0x00, 0x00, 0x00, 0x00, 0x00, 0x38, 0x00, 0x00, 0x00, 0xc6, 0x00, 0x00, 0x00, 0xff,
  0x00, 0x00, 0x00, 0xf3, 0x00, 0x00, 0x00, 0xff, 0x00, 0x00, 0x00, 0x7e, 0x00, 0x00, 0x00, 0x00,
  0x00, 0x00, 0x00, 0x00, 0x00, 0x00, 0x00, 0x07, 0x00, 0x00, 0x00, 0x11, 0x00, 0x00, 0x00, 0x0f,
  0x00, 0x00, 0x00, 0x0f, 0x00, 0x00, 0x00, 0x0f, 0x00, 0x00, 0x00, 0x10, 0x00, 0x00, 0x00, 0x11,
  0x00, 0x00, 0x00, 0x0c, 0x00, 0x00, 0x00, 0x27, 0x00, 0x00, 0x00, 0xa0, 0x00, 0x00, 0x00, 0xf3,
  0x00, 0x00, 0x00, 0xfa, 0x00, 0x00, 0x00, 0xfd, 0x00, 0x00, 0x00, 0xfe, 0x00, 0x00, 0x00, 0xa5,
  0x00, 0x00, 0x00, 0x21, 0x00, 0x00, 0x00, 0x00, 0x00, 0x00, 0x00, 0x01, 0x00, 0x00, 0x00, 0x00,
  0x00, 0x00, 0x00, 0x00, 0x00, 0x00, 0x00, 0x00, 0x00, 0x00, 0x00, 0x00, 0x00, 0x00, 0x00, 0x00,
  0x00, 0x00, 0x00, 0x01, 0x00, 0x00, 0x00, 0x00, 0x00, 0x00, 0x00, 0x3e, 0x00, 0x00, 0x00, 0xec,
  0x00, 0x00, 0x00, 0xff, 0x00, 0x00, 0x00, 0xff, 0x00, 0x00, 0x00, 0xec, 0x00, 0x00, 0x00, 0x60,
  0x00, 0x00, 0x00, 0x07, 0x00, 0x00, 0x00, 0x00, 0x00, 0x00, 0x00, 0x00, 0x00, 0x00, 0x00, 0x00,
  0x00, 0x00, 0x00, 0x00, 0x00, 0x00, 0x00, 0x00, 0x00, 0x00, 0x00, 0x00, 0x00, 0x00, 0x00, 0x00,
  0x00, 0x00, 0x00, 0x00, 0x00, 0x00, 0x00, 0x38, 0x00, 0x00, 0x00, 0xc6, 0x00, 0x00, 0x00, 0xff,
  0x00, 0x00, 0x00, 0xf3, 0x00, 0x00, 0x00, 0xff, 0x00, 0x00, 0x00, 0x7e, 0x00, 0x00, 0x00, 0x00,
  0x00, 0x00, 0x00, 0x00, 0x00, 0x00, 0x00, 0x3e, 0x00, 0x00, 0x00, 0x8c, 0x00, 0x00, 0x00, 0x7b,
  0x00, 0x00, 0x00, 0x7e, 0x00, 0x00, 0x00, 0x7e, 0x00, 0x00, 0x00, 0x7f, 0x00, 0x00, 0x00, 0x80,
  0x00, 0x00, 0x00, 0x79, 0x00, 0x00, 0x00, 0xa8, 0x00, 0x00, 0x00, 0xfc, 0x00, 0x00, 0x00, 0xff,
  0x00, 0x00, 0x00, 0xef, 0x00, 0x00, 0x00, 0xf3, 0x00, 0x00, 0x00, 0xff, 0x00, 0x00, 0x00, 0x9e,
  0x00, 0x00, 0x00, 0x0f, 0x00, 0x00, 0x00, 0x00, 0x00, 0x00, 0x00, 0x01, 0x00, 0x00, 0x00, 0x00,
  0x00, 0x00, 0x00, 0x00, 0x00, 0x00, 0x00, 0x00, 0x00, 0x00, 0x00, 0x00, 0x00, 0x00, 0x00, 0x00,
  0x00, 0x00, 0x00, 0x01, 0x00, 0x00, 0x00, 0x00, 0x00, 0x00, 0x00, 0x3e, 0x00, 0x00, 0x00, 0xec,
  0x00, 0x00, 0x00, 0xff, 0x00, 0x00, 0x00, 0xff, 0x00, 0x00, 0x00, 0xec, 0x00, 0x00, 0x00, 0x60,
  0x00, 0x00, 0x00, 0x07, 0x00, 0x00, 0x00, 0x00, 0x00, 0x00, 0x00, 0x00, 0x00, 0x00, 0x00, 0x00,
  0x00, 0x00, 0x00, 0x00, 0x00, 0x00, 0x00, 0x00, 0x00, 0x00, 0x00, 0x00, 0x00, 0x00, 0x00, 0x00,
  0x00, 0x00, 0x00, 0x00, 0x00, 0x00, 0x00, 0x38, 0x00, 0x00, 0x00, 0xc6, 0x00, 0x00, 0x00, 0xff,
  0x00, 0x00, 0x00, 0xf3, 0x00, 0x00, 0x00, 0xff, 0x00, 0x00, 0x00, 0x7e, 0x00, 0x00, 0x00, 0x00,
  0x00, 0x00, 0x00, 0x00, 0x00, 0x00, 0x00, 0x7a, 0x00, 0x00, 0x00, 0xfc, 0x00, 0x00, 0x00, 0xf2,
  0x00, 0x00, 0x00, 0xf8, 0x00, 0x00, 0x00, 0xf8, 0x00, 0x00, 0x00, 0xf8, 0x00, 0x00, 0x00, 0xf8,
  0x00, 0x00, 0x00, 0xf7, 0x00, 0x00, 0x00, 0xfc, 0x00, 0x00, 0x00, 0xff, 0x00, 0x00, 0x00, 0xff,
  0x00, 0x00, 0x00, 0xf9, 0x00, 0x00, 0x00, 0xfc, 0x00, 0x00, 0x00, 0xfa, 0x00, 0x00, 0x00, 0x68,
  0x00, 0x00, 0x00, 0x00, 0x00, 0x00, 0x00, 0x01, 0x00, 0x00, 0x00, 0x00, 0x00, 0x00, 0x00, 0x00,
  0x00, 0x00, 0x00, 0x00, 0x00, 0x00, 0x00, 0x00, 0x00, 0x00, 0x00, 0x00, 0x00, 0x00, 0x00, 0x00,
  0x00, 0x00, 0x00, 0x01, 0x00, 0x00, 0x00, 0x00, 0x00, 0x00, 0x00, 0x3e, 0x00, 0x00, 0x00, 0xec,
  0x00, 0x00, 0x00, 0xff, 0x00, 0x00, 0x00, 0xff, 0x00, 0x00, 0x00, 0xec, 0x00, 0x00, 0x00, 0x60,
  0x00, 0x00, 0x00, 0x07, 0x00, 0x00, 0x00, 0x00, 0x00, 0x00, 0x00, 0x00, 0x00, 0x00, 0x00, 0x00,
  0x00, 0x00, 0x00, 0x00, 0x00, 0x00, 0x00, 0x00, 0x00, 0x00, 0x00, 0x00, 0x00, 0x00, 0x00, 0x00,
  0x00, 0x00, 0x00, 0x00, 0x00, 0x00, 0x00, 0x38, 0x00, 0x00, 0x00, 0xc6, 0x00, 0x00, 0x00, 0xff,
  0x00, 0x00, 0x00, 0xf3, 0x00, 0x00, 0x00, 0xff, 0x00, 0x00, 0x00, 0x7e, 0x00, 0x00, 0x00, 0x00,
  0x00, 0x00, 0x00, 0x00, 0x00, 0x00, 0x00, 0x7e, 0x00, 0x00, 0x00, 0xff, 0x00, 0x00, 0x00, 0xf8,
  0x00, 0x00, 0x00, 0xfe, 0x00, 0x00, 0x00, 0xff, 0x00, 0x00, 0x00, 0xff, 0x00, 0x00, 0x00, 0xfe,
  0x00, 0x00, 0x00, 0xfe, 0x00, 0x00, 0x00, 0xfe, 0x00, 0x00, 0x00, 0xff, 0x00, 0x00, 0x00, 0xfd,
  0x00, 0x00, 0x00, 0xff, 0x00, 0x00, 0x00, 0xfa, 0x00, 0x00, 0x00, 0x90, 0x00, 0x00, 0x00, 0x13,
  0x00, 0x00, 0x00, 0x01, 0x00, 0x00, 0x00, 0x01, 0x00, 0x00, 0x00, 0x00, 0x00, 0x00, 0x00, 0x00,
  0x00, 0x00, 0x00, 0x00, 0x00, 0x00, 0x00, 0x00, 0x00, 0x00, 0x00, 0x00, 0x00, 0x00, 0x00, 0x00,
  0x00, 0x00, 0x00, 0x01, 0x00, 0x00, 0x00, 0x00, 0x00, 0x00, 0x00, 0x3e, 0x00, 0x00, 0x00, 0xec,
  0x00, 0x00, 0x00, 0xff, 0x00, 0x00, 0x00, 0xff, 0x00, 0x00, 0x00, 0xec, 0x00, 0x00, 0x00, 0x60,
  0x00, 0x00, 0x00, 0x07, 0x00, 0x00, 0x00, 0x00, 0x00, 0x00, 0x00, 0x00, 0x00, 0x00, 0x00, 0x00,
  0x00, 0x00, 0x00, 0x00, 0x00, 0x00, 0x00, 0x00, 0x00, 0x00, 0x00, 0x00, 0x00, 0x00, 0x00, 0x00,
  0x00, 0x00, 0x00, 0x00, 0x00, 0x00, 0x00, 0x38, 0x00, 0x00, 0x00, 0xc6, 0x00, 0x00, 0x00, 0xff,
  0x00, 0x00, 0x00, 0xf3, 0x00, 0x00, 0x00, 0xff, 0x00, 0x00, 0x00, 0x7e, 0x00, 0x00, 0x00, 0x00,
  0x00, 0x00, 0x00, 0x00, 0x00, 0x00, 0x00, 0x7d, 0x00, 0x00, 0x00, 0xff, 0x00, 0x00, 0x00, 0xf6,
  0x00, 0x00, 0x00, 0xfc, 0x00, 0x00, 0x00, 0xfc, 0x00, 0x00, 0x00, 0xfc, 0x00, 0x00, 0x00, 0xfe,
  0x00, 0x00, 0x00, 0xf1, 0x00, 0x00, 0x00, 0xdc, 0x00, 0x00, 0x00, 0xcd, 0x00, 0x00, 0x00, 0xbc,
  0x00, 0x00, 0x00, 0xa3, 0x00, 0x00, 0x00, 0x6a, 0x00, 0x00, 0x00, 0x13, 0x00, 0x00, 0x00, 0x00,
  0x00, 0x00, 0x00, 0x01, 0x00, 0x00, 0x00, 0x00, 0x00, 0x00, 0x00, 0x00, 0x00, 0x00, 0x00, 0x00,
  0x00, 0x00, 0x00, 0x00, 0x00, 0x00, 0x00, 0x00, 0x00, 0x00, 0x00, 0x00, 0x00, 0x00, 0x00, 0x00,
  0x00, 0x00, 0x00, 0x01, 0x00, 0x00, 0x00, 0x00, 0x00, 0x00, 0x00, 0x3f, 0x00, 0x00, 0x00, 0xef,
  0x00, 0x00, 0x00, 0xff, 0x00, 0x00, 0x00, 0xff, 0x00, 0x00, 0x00, 0xef, 0x00, 0x00, 0x00, 0x61,
  0x00, 0x00, 0x00, 0x07, 0x00, 0x00, 0x00, 0x00, 0x00, 0x00, 0x00, 0x00, 0x00, 0x00, 0x00, 0x00,
  0x00, 0x00, 0x00, 0x00, 0x00, 0x00, 0x00, 0x00, 0x00, 0x00, 0x00, 0x00, 0x00, 0x00, 0x00, 0x00,
  0x00, 0x00, 0x00, 0x00, 0x00, 0x00, 0x00, 0x39, 0x00, 0x00, 0x00, 0xc8, 0x00, 0x00, 0x00, 0xff,
  0x00, 0x00, 0x00, 0xf6, 0x00, 0x00, 0x00, 0xff, 0x00, 0x00, 0x00, 0x7f, 0x00, 0x00, 0x00, 0x00,
  0x00, 0x00, 0x00, 0x00, 0x00, 0x00, 0x00, 0x7a, 0x00, 0x00, 0x00, 0xf6, 0x00, 0x00, 0x00, 0xf1,
  0x00, 0x00, 0x00, 0xf6, 0x00, 0x00, 0x00, 0xf5, 0x00, 0x00, 0x00, 0xf5, 0x00, 0x00, 0x00, 0xf7,
  0x00, 0x00, 0x00, 0xdf, 0x00, 0x00, 0x00, 0xac, 0x00, 0x00, 0x00, 0x87, 0x00, 0x00, 0x00, 0x70,
  0x00, 0x00, 0x00, 0x37, 0x00, 0x00, 0x00, 0x02, 0x00, 0x00, 0x00, 0x00, 0x00, 0x00, 0x00, 0x01,
  0x00, 0x00, 0x00, 0x00, 0x00, 0x00, 0x00, 0x00, 0x00, 0x00, 0x00, 0x00, 0x00, 0x00, 0x00, 0x00,
  0x00, 0x00, 0x00, 0x00, 0x00, 0x00, 0x00, 0x00, 0x00, 0x00, 0x00, 0x00, 0x00, 0x00, 0x00, 0x00,
  0x00, 0x00, 0x00, 0x01, 0x00, 0x00, 0x00, 0x00, 0x00, 0x00, 0x00, 0x3c, 0x00, 0x00, 0x00, 0xe4,
  0x00, 0x00, 0x00, 0xf6, 0x00, 0x00, 0x00, 0xf6, 0x00, 0x00, 0x00, 0xe4, 0x00, 0x00, 0x00, 0x5d,
  0x00, 0x00, 0x00, 0x07, 0x00, 0x00, 0x00, 0x00, 0x00, 0x00, 0x00, 0x00, 0x00, 0x00, 0x00, 0x00,
  0x00, 0x00, 0x00, 0x00, 0x00, 0x00, 0x00, 0x00, 0x00, 0x00, 0x00, 0x00, 0x00, 0x00, 0x00, 0x00,
  0x00, 0x00, 0x00, 0x00, 0x00, 0x00, 0x00, 0x36, 0x00, 0x00, 0x00, 0xbf, 0x00, 0x00, 0x00, 0xf6,
  0x00, 0x00, 0x00, 0xeb, 0x00, 0x00, 0x00, 0xf6, 0x00, 0x00, 0x00, 0x7a, 0x00, 0x00, 0x00, 0x00,
  0x00, 0x00, 0x00, 0x00, 0x00, 0x00, 0x00, 0x04, 0x00, 0x00, 0x00, 0x09, 0x00, 0x00, 0x00, 0x09,
  0x00, 0x00, 0x00, 0x09, 0x00, 0x00, 0x00, 0x09, 0x00, 0x00, 0x00, 0x09, 0x00, 0x00, 0x00, 0x09,
  0x00, 0x00, 0x00, 0x08, 0x00, 0x00, 0x00, 0x06, 0x00, 0x00, 0x00, 0x04, 0x00, 0x00, 0x00, 0x03,
  0x00, 0x00, 0x00, 0x02, 0x00, 0x00, 0x00, 0x01, 0x00, 0x00, 0x00, 0x01, 0x00, 0x00, 0x00, 0x00,
  0x00, 0x00, 0x00, 0x00, 0x00, 0x00, 0x00, 0x00, 0x00, 0x00, 0x00, 0x00, 0x00, 0x00, 0x00, 0x00,
  0x00, 0x00, 0x00, 0x00, 0x00, 0x00, 0x00, 0x00, 0x00, 0x00, 0x00, 0x00, 0x00, 0x00, 0x00, 0x00,
  0x00, 0x00, 0x00, 0x00, 0x00, 0x00, 0x00, 0x00, 0x00, 0x00, 0x00, 0x02, 0x00, 0x00, 0x00, 0x08,
  0x00, 0x00, 0x00, 0x09, 0x00, 0x00, 0x00, 0x09, 0x00, 0x00, 0x00, 0x08, 0x00, 0x00, 0x00, 0x03,
  0x00, 0x00, 0x00, 0x00, 0x00, 0x00, 0x00, 0x00, 0x00, 0x00, 0x00, 0x00, 0x00, 0x00, 0x00, 0x00,
  0x00, 0x00, 0x00, 0x00, 0x00, 0x00, 0x00, 0x00, 0x00, 0x00, 0x00, 0x00, 0x00, 0x00, 0x00, 0x00,
  0x00, 0x00, 0x00, 0x00, 0x00, 0x00, 0x00, 0x02, 0x00, 0x00, 0x00, 0x07, 0x00, 0x00, 0x00, 0x09,
  0x00, 0x00, 0x00, 0x08, 0x00, 0x00, 0x00, 0x09, 0x00, 0x00, 0x00, 0x04, 0x00, 0x00, 0x00, 0x00,
  0x00, 0x00, 0x00, 0x00, 0x00, 0x00, 0x00, 0x00, 0x00, 0x00, 0x00, 0x00, 0x00, 0x00, 0x00, 0x00,
  0x00, 0x00, 0x00, 0x00, 0x00, 0x00, 0x00, 0x00, 0x00, 0x00, 0x00, 0x00, 0x00, 0x00, 0x00, 0x00,
  0x00, 0x00, 0x00, 0x00, 0x00, 0x00, 0x00, 0x00, 0x00, 0x00, 0x00, 0x00, 0x00, 0x00, 0x00, 0x00,
  0x00, 0x00, 0x00, 0x00, 0x00, 0x00, 0x00, 0x00, 0x00, 0x00, 0x00, 0x00, 0x00, 0x00, 0x00, 0x00,
  0x00, 0x00, 0x00, 0x00, 0x00, 0x00, 0x00, 0x00, 0x00, 0x00, 0x00, 0x00, 0x00, 0x00, 0x00, 0x00,
  0x00, 0x00, 0x00, 0x00, 0x00, 0x00, 0x00, 0x00, 0x00, 0x00, 0x00, 0x00, 0x00, 0x00, 0x00, 0x00,
  0x00, 0x00, 0x00, 0x00, 0x00, 0x00, 0x00, 0x00, 0x00, 0x00, 0x00, 0x00, 0x00, 0x00, 0x00, 0x00,
  0x00, 0x00, 0x00, 0x00, 0x00, 0x00, 0x00, 0x00, 0x00, 0x00, 0x00, 0x00, 0x00, 0x00, 0x00, 0x00,
  0x00, 0x00, 0x00, 0x00, 0x00, 0x00, 0x00, 0x00, 0x00, 0x00, 0x00, 0x00, 0x00, 0x00, 0x00, 0x00,
  0x00, 0x00, 0x00, 0x00, 0x00, 0x00, 0x00, 0x00, 0x00, 0x00, 0x00, 0x00, 0x00, 0x00, 0x00, 0x00,
  0x00, 0x00, 0x00, 0x00, 0x00, 0x00, 0x00, 0x00, 0x00, 0x00, 0x00, 0x00, 0x00, 0x00, 0x00, 0x00,
  0x00, 0x00, 0x00, 0x00, 0x00, 0x00, 0x00, 0x00, 0x00, 0x00, 0x00, 0x00, 0x00, 0x00, 0x00, 0x00,
  0x00, 0x00, 0x00, 0x00, 0x00, 0x00, 0x00, 0x00, 0x00, 0x00, 0x00, 0x00, 0x00, 0x00, 0x00, 0x00,
  0x00, 0x00, 0x00, 0x00, 0x00, 0x00, 0x00, 0x00, 0x00, 0x00, 0x00, 0x00, 0x00, 0x00, 0x00, 0x00,
  0x00, 0x00, 0x00, 0x00, 0x00, 0x00, 0x00, 0x00, 0x00, 0x00, 0x00, 0x00, 0x00, 0x00, 0x00, 0x00,
  0x00, 0x00, 0x00, 0x00, 0x00, 0x00, 0x00, 0x00, 0x00, 0x00, 0x00, 0x00, 0x00, 0x00, 0x00, 0x00,
  0x00, 0x00, 0x00, 0x00, 0x00, 0x00, 0x00, 0x00, 0x00, 0x00, 0x00, 0x00, 0x00, 0x00, 0x00, 0x00,
  0x00, 0x00, 0x00, 0x00, 0x00, 0x00, 0x00, 0x00, 0x00, 0x00, 0x00, 0x00, 0x00, 0x00, 0x00, 0x00,
  0x00, 0x00, 0x00, 0x00, 0x00, 0x00, 0x00, 0x00, 0x00, 0x00, 0x00, 0x00, 0x00, 0x00, 0x00, 0x00,
  0x00, 0x00, 0x00, 0x00, 0x00, 0x00, 0x00, 0x00, 0x00, 0x00, 0x00, 0x00, 0x00, 0x00, 0x00, 0x00,
  0x00, 0x00, 0x00, 0x00, 0x00, 0x00, 0x00, 0x00, 0x00, 0x00, 0x00, 0x00, 0x00, 0x00, 0x00, 0x00,
  0x00, 0x00, 0x00, 0x00, 0x00, 0x00, 0x00, 0x00, 0x00, 0x00, 0x00, 0x00, 0x00, 0x00, 0x00, 0x00,
  0x00, 0x00, 0x00, 0x00, 0x00, 0x00, 0x00, 0x00, 0x00, 0x00, 0x00, 0x00, 0x00, 0x00, 0x00, 0x00,
  0x00, 0x00, 0x00, 0x00, 0x00, 0x00, 0x00, 0x00, 0x00, 0x00, 0x00, 0x00, 0x00, 0x00, 0x00, 0x00,
  0x00, 0x00, 0x00, 0x00, 0x00, 0x00, 0x00, 0x00, 0x00, 0x00, 0x00, 0x00, 0x00, 0x00, 0x00, 0x00,
  0x00, 0x00, 0x00, 0x00, 0x00, 0x00, 0x00, 0x00, 0x00, 0x00, 0x00, 0x00, 0x00, 0x00, 0x00, 0x00,
  0x00, 0x00, 0x00, 0x00, 0x00, 0x00, 0x00, 0x00, 0x00, 0x00, 0x00, 0x00, 0x00, 0x00, 0x00, 0x00,
  0x00, 0x00, 0x00, 0x00, 0x00, 0x00, 0x00, 0x00, 0x00, 0x00, 0x00, 0x00, 0x00, 0x00, 0x00, 0x00,
  0x00, 0x00, 0x00, 0x00, 0x00, 0x00, 0x00, 0x00, 0x00, 0x00, 0x00, 0x00, 0x00, 0x00, 0x00, 0x00,
  0x00, 0x00, 0x00, 0x00, 0x00, 0x00, 0x00, 0x00, 0x00, 0x00, 0x00, 0x00, 0x00, 0x00, 0x00, 0x00,
  0x00, 0x00, 0x00, 0x00, 0x00, 0x00, 0x00, 0x00, 0x00, 0x00, 0x00, 0x00, 0x00, 0x00, 0x00, 0x00,
  0x00, 0x00, 0x00, 0x00, 0x00, 0x00, 0x00, 0x00, 0x00, 0x00, 0x00, 0x00, 0x00, 0x00, 0x00, 0x00,
  0x00, 0x00, 0x00, 0x00, 0x00, 0x00, 0x00, 0x00, 0x00, 0x00, 0x00, 0x00, 0x00, 0x00, 0x00, 0x00,
  0x00, 0x00, 0x00, 0x00, 0x00, 0x00, 0x00, 0x00, 0x00, 0x00, 0x00, 0x00, 0x00, 0x00, 0x00, 0x00,
  0x00, 0x00, 0x00, 0x00, 0x00, 0x00, 0x00, 0x00, 0x00, 0x00, 0x00, 0x00, 0x00, 0x00, 0x00, 0x00,
  0x00, 0x00, 0x00, 0x00, 0x00, 0x00, 0x00, 0x00, 0x00, 0x00, 0x00, 0x00, 0x00, 0x00, 0x00, 0x00,
  0x00, 0x00, 0x00, 0x00, 0x00, 0x00, 0x00, 0x00, 0x00, 0x00, 0x00, 0x00, 0x00, 0x00, 0x00, 0x00,
  0x00, 0x00, 0x00, 0x00, 0x00, 0x00, 0x00, 0x00, 0x00, 0x00, 0x00, 0x00, 0x00, 0x00, 0x00, 0x00,
  0x00, 0x00, 0x00, 0x00, 0x00, 0x00, 0x00, 0x00, 0x00, 0x00, 0x00, 0x00, 0x00, 0x00, 0x00, 0x00,
  0x00, 0x00, 0x00, 0x00, 0x00, 0x00, 0x00, 0x00, 0x00, 0x00, 0x00, 0x00, 0x00, 0x00, 0x00, 0x00,
  0x00, 0x00, 0x00, 0x00, 0x00, 0x00, 0x00, 0x00, 0x00, 0x00, 0x00, 0x00, 0x00, 0x00, 0x00, 0x00,
  0x00, 0x00, 0x00, 0x00, 0x00, 0x00, 0x00, 0x00, 0x00, 0x00, 0x00, 0x00, 0x00, 0x00, 0x00, 0x00,
  0x00, 0x00, 0x00, 0x00, 0x00, 0x00, 0x00, 0x00, 0x00, 0x00, 0x00, 0x00, 0x00, 0x00, 0x00, 0x00,
  0x00, 0x00, 0x00, 0x00, 0x00, 0x00, 0x00, 0x00, 0x00, 0x00, 0x00, 0x00, 0x00, 0x00, 0x00, 0x00,
  0x00, 0x00, 0x00, 0x00, 0x00, 0x00, 0x00, 0x00, 0x00, 0x00, 0x00, 0x00, 0x00, 0x00, 0x00, 0x00,
  0x00, 0x00, 0x00, 0x00, 0x00, 0x00, 0x00, 0x00, 0x00, 0x00, 0x00, 0x00, 0x00, 0x00, 0x00, 0x00,
  0x00, 0x00, 0x00, 0x00, 0x00, 0x00, 0x00, 0x00, 0x00, 0x00, 0x00, 0x00, 0x00, 0x00, 0x00, 0x00,
  0x00, 0x00, 0x00, 0x00, 0x00, 0x00, 0x00, 0x00, 0x00, 0x00, 0x00, 0x00, 0x00, 0x00, 0x00, 0x00,
  0x00, 0x00, 0x00, 0x00, 0x00, 0x00, 0x00, 0x00, 0x00, 0x00, 0x00, 0x00, 0x00, 0x00, 0x00, 0x00,
  0x00, 0x00, 0x00, 0x00, 0x00, 0x00, 0x00, 0x00, 0x00, 0x00, 0x00, 0x00, 0x00, 0x00, 0x00, 0x00,
  0x00, 0x00, 0x00, 0x00, 0x00, 0x00, 0x00, 0x00, 0x00, 0x00, 0x00, 0x00, 0x00, 0x00, 0x00, 0x00,
  0x00, 0x00, 0x00, 0x00, 0x00, 0x00, 0x00, 0x00, 0x00, 0x00, 0x00, 0x00, 0x00, 0x00, 0x00, 0x00,
  0x00, 0x00, 0x00, 0x00, 0x00, 0x00, 0x00, 0x00, 0x00, 0x00, 0x00, 0x00, 0x00, 0x00, 0x00, 0x00,
  0x00, 0x00, 0x00, 0x00, 0x00, 0x00, 0x00, 0x00, 0x00, 0x00, 0x00, 0x00, 0x00, 0x00, 0x00, 0x00,
  0x00, 0x00, 0x00, 0x00, 0x00, 0x00, 0x00, 0x00, 0x00, 0x00, 0x00, 0x00, 0x00, 0x00, 0x00, 0x00,
  0x00, 0x00, 0x00, 0x00, 0x00, 0x00, 0x00, 0x00, 0x00, 0x00, 0x00, 0x00, 0x00, 0x00, 0x00, 0x00,
  0x00, 0x00, 0x00, 0x00, 0x00, 0x00, 0x00, 0x00, 0x00, 0x00, 0x00, 0x00, 0x00, 0x00, 0x00, 0x00,
  0x00, 0x00, 0x00, 0x00, 0x00, 0x00, 0x00, 0x00, 0x00, 0x00, 0x00, 0x00, 0x00, 0x00, 0x00, 0x00,
  0x00, 0x00, 0x00, 0x00, 0x00, 0x00, 0x00, 0x00, 0x00, 0x00, 0x00, 0x00, 0x00, 0x00, 0x00, 0x00,
  0x00, 0x00, 0x00, 0x00, 0x00, 0x00, 0x00, 0x00, 0x00, 0x00, 0x00, 0x00, 0x00, 0x00, 0x00, 0x00,
  0x00, 0x00, 0x00, 0x00, 0x00, 0x00, 0x00, 0x00, 0x00, 0x00, 0x00, 0x00, 0x00, 0x00, 0x00, 0x00,
  0x00, 0x00, 0x00, 0x00, 0x00, 0x00, 0x00, 0x00, 0x00, 0x00, 0x00, 0x00, 0x00, 0x00, 0x00, 0x00,
  0x00, 0x00, 0x00, 0x00, 0x00, 0x00, 0x00, 0x00, 0x00, 0x00, 0x00, 0x00, 0x00, 0x00, 0x00, 0x00,
  0x00, 0x00, 0x00, 0x00, 0x00, 0x00, 0x00, 0x00, 0x00, 0x00, 0x00, 0x00, 0x00, 0x00, 0x00, 0x00,
  0x00, 0x00, 0x00, 0x00, 0x00, 0x00, 0x00, 0x00, 0x00, 0x00, 0x00, 0x00, 0x00, 0x00, 0x00, 0x00,
  0x00, 0x00, 0x00, 0x00, 0x00, 0x00, 0x00, 0x00, 0x00, 0x00, 0x00, 0x00, 0x00, 0x00, 0x00, 0x00,
  0x00, 0x00, 0x00, 0x00, 0x00, 0x00, 0x00, 0x00, 0x00, 0x00, 0x00, 0x00, 0x00, 0x00, 0x00, 0x00,
  0x00, 0x00, 0x00, 0x00, 0x00, 0x00, 0x00, 0x00, 0x00, 0x00, 0x00, 0x00, 0x00, 0x00, 0x00, 0x00,
  0x00, 0x00, 0x00, 0x00, 0x00, 0x00, 0x00, 0x00, 0x00, 0x00, 0x00, 0x00, 0x00, 0x00, 0x00, 0x00,
  0x00, 0x00, 0x00, 0x00, 0x00, 0x00, 0x00, 0x00, 0x00, 0x00, 0x00, 0x00, 0x00, 0x00, 0x00, 0x00,
  0x00, 0x00, 0x00, 0x00, 0x00, 0x00, 0x00, 0x00, 0x00, 0x00, 0x00, 0x00, 0x00, 0x00, 0x00, 0x00,
  0x00, 0x00, 0x00, 0x00, 0x00, 0x00, 0x00, 0x00, 0x00, 0x00, 0x00, 0x00, 0x00, 0x00, 0x00, 0x00,
  0x00, 0x00, 0x00, 0x00, 0x00, 0x00, 0x00, 0x00, 0x00, 0x00, 0x00, 0x00, 0x00, 0x00, 0x00, 0x00,
  0x00, 0x00, 0x00, 0x00, 0x00, 0x00, 0x00, 0x00, 0x00, 0x00, 0x00, 0x00, 0x00, 0x00, 0x00, 0x00,
  0x00, 0x00, 0x00, 0x00, 0x00, 0x00, 0x00, 0x00, 0x00, 0x00, 0x00, 0x00, 0x00, 0x00, 0x00, 0x00,
  0x00, 0x00, 0x00, 0x00, 0x00, 0x00, 0x00, 0x00, 0x00, 0x00, 0x00, 0x00, 0x00, 0x00, 0x00, 0x00,
  0x00, 0x00, 0x00, 0x00, 0x00, 0x00, 0x00, 0x00, 0x00, 0x00, 0x00, 0x00, 0x00, 0x00, 0x00, 0x00,
  0x00, 0x00, 0x00, 0x00, 0x00, 0x00, 0x00, 0x00, 0x00, 0x00, 0x00, 0x00, 0x00, 0x00, 0x00, 0x00,
  0x00, 0x00, 0x00, 0x00, 0x00, 0x00, 0x00, 0x00, 0x00, 0x00, 0x00, 0x00, 0x00, 0x00, 0x00, 0x00,
  0x00, 0x00, 0x00, 0x00, 0x00, 0x00, 0x00, 0x00, 0x00, 0x00, 0x00, 0x00, 0x00, 0x00, 0x00, 0x00,
  0x00, 0x00, 0x00, 0x00, 0x00, 0x00, 0x00, 0x00, 0x00, 0x00, 0x00, 0x00, 0x00, 0x00, 0x00, 0x00,
  0x00, 0x00, 0x00, 0x00, 0x00, 0x00, 0x00, 0x00, 0x00, 0x00, 0x00, 0x00, 0x00, 0x00, 0x00, 0x00,
  0x00, 0x00, 0x00, 0x00, 0x00, 0x00, 0x00, 0x00, 0x00, 0x00, 0x00, 0x00, 0x00, 0x00, 0x00, 0x00,
  0x00, 0x00, 0x00, 0x00, 0x00, 0x00, 0x00, 0x00, 0x00, 0x00, 0x00, 0x00, 0x00, 0x00, 0x00, 0x00,
  0x00, 0x00, 0x00, 0x00, 0x00, 0x00, 0x00, 0x00, 0x00, 0x00, 0x00, 0x00, 0x00, 0x00, 0x00, 0x00,
  0x00, 0x00, 0x00, 0x00, 0x00, 0x00, 0x00, 0x00, 0x00, 0x00, 0x00, 0x00, 0x00, 0x00, 0x00, 0x00,
  0x00, 0x00, 0x00, 0x00, 0x00, 0x00, 0x00, 0x00, 0x00, 0x00, 0x00, 0x00, 0x00, 0x00, 0x00, 0x00,
  0x00, 0x00, 0x00, 0x00, 0x00, 0x00, 0x00, 0x00, 0x00, 0x00, 0x00, 0x00, 0x00, 0x00, 0x00, 0x00,
  0x00, 0x00, 0x00, 0x00, 0x00, 0x00, 0x00, 0x00, 0x00, 0x00, 0x00, 0x00, 0x00, 0x00, 0x00, 0x00,
  0x00, 0x00, 0x00, 0x00, 0x00, 0x00, 0x00, 0x00, 0x00, 0x00, 0x00, 0x00, 0x00, 0x00, 0x00, 0x00,
  0x00, 0x00, 0x00, 0x00, 0x00, 0x00, 0x00, 0x00, 0x00, 0x00, 0x00, 0x00, 0x00, 0x00, 0x00, 0x00,
  0x00, 0x00, 0x00, 0x00, 0x00, 0x00, 0x00, 0x00, 0x00, 0x00, 0x00, 0x00, 0x00, 0x00, 0x00, 0x00,
  0x00, 0x00, 0x00, 0x00, 0x00, 0x00, 0x00, 0x00, 0x00, 0x00, 0x00, 0x00, 0x00, 0x00, 0x00, 0x00,
  0x00, 0x00, 0x00, 0x00, 0x00, 0x00, 0x00, 0x00, 0x00, 0x00, 0x00, 0x00, 0x00, 0x00, 0x00, 0x00,
  0x00, 0x00, 0x00, 0x00, 0x00, 0x00, 0x00, 0x00, 0x00, 0x00, 0x00, 0x00, 0x00, 0x00, 0x00, 0x00,
  0x00, 0x00, 0x00, 0x00, 0x00, 0x00, 0x00, 0x00, 0x00, 0x00, 0x00, 0x00, 0x00, 0x00, 0x00, 0x00,
  0x00, 0x00, 0x00, 0x00, 0x00, 0x00, 0x00, 0x00, 0x00, 0x00, 0x00, 0x00, 0x00, 0x00, 0x00, 0x00,
  0x00, 0x00, 0x00, 0x00, 0x00, 0x00, 0x00, 0x00, 0x00, 0x00, 0x00, 0x00, 0x00, 0x00, 0x00, 0x00,
  0x00, 0x00, 0x00, 0x00, 0x00, 0x00, 0x00, 0x00, 0x00, 0x00, 0x00, 0x00, 0x00, 0x00, 0x00, 0x00,
  0x00, 0x00, 0x00, 0x00, 0x00, 0x00, 0x00, 0x00, 0x00, 0x00, 0x00, 0x00, 0x00, 0x00, 0x00, 0x00,
  0x00, 0x00, 0x00, 0x00, 0x00, 0x00, 0x00, 0x00, 0x00, 0x00, 0x00, 0x00, 0x00, 0x00, 0x00, 0x00,
  0x00, 0x00, 0x00, 0x00, 0x00, 0x00, 0x00, 0x00, 0x00, 0x00, 0x00, 0x00, 0x00, 0x00, 0x00, 0x00,
  0x00, 0x00, 0x00, 0x00, 0x00, 0x00, 0x00, 0x00, 0x00, 0x00, 0x00, 0x00, 0x00, 0x00, 0x00, 0x00,
  0x00, 0x00, 0x00, 0x00, 0x00, 0x00, 0x00, 0x00, 0x00, 0x00, 0x00, 0x00, 0x00, 0x00, 0x00, 0x00,
  0x00, 0x00, 0x00, 0x00, 0x00, 0x00, 0x00, 0x00, 0x00, 0x00, 0x00, 0x00, 0x00, 0x00, 0x00, 0x00,
  0x00, 0x00, 0x00, 0x00, 0x00, 0x00, 0x00, 0x00, 0x00, 0x00, 0x00, 0x00, 0x00, 0x00, 0x00, 0x00,
  0x00, 0x00, 0x00, 0x00, 0x00, 0x00, 0x00, 0x00, 0x00, 0x00, 0x00, 0x00, 0x00, 0x00, 0x00, 0x00,
  0x00, 0x00, 0x00, 0x00, 0x00, 0x00, 0x00, 0x00, 0x00, 0x00, 0x00, 0x00, 0x00, 0x00, 0x00, 0x00,
  0x00, 0x00, 0x00, 0x00, 0x00, 0x00, 0x00, 0x00, 0x00, 0x00, 0x00, 0x00, 0x00, 0x00, 0x00, 0x00,
  0x00, 0x00, 0x00, 0x00, 0x00, 0x00, 0x00, 0x00, 0x00, 0x00, 0x00, 0x00, 0x00, 0x00, 0x00, 0x00,
  0x00, 0x00, 0x00, 0x00, 0x00, 0x00, 0x00, 0x00, 0x00, 0x00, 0x00, 0x00, 0x00, 0x00, 0x00, 0x00,
  0x00, 0x00, 0x00, 0x00, 0x00, 0x00, 0x00, 0x00, 0x00, 0x00, 0x00, 0x00, 0x00, 0x00, 0x00, 0x00,
  0x00, 0x00, 0x00, 0x00, 0x00, 0x00, 0x00, 0x00, 0x00, 0x00, 0x00, 0x00, 0x00, 0x00, 0x00, 0x00,
  0x00, 0x00, 0x00, 0x00, 0x00, 0x00, 0x00, 0x00, 0x00, 0x00, 0x00, 0x00, 0x00, 0x00, 0x00, 0x00,
  0x00, 0x00, 0x00, 0x00, 0x00, 0x00, 0x00, 0x00, 0x00, 0x00, 0x00, 0x00, 0x00, 0x00, 0x00, 0x00,
  0x00, 0x00, 0x00, 0x00, 0x00, 0x00, 0x00, 0x00, 0x00, 0x00, 0x00, 0x00, 0x00, 0x00, 0x00, 0x00,
  0x00, 0x00, 0x00, 0x00, 0x00, 0x00, 0x00, 0x00, 0x00, 0x00, 0x00, 0x00, 0x00, 0x00, 0x00, 0x00,
  0x00, 0x00, 0x00, 0x00, 0x00, 0x00, 0x00, 0x00, 0x00, 0x00, 0x00, 0x00, 0x00, 0x00, 0x00, 0x00,
  0x00, 0x00, 0x00, 0x00, 0x00, 0x00, 0x00, 0x00, 0x00, 0x00, 0x00, 0x00, 0x00, 0x00, 0x00, 0x00,
  0x00, 0x00, 0x00, 0x00, 0x00, 0x00, 0x00, 0x00, 0x00, 0x00, 0x00, 0x00, 0x00, 0x00, 0x00, 0x00,
  0x00, 0x00, 0x00, 0x00, 0x00, 0x00, 0x00, 0x00, 0x00, 0x00, 0x00, 0x00, 0x00, 0x00, 0x00, 0x00,
  0x00, 0x00, 0x00, 0x00, 0x00, 0x00, 0x00, 0x00, 0x00, 0x00, 0x00, 0x00, 0x00, 0x00, 0x00, 0x00,
  0x00, 0x00, 0x00, 0x00, 0x00, 0x00, 0x00, 0x00, 0x00, 0x00, 0x00, 0x00, 0x00, 0x00, 0x00, 0x00,
  0x00, 0x00, 0x00, 0x00, 0x00, 0x00, 0x00, 0x00, 0x00, 0x00, 0x00, 0x00, 0x00, 0x00, 0x00, 0x00,
  0x00, 0x00, 0x00, 0x00, 0x00, 0x00, 0x00, 0x00, 0x00, 0x00, 0x00, 0x00, 0x00, 0x00, 0x00, 0x00,
  0x00, 0x00, 0x00, 0x00, 0x00, 0x00, 0x00, 0x00, 0x00, 0x00, 0x00, 0x00, 0x00, 0x00, 0x00, 0x00,
  0x00, 0x00, 0x00, 0x00, 0x00, 0x00, 0x00, 0x00, 0x00, 0x00, 0x00, 0x00, 0x00, 0x00, 0x00, 0x00,
  0x00, 0x00, 0x00, 0x00, 0x00, 0x00, 0x00, 0x00, 0x00, 0x00, 0x00, 0x00, 0x00, 0x00, 0x00, 0x00,
  0x00, 0x00, 0x00, 0x00, 0x00, 0x00, 0x00, 0x00, 0x00, 0x00, 0x00, 0x00, 0x00, 0x00, 0x00, 0x00,
  0x00, 0x00, 0x00, 0x00, 0x00, 0x00, 0x00, 0x00, 0x00, 0x00, 0x00, 0x00, 0x00, 0x00, 0x00, 0x00,
  0x00, 0x00, 0x00, 0x00, 0x00, 0x00, 0x00, 0x00, 0x00, 0x00, 0x00, 0x00, 0x00, 0x00, 0x00, 0x00,
  0x00, 0x00, 0x00, 0x00, 0x00, 0x00, 0x00, 0x00, 0x00, 0x00, 0x00, 0x00, 0x00, 0x00, 0x00, 0x00,
  
};

const lv_image_dsc_t logo_MU = {
  .header = { .magic = LV_IMAGE_HEADER_MAGIC, .cf = LV_COLOR_FORMAT_ARGB8888, .flags = 0, .w = 48, .h = 48, .stride = 192, .reserved_2 = 0 },
  .data_size = sizeof(logo_MU_data),
  .data = logo_MU_data,
  .reserved = nullptr,
};

static const LV_ATTRIBUTE_LARGE_CONST uint8_t logo_QCOM_data[] = {
  0x00, 0x00, 0x00, 0x00, 0x00, 0x00, 0x00, 0x00, 0x00, 0x00, 0x00, 0x00, 0x00, 0x00, 0x00, 0x00,
  0x00, 0x00, 0x00, 0x00, 0x00, 0x00, 0x00, 0x00, 0x00, 0x00, 0x00, 0x00, 0x00, 0x00, 0x00, 0x00,
  0x00, 0x00, 0x00, 0x00, 0x00, 0x00, 0x00, 0x00, 0x00, 0x00, 0x00, 0x00, 0x00, 0x00, 0x00, 0x00,
  0x00, 0x00, 0x00, 0x00, 0x00, 0x00, 0x00, 0x00, 0x00, 0x00, 0x00, 0x00, 0x00, 0x00, 0x00, 0x00,
  0x00, 0x00, 0x00, 0x01, 0x00, 0x00, 0x00, 0x00, 0x00, 0x00, 0x00, 0x00, 0x00, 0x00, 0x00, 0x00,
  0x00, 0x00, 0x00, 0x00, 0x00, 0x00, 0x00, 0x00, 0x00, 0x00, 0x00, 0x00, 0x00, 0x00, 0x00, 0x00,
  0x00, 0x00, 0x00, 0x00, 0x00, 0x00, 0x00, 0x00, 0x00, 0x00, 0x00, 0x00, 0x00, 0x00, 0x00, 0x00,
  0x00, 0x00, 0x00, 0x00, 0x00, 0x00, 0x00, 0x00, 0x00, 0x00, 0x00, 0x00, 0x00, 0x00, 0x00, 0x01,
  0x00, 0x00, 0x00, 0x00, 0x00, 0x00, 0x00, 0x00, 0x00, 0x00, 0x00, 0x00, 0x00, 0x00, 0x00, 0x00,
  0x00, 0x00, 0x00, 0x00, 0x00, 0x00, 0x00, 0x00, 0x00, 0x00, 0x00, 0x00, 0x00, 0x00, 0x00, 0x00,
  0x00, 0x00, 0x00, 0x00, 0x00, 0x00, 0x00, 0x00, 0x00, 0x00, 0x00, 0x00, 0x00, 0x00, 0x00, 0x00,
  0x00, 0x00, 0x00, 0x00, 0x00, 0x00, 0x00, 0x00, 0x00, 0x00, 0x00, 0x00, 0x00, 0x00, 0x00, 0x00,
  0x00, 0x00, 0x00, 0x00, 0x00, 0x00, 0x00, 0x00, 0x00, 0x00, 0x00, 0x00, 0x00, 0x00, 0x00, 0x00,
  0x00, 0x00, 0x00, 0x00, 0x00, 0x00, 0x00, 0x00, 0x00, 0x00, 0x00, 0x00, 0x00, 0x00, 0x00, 0x00,
  0x00, 0x00, 0x00, 0x00, 0x00, 0x00, 0x00, 0x00, 0x00, 0x00, 0x00, 0x00, 0x00, 0x00, 0x00, 0x00,
  0x00, 0x00, 0x00, 0x00, 0x00, 0x00, 0x00, 0x00, 0xff, 0x00, 0x00, 0x01, 0x01, 0x00, 0x00, 0x00,
  0x00, 0x00, 0x00, 0x00, 0x00, 0x00, 0x00, 0x00, 0x4b, 0x1e, 0x0f, 0x11, 0x7c, 0x2d, 0x1c, 0x2d,
  0xa8, 0x3e, 0x25, 0x4a, 0xc8, 0x4b, 0x2d, 0x66, 0xd6, 0x50, 0x30, 0x78, 0xdc, 0x52, 0x30, 0x7e,
  0xdc, 0x52, 0x30, 0x7e, 0xd6, 0x50, 0x30, 0x78, 0xc8, 0x4b, 0x2d, 0x66, 0xa8, 0x3e, 0x25, 0x4a,
  0x7c, 0x2d, 0x1c, 0x2d, 0x4b, 0x1e, 0x0f, 0x11, 0x00, 0x00, 0x00, 0x00, 0x00, 0x00, 0x00, 0x00,
  0x01, 0x00, 0x00, 0x00, 0xff, 0x00, 0x00, 0x01, 0x00, 0x00, 0x00, 0x00, 0x00, 0x00, 0x00, 0x00,
  0x00, 0x00, 0x00, 0x00, 0x00, 0x00, 0x00, 0x00, 0x00, 0x00, 0x00, 0x00, 0x00, 0x00, 0x00, 0x00,
  0x00, 0x00, 0x00, 0x00, 0x00, 0x00, 0x00, 0x00, 0x00, 0x00, 0x00, 0x00, 0x00, 0x00, 0x00, 0x00,
  0x00, 0x00, 0x00, 0x00, 0x00, 0x00, 0x00, 0x00, 0x00, 0x00, 0x00, 0x00, 0x00, 0x00, 0x00, 0x00,
  0x00, 0x00, 0x00, 0x00, 0x00, 0x00, 0x00, 0x00, 0x00, 0x00, 0x00, 0x00, 0x00, 0x00, 0x00, 0x00,
  0x00, 0x00, 0x00, 0x00, 0x00, 0x00, 0x00, 0x00, 0x00, 0x00, 0x00, 0x00, 0x00, 0x00, 0x00, 0x00,
  0x00, 0x00, 0x00, 0x00, 0x00, 0x00, 0x00, 0x00, 0x00, 0x00, 0x00, 0x00, 0x00, 0x00, 0x00, 0x00,
  0x00, 0x00, 0x00, 0x01, 0xff, 0x7f, 0x00, 0x02, 0x01, 0x00, 0x00, 0x00, 0x00, 0x00, 0x00, 0x00,
  0x00, 0x00, 0x00, 0x0d, 0x4e, 0x1e, 0x12, 0x2a, 0x7c, 0x2f, 0x1a, 0x56, 0x9b, 0x39, 0x22, 0x8d,
  0xb7, 0x45, 0x28, 0xc3, 0xcc, 0x4c, 0x2d, 0xf0, 0xe3, 0x55, 0x32, 0xff, 0xf1, 0x5b, 0x36, 0xff,
  0xf1, 0x5b, 0x36, 0xff, 0xe3, 0x55, 0x32, 0xff, 0xcc, 0x4c, 0x2d, 0xf0, 0xb7, 0x45, 0x28, 0xc3,
  0x9b, 0x39, 0x22, 0x8d, 0x7b, 0x2e, 0x1a, 0x57, 0x53, 0x23, 0x11, 0x2b, 0x00, 0x00, 0x00, 0x0d,
  0x00, 0x00, 0x00, 0x00, 0x01, 0x00, 0x00, 0x00, 0xff, 0x7f, 0x00, 0x02, 0x00, 0x00, 0x00, 0x01,
  0x00, 0x00, 0x00, 0x00, 0x00, 0x00, 0x00, 0x00, 0x00, 0x00, 0x00, 0x00, 0x00, 0x00, 0x00, 0x00,
  0x00, 0x00, 0x00, 0x00, 0x00, 0x00, 0x00, 0x00, 0x00, 0x00, 0x00, 0x00, 0x00, 0x00, 0x00, 0x00,
  0x00, 0x00, 0x00, 0x00, 0x00, 0x00, 0x00, 0x00, 0x00, 0x00, 0x00, 0x00, 0x00, 0x00, 0x00, 0x00,
  0x00, 0x00, 0x00, 0x00, 0x00, 0x00, 0x00, 0x00, 0x00, 0x00, 0x00, 0x00, 0x00, 0x00, 0x00, 0x00,
  0x00, 0x00, 0x00, 0x00, 0x00, 0x00, 0x00, 0x00, 0x00, 0x00, 0x00, 0x00, 0x00, 0x00, 0x00, 0x00,
  0x00, 0x00, 0x00, 0x00, 0x00, 0x00, 0x00, 0x00, 0x00, 0x00, 0x00, 0x00, 0x00, 0x00, 0x00, 0x01,
  0x00, 0x00, 0x00, 0x00, 0x00, 0x00, 0x00, 0x00, 0x00, 0x00, 0x00, 0x13, 0x9a, 0x3a, 0x22, 0x68,
  0xc8, 0x4c, 0x2d, 0xb5, 0xd1, 0x4e, 0x2e, 0xd1, 0xd2, 0x4f, 0x2f, 0xdc, 0xd5, 0x50, 0x30, 0xe8,
  0xd9, 0x52, 0x30, 0xf0, 0xda, 0x52, 0x2f, 0xf5, 0xda, 0x52, 0x31, 0xf7, 0xdb, 0x52, 0x31, 0xf8,
  0xdb, 0x52, 0x31, 0xf8, 0xda, 0x52, 0x31, 0xf7, 0xda, 0x52, 0x2f, 0xf5, 0xd9, 0x52, 0x30, 0xf0,
  0xd5, 0x50, 0x30, 0xe8, 0xd2, 0x4f, 0x2f, 0xdc, 0xd3, 0x4f, 0x2e, 0xd1, 0xc8, 0x4c, 0x2d, 0xb5,
  0x9c, 0x39, 0x24, 0x6a, 0x00, 0x00, 0x0c, 0x14, 0x00, 0x00, 0x00, 0x00, 0x00, 0x00, 0x00, 0x00,
  0x00, 0x00, 0x00, 0x01, 0x00, 0x00, 0x00, 0x00, 0x00, 0x00, 0x00, 0x00, 0x00, 0x00, 0x00, 0x00,
  0x00, 0x00, 0x00, 0x00, 0x00, 0x00, 0x00, 0x00, 0x00, 0x00, 0x00, 0x00, 0x00, 0x00, 0x00, 0x00,
  0x00, 0x00, 0x00, 0x00, 0x00, 0x00, 0x00, 0x00, 0x00, 0x00, 0x00, 0x00, 0x00, 0x00, 0x00, 0x00,
  0x00, 0x00, 0x00, 0x00, 0x00, 0x00, 0x00, 0x00, 0x00, 0x00, 0x00, 0x00, 0x00, 0x00, 0x00, 0x00,
  0x00, 0x00, 0x00, 0x00, 0x00, 0x00, 0x00, 0x00, 0x00, 0x00, 0x00, 0x00, 0x00, 0x00, 0x00, 0x00,
  0x00, 0x00, 0x00, 0x00, 0x00, 0x00, 0x00, 0x00, 0xff, 0x00, 0x00, 0x01, 0x00, 0x00, 0x00, 0x00,
  0x00, 0x00, 0x00, 0x09, 0x96, 0x38, 0x22, 0x5a, 0xb7, 0x46, 0x28, 0xab, 0xd5, 0x4e, 0x2f, 0xed,
  0xf9, 0x5e, 0x38, 0xff, 0xf3, 0x5c, 0x36, 0xff, 0xea, 0x59, 0x34, 0xff, 0xe0, 0x55, 0x33, 0xff,
  0xdb, 0x52, 0x30, 0xfb, 0xd9, 0x51, 0x2f, 0xfa, 0xdb, 0x51, 0x30, 0xfc, 0xdc, 0x52, 0x31, 0xfd,
  0xdc, 0x52, 0x31, 0xfd, 0xdb, 0x51, 0x30, 0xfc, 0xd9, 0x51, 0x2f, 0xfa, 0xdb, 0x52, 0x30, 0xfb,
  0xe1, 0x55, 0x33, 0xff, 0xea, 0x59, 0x34, 0xff, 0xf4, 0x5c, 0x36, 0xff, 0xf9, 0x5e, 0x38, 0xff,
  0xd3, 0x50, 0x30, 0xef, 0xb9, 0x44, 0x29, 0xac, 0x95, 0x37, 0x21, 0x5c, 0x00, 0x00, 0x00, 0x09,
  0x00, 0x00, 0x00, 0x00, 0xff, 0x00, 0x00, 0x01, 0x00, 0x00, 0x00, 0x00, 0x00, 0x00, 0x00, 0x00,
  0x00, 0x00, 0x00, 0x00, 0x00, 0x00, 0x00, 0x00, 0x00, 0x00, 0x00, 0x00, 0x00, 0x00, 0x00, 0x00,
  0x00, 0x00, 0x00, 0x00, 0x00, 0x00, 0x00, 0x00, 0x00, 0x00, 0x00, 0x00, 0x00, 0x00, 0x00, 0x00,
  0x00, 0x00, 0x00, 0x00, 0x00, 0x00, 0x00, 0x00, 0x00, 0x00, 0x00, 0x00, 0x00, 0x00, 0x00, 0x00,
  0x00, 0x00, 0x00, 0x00, 0x00, 0x00, 0x00, 0x00, 0x00, 0x00, 0x00, 0x00, 0x00, 0x00, 0x00, 0x00,
  0x00, 0x00, 0x00, 0x00, 0xff, 0x00, 0x00, 0x01, 0x00, 0x00, 0x00, 0x00, 0x2a, 0x0a, 0x0a, 0x18,
  0x9d, 0x3c, 0x22, 0x76, 0xd6, 0x51, 0x2e, 0xef, 0xf3, 0x5c, 0x36, 0xff, 0xdd, 0x52, 0x31, 0xfe,
  0xd2, 0x4f, 0x2e, 0xf1, 0xd2, 0x4f, 0x2f, 0xf2, 0xdc, 0x53, 0x31, 0xfe, 0xe9, 0x58, 0x34, 0xff,
  0xef, 0x5a, 0x35, 0xff, 0xef, 0x59, 0x35, 0xff, 0xe5, 0x57, 0x33, 0xff, 0xdb, 0x53, 0x32, 0xff,
  0xdb, 0x53, 0x32, 0xff, 0xe5, 0x57, 0x33, 0xff, 0xef, 0x59, 0x35, 0xff, 0xef, 0x5a, 0x35, 0xff,
  0xe9, 0x58, 0x34, 0xff, 0xdc, 0x53, 0x31, 0xfe, 0xd2, 0x4f, 0x2f, 0xf2, 0xd2, 0x4f, 0x2e, 0xf1,
  0xdd, 0x52, 0x31, 0xfe, 0xf4, 0x5c, 0x37, 0xff, 0xd7, 0x50, 0x2f, 0xf0, 0x9e, 0x3c, 0x22, 0x77,
  0x2c, 0x0b, 0x0b, 0x17, 0x00, 0x00, 0x00, 0x00, 0xff, 0x00, 0x00, 0x01, 0x00, 0x00, 0x00, 0x00,
  0x00, 0x00, 0x00, 0x00, 0x00, 0x00, 0x00, 0x00, 0x00, 0x00, 0x00, 0x00, 0x00, 0x00, 0x00, 0x00,
  0x00, 0x00, 0x00, 0x00, 0x00, 0x00, 0x00, 0x00, 0x00, 0x00, 0x00, 0x00, 0x00, 0x00, 0x00, 0x00,
  0x00, 0x00, 0x00, 0x00, 0x00, 0x00, 0x00, 0x00, 0x00, 0x00, 0x00, 0x00, 0x00, 0x00, 0x00, 0x00,
  0x00, 0x00, 0x00, 0x00, 0x00, 0x00, 0x00, 0x00, 0x00, 0x00, 0x00, 0x00, 0x00, 0x00, 0x00, 0x00,
  0xff, 0x00, 0x00, 0x01, 0x00, 0x00, 0x00, 0x00, 0x37, 0x0f, 0x0f, 0x20, 0xb8, 0x42, 0x27, 0xa9,
  0xe7, 0x57, 0x34, 0xff, 0xdf, 0x54, 0x31, 0xfb, 0xd9, 0x51, 0x2f, 0xf5, 0xdb, 0x52, 0x30, 0xfc,
  0xde, 0x54, 0x31, 0xfa, 0xdf, 0x54, 0x32, 0xff, 0xd9, 0x51, 0x30, 0xfc, 0xd5, 0x50, 0x2e, 0xea,
  0xd6, 0x50, 0x30, 0xdf, 0xcf, 0x4d, 0x2d, 0xce, 0xbc, 0x48, 0x29, 0xad, 0xae, 0x43, 0x25, 0x94,
  0xae, 0x43, 0x25, 0x94, 0xbc, 0x48, 0x29, 0xad, 0xcf, 0x4d, 0x2d, 0xce, 0xd6, 0x50, 0x30, 0xdf,
  0xd5, 0x50, 0x2e, 0xea, 0xd9, 0x51, 0x30, 0xfc, 0xdf, 0x54, 0x32, 0xff, 0xde, 0x54, 0x31, 0xfa,
  0xdb, 0x52, 0x30, 0xfc, 0xd8, 0x51, 0x2f, 0xf5, 0xdf, 0x53, 0x31, 0xfb, 0xe7, 0x58, 0x34, 0xff,
  0xb8, 0x42, 0x27, 0xa9, 0x37, 0x0f, 0x0f, 0x20, 0x00, 0x00, 0x00, 0x00, 0xff, 0x00, 0x00, 0x01,
  0x00, 0x00, 0x00, 0x00, 0x00, 0x00, 0x00, 0x00, 0x00, 0x00, 0x00, 0x00, 0x00, 0x00, 0x00, 0x00,
  0x00, 0x00, 0x00, 0x00, 0x00, 0x00, 0x00, 0x00, 0x00, 0x00, 0x00, 0x00, 0x00, 0x00, 0x00, 0x00,
  0x00, 0x00, 0x00, 0x00, 0x00, 0x00, 0x00, 0x00, 0x00, 0x00, 0x00, 0x00, 0x00, 0x00, 0x00, 0x00,
  0x00, 0x00, 0x00, 0x00, 0x00, 0x00, 0x00, 0x00, 0x00, 0x00, 0x00, 0x00, 0xff, 0x00, 0x00, 0x01,
  0x00, 0x00, 0x00, 0x00, 0x3f, 0x17, 0x0f, 0x20, 0xb6, 0x44, 0x28, 0xa8, 0xe9, 0x58, 0x33, 0xff,
  0xe6, 0x56, 0x34, 0xfa, 0xda, 0x51, 0x30, 0xf9, 0xd5, 0x4f, 0x2e, 0xf3, 0xdc, 0x52, 0x30, 0xfc,
  0xea, 0x59, 0x34, 0xff, 0xd8, 0x51, 0x2f, 0xf1, 0xad, 0x41, 0x27, 0x9c, 0x6e, 0x29, 0x1a, 0x43,
  0x3b, 0x19, 0x08, 0x1e, 0x00, 0x00, 0x00, 0x10, 0x00, 0x00, 0x00, 0x0b, 0x00, 0x00, 0x00, 0x08,
  0x00, 0x00, 0x00, 0x08, 0x00, 0x00, 0x00, 0x0b, 0x00, 0x00, 0x00, 0x10, 0x3b, 0x19, 0x08, 0x1e,
  0x6e, 0x29, 0x1a, 0x43, 0xad, 0x41, 0x27, 0x9c, 0xd8, 0x51, 0x2f, 0xf1, 0xea, 0x59, 0x34, 0xff,
  0xdc, 0x52, 0x30, 0xfc, 0xd4, 0x4f, 0x2d, 0xf4, 0xd9, 0x52, 0x30, 0xf8, 0xe6, 0x57, 0x34, 0xfa,
  0xe9, 0x58, 0x33, 0xff, 0xb6, 0x44, 0x28, 0xa8, 0x3f, 0x17, 0x0f, 0x20, 0x00, 0x00, 0x00, 0x00,
  0xff, 0x00, 0x00, 0x01, 0x00, 0x00, 0x00, 0x00, 0x00, 0x00, 0x00, 0x00, 0x00, 0x00, 0x00, 0x00,
  0x00, 0x00, 0x00, 0x00, 0x00, 0x00, 0x00, 0x00, 0x00, 0x00, 0x00, 0x00, 0x00, 0x00, 0x00, 0x00,
  0x00, 0x00, 0x00, 0x00, 0x00, 0x00, 0x00, 0x00, 0x00, 0x00, 0x00, 0x00, 0x00, 0x00, 0x00, 0x00,
  0x00, 0x00, 0x00, 0x00, 0x00, 0x00, 0x00, 0x00, 0x00, 0x00, 0x00, 0x01, 0x01, 0x00, 0x00, 0x00,
  0x37, 0x16, 0x0b, 0x17, 0xb6, 0x43, 0x28, 0xa2, 0xe4, 0x56, 0x33, 0xff, 0xe4, 0x57, 0x32, 0xfe,
  0xd1, 0x4d, 0x2d, 0xf2, 0xd7, 0x50, 0x2f, 0xf7, 0xf1, 0x5b, 0x36, 0xff, 0xd9, 0x52, 0x2f, 0xfa,
  0xad, 0x40, 0x25, 0x9d, 0x89, 0x33, 0x1b, 0x4a, 0x3d, 0x14, 0x14, 0x19, 0x00, 0x00, 0x00, 0x00,
  0x00, 0x00, 0x00, 0x00, 0x01, 0x00, 0x00, 0x00, 0x01, 0x00, 0x00, 0x00, 0x01, 0x00, 0x00, 0x00,
  0x01, 0x00, 0x00, 0x00, 0x01, 0x00, 0x00, 0x00, 0x01, 0x00, 0x00, 0x00, 0x00, 0x00, 0x00, 0x00,
  0x00, 0x00, 0x00, 0x00, 0x3d, 0x14, 0x14, 0x19, 0x89, 0x33, 0x1b, 0x4a, 0xad, 0x40, 0x25, 0x9d,
  0xd9, 0x52, 0x2f, 0xfa, 0xf1, 0x5b, 0x36, 0xff, 0xd7, 0x50, 0x2f, 0xf7, 0xd1, 0x4d, 0x2d, 0xf2,
  0xe4, 0x57, 0x32, 0xfe, 0xe4, 0x56, 0x33, 0xff, 0xb6, 0x43, 0x28, 0xa2, 0x37, 0x16, 0x0b, 0x17,
  0x01, 0x00, 0x00, 0x00, 0x00, 0x00, 0x00, 0x01, 0x00, 0x00, 0x00, 0x00, 0x00, 0x00, 0x00, 0x00,
  0x00, 0x00, 0x00, 0x00, 0x00, 0x00, 0x00, 0x00, 0x00, 0x00, 0x00, 0x00, 0x00, 0x00, 0x00, 0x00,
  0x00, 0x00, 0x00, 0x00, 0x00, 0x00, 0x00, 0x00, 0x00, 0x00, 0x00, 0x00, 0x00, 0x00, 0x00, 0x00,
  0x00, 0x00, 0x00, 0x00, 0x00, 0x00, 0x00, 0x00, 0xff, 0x00, 0x00, 0x01, 0x00, 0x00, 0x00, 0x07,
  0x9d, 0x3b, 0x22, 0x78, 0xea, 0x58, 0x34, 0xff, 0xe4, 0x55, 0x31, 0xfa, 0xd3, 0x4f, 0x2e, 0xf5,
  0xde, 0x52, 0x31, 0xfc, 0xe3, 0x55, 0x33, 0xff, 0xd7, 0x51, 0x30, 0xe7, 0xa6, 0x3f, 0x24, 0x85,
  0x16, 0x0b, 0x00, 0x17, 0x00, 0x00, 0x00, 0x00, 0x00, 0x00, 0x00, 0x00, 0xff, 0x00, 0x00, 0x01,
  0x7f, 0x00, 0x00, 0x02, 0xff, 0x00, 0x00, 0x01, 0x00, 0x00, 0x00, 0x01, 0x00, 0x00, 0x00, 0x01,
  0x00, 0x00, 0x00, 0x01, 0x00, 0x00, 0x00, 0x01, 0xff, 0x00, 0x00, 0x01, 0x7f, 0x00, 0x00, 0x02,
  0xff, 0x00, 0x00, 0x01, 0x00, 0x00, 0x00, 0x00, 0x00, 0x00, 0x00, 0x00, 0x16, 0x0b, 0x00, 0x17,
  0xa6, 0x3f, 0x24, 0x85, 0xd7, 0x51, 0x30, 0xe7, 0xe3, 0x55, 0x33, 0xff, 0xde, 0x52, 0x31, 0xfc,
  0xd3, 0x4f, 0x2e, 0xf5, 0xe4, 0x55, 0x31, 0xfa, 0xea, 0x58, 0x34, 0xff, 0x9d, 0x3b, 0x22, 0x78,
  0x00, 0x00, 0x00, 0x07, 0xff, 0x00, 0x00, 0x01, 0x00, 0x00, 0x00, 0x00, 0x00, 0x00, 0x00, 0x00,
  0x00, 0x00, 0x00, 0x00, 0x00, 0x00, 0x00, 0x00, 0x00, 0x00, 0x00, 0x00, 0x00, 0x00, 0x00, 0x00,
  0x00, 0x00, 0x00, 0x00, 0x00, 0x00, 0x00, 0x00, 0x00, 0x00, 0x00, 0x00, 0x00, 0x00, 0x00, 0x00,
  0x00, 0x00, 0x00, 0x01, 0xff, 0xff, 0xff, 0x01, 0x00, 0x00, 0x00, 0x00, 0x94, 0x36, 0x22, 0x59,
  0xd7, 0x51, 0x2f, 0xeb, 0xe3, 0x56, 0x32, 0xf9, 0xda, 0x52, 0x2f, 0xfb, 0xd5, 0x4e, 0x2f, 0xf6,
  0xe7, 0x57, 0x33, 0xff, 0xdd, 0x52, 0x30, 0xf1, 0x8f, 0x36, 0x1f, 0x62, 0x00, 0x00, 0x00, 0x05,
  0x01, 0x00, 0x00, 0x00, 0xff, 0xff, 0x00, 0x01, 0xff, 0x00, 0x00, 0x01, 0x00, 0x00, 0x00, 0x00,
  0x00, 0x00, 0x00, 0x00, 0x00, 0x00, 0x00, 0x00, 0x00, 0x00, 0x00, 0x00, 0x00, 0x00, 0x00, 0x00,
  0x00, 0x00, 0x00, 0x00, 0x00, 0x00, 0x00, 0x00, 0x00, 0x00, 0x00, 0x00, 0x00, 0x00, 0x00, 0x00,
  0x00, 0x00, 0x00, 0x00, 0xff, 0x00, 0x00, 0x01, 0xff, 0xff, 0x00, 0x01, 0x01, 0x00, 0x00, 0x00,
  0x00, 0x00, 0x00, 0x05, 0x8f, 0x36, 0x1f, 0x62, 0xdd, 0x52, 0x30, 0xf1, 0xe7, 0x57, 0x33, 0xff,
  0xd5, 0x4e, 0x2f, 0xf6, 0xda, 0x52, 0x2f, 0xfb, 0xe3, 0x56, 0x32, 0xf9, 0xd7, 0x51, 0x2f, 0xeb,
  0x94, 0x36, 0x22, 0x59, 0x00, 0x00, 0x00, 0x00, 0xff, 0xff, 0xff, 0x01, 0x00, 0x00, 0x00, 0x01,
  0x00, 0x00, 0x00, 0x00, 0x00, 0x00, 0x00, 0x00, 0x00, 0x00, 0x00, 0x00, 0x00, 0x00, 0x00, 0x00,
  0x00, 0x00, 0x00, 0x00, 0x00, 0x00, 0x00, 0x00, 0x00, 0x00, 0x00, 0x00, 0x00, 0x00, 0x00, 0x00,
  0xff, 0x00, 0x00, 0x01, 0x01, 0x00, 0x00, 0x00, 0x0f, 0x00, 0x00, 0x11, 0xb9, 0x45, 0x29, 0xb3,
  0xf7, 0x5d, 0x36, 0xff, 0xd6, 0x51, 0x2f, 0xf5, 0xd7, 0x51, 0x2f, 0xf7, 0xe4, 0x55, 0x32, 0xfd,
  0xd7, 0x51, 0x2f, 0xec, 0x9c, 0x3c, 0x22, 0x77, 0x00, 0x00, 0x00, 0x0c, 0x02, 0x00, 0x00, 0x00,
  0x7f, 0x00, 0x00, 0x02, 0x00, 0x00, 0x00, 0x00, 0x00, 0x00, 0x00, 0x00, 0x00, 0x00, 0x00, 0x00,
  0x00, 0x00, 0x00, 0x00, 0x00, 0x00, 0x00, 0x00, 0x00, 0x00, 0x00, 0x00, 0x00, 0x00, 0x00, 0x00,
  0x00, 0x00, 0x00, 0x00, 0x00, 0x00, 0x00, 0x00, 0x00, 0x00, 0x00, 0x00, 0x00, 0x00, 0x00, 0x00,
  0x00, 0x00, 0x00, 0x00, 0x00, 0x00, 0x00, 0x00, 0x00, 0x00, 0x00, 0x00, 0x7f, 0x00, 0x00, 0x02,
  0x02, 0x00, 0x00, 0x00, 0x00, 0x00, 0x00, 0x0c, 0x9c, 0x3c, 0x22, 0x77, 0xd7, 0x50, 0x2f, 0xed,
  0xe4, 0x55, 0x32, 0xfd, 0xd7, 0x51, 0x2f, 0xf7, 0xd7, 0x51, 0x2f, 0xf5, 0xf6, 0x5d, 0x36, 0xff,
  0xbb, 0x45, 0x29, 0xb4, 0x1a, 0x00, 0x00, 0x13, 0x01, 0x00, 0x00, 0x00, 0xff, 0x00, 0x00, 0x01,
  0x00, 0x00, 0x00, 0x00, 0x00, 0x00, 0x00, 0x00, 0x00, 0x00, 0x00, 0x00, 0x00, 0x00, 0x00, 0x00,
  0x00, 0x00, 0x00, 0x00, 0x00, 0x00, 0x00, 0x00, 0x00, 0x00, 0x00, 0x00, 0x00, 0x00, 0x00, 0x00,
  0x01, 0x00, 0x00, 0x00, 0x00, 0x00, 0x00, 0x01, 0x94, 0x37, 0x22, 0x60, 0xd0, 0x4f, 0x2f, 0xe7,
  0xe0, 0x54, 0x30, 0xfa, 0xda, 0x52, 0x30, 0xfa, 0xd7, 0x51, 0x30, 0xf8, 0xec, 0x59, 0x35, 0xff,
  0xba, 0x46, 0x29, 0xae, 0x00, 0x00, 0x00, 0x11, 0x01, 0x00, 0x00, 0x00, 0xff, 0x00, 0x00, 0x01,
  0x00, 0x00, 0x00, 0x00, 0x00, 0x00, 0x00, 0x00, 0x00, 0x00, 0x00, 0x00, 0x00, 0x00, 0x00, 0x00,
  0x00, 0x00, 0x00, 0x00, 0x00, 0x00, 0x00, 0x00, 0x00, 0x00, 0x00, 0x00, 0x00, 0x00, 0x00, 0x00,
  0x00, 0x00, 0x00, 0x00, 0x00, 0x00, 0x00, 0x00, 0x00, 0x00, 0x00, 0x00, 0x00, 0x00, 0x00, 0x00,
  0x00, 0x00, 0x00, 0x00, 0x00, 0x00, 0x00, 0x00, 0x00, 0x00, 0x00, 0x00, 0x00, 0x00, 0x00, 0x00,
  0xff, 0x00, 0x00, 0x01, 0x01, 0x00, 0x00, 0x00, 0x00, 0x00, 0x00, 0x11, 0xb9, 0x45, 0x28, 0xac,
  0xec, 0x59, 0x35, 0xff, 0xd8, 0x51, 0x30, 0xf8, 0xdb, 0x52, 0x30, 0xfa, 0xe0, 0x54, 0x30, 0xfa,
  0xd1, 0x4f, 0x2f, 0xe7, 0x94, 0x36, 0x21, 0x62, 0x00, 0x00, 0x00, 0x01, 0x01, 0x00, 0x00, 0x00,
  0x00, 0x00, 0x00, 0x00, 0x00, 0x00, 0x00, 0x00, 0x00, 0x00, 0x00, 0x00, 0x00, 0x00, 0x00, 0x00,
  0x00, 0x00, 0x00, 0x00, 0x00, 0x00, 0x00, 0x00, 0x00, 0x00, 0x00, 0x00, 0x00, 0x00, 0x00, 0x01,
  0x00, 0x00, 0x00, 0x00, 0x13, 0x00, 0x00, 0x0d, 0xc5, 0x4b, 0x2c, 0xb6, 0xf3, 0x5c, 0x37, 0xff,
  0xd5, 0x4f, 0x2f, 0xf4, 0xdc, 0x53, 0x30, 0xfc, 0xe1, 0x56, 0x31, 0xff, 0xcd, 0x4b, 0x2e, 0xe3,
  0x85, 0x31, 0x1f, 0x52, 0x00, 0x00, 0x00, 0x00, 0xff, 0x00, 0x00, 0x01, 0x00, 0x00, 0x00, 0x00,
  0x00, 0x00, 0x00, 0x00, 0x00, 0x00, 0x00, 0x00, 0x00, 0x00, 0x00, 0x00, 0x00, 0x00, 0x00, 0x00,
  0x00, 0x00, 0x00, 0x00, 0x00, 0x00, 0x00, 0x00, 0x00, 0x00, 0x00, 0x00, 0x00, 0x00, 0x00, 0x00,
  0x00, 0x00, 0x00, 0x00, 0x00, 0x00, 0x00, 0x00, 0x00, 0x00, 0x00, 0x00, 0x00, 0x00, 0x00, 0x00,
  0x00, 0x00, 0x00, 0x00, 0x00, 0x00, 0x00, 0x00, 0x00, 0x00, 0x00, 0x00, 0x00, 0x00, 0x00, 0x00,
  0x00, 0x00, 0x00, 0x00, 0xff, 0x00, 0x00, 0x01, 0x00, 0x00, 0x00, 0x00, 0x84, 0x33, 0x1d, 0x4f,
  0xcb, 0x4b, 0x2d, 0xe2, 0xe1, 0x56, 0x32, 0xff, 0xdc, 0x53, 0x30, 0xfc, 0xd5, 0x4f, 0x2f, 0xf4,
  0xf2, 0x5c, 0x37, 0xff, 0xc5, 0x4b, 0x2c, 0xb6, 0x13, 0x00, 0x00, 0x0d, 0x00, 0x00, 0x00, 0x00,
  0x00, 0x00, 0x00, 0x01, 0x00, 0x00, 0x00, 0x00, 0x00, 0x00, 0x00, 0x00, 0x00, 0x00, 0x00, 0x00,
  0x00, 0x00, 0x00, 0x00, 0x00, 0x00, 0x00, 0x00, 0x00, 0x00, 0x00, 0x00, 0x00, 0x00, 0x00, 0x00,
  0x00, 0x00, 0x00, 0x01, 0x4e, 0x1e, 0x12, 0x2a, 0xd3, 0x4f, 0x2e, 0xd5, 0xf4, 0x5c, 0x37, 0xfe,
  0xd0, 0x4e, 0x2e, 0xf1, 0xe0, 0x54, 0x31, 0xfb, 0xe9, 0x59, 0x34, 0xff, 0xa8, 0x3d, 0x25, 0x88,
  0x00, 0x00, 0x00, 0x09, 0x01, 0x00, 0x00, 0x00, 0x00, 0x00, 0x00, 0x00, 0x00, 0x00, 0x00, 0x00,
  0x00, 0x00, 0x00, 0x00, 0x00, 0x00, 0x00, 0x00, 0x00, 0x00, 0x00, 0x00, 0x00, 0x00, 0x00, 0x00,
  0x00, 0x00, 0x00, 0x00, 0x00, 0x00, 0x00, 0x00, 0x00, 0x00, 0x00, 0x00, 0x00, 0x00, 0x00, 0x00,
  0x00, 0x00, 0x00, 0x00, 0x00, 0x00, 0x00, 0x00, 0x00, 0x00, 0x00, 0x00, 0x00, 0x00, 0x00, 0x00,
  0x00, 0x00, 0x00, 0x00, 0x00, 0x00, 0x00, 0x00, 0x00, 0x00, 0x00, 0x00, 0x00, 0x00, 0x00, 0x00,
  0x00, 0x00, 0x00, 0x00, 0x00, 0x00, 0x00, 0x00, 0x01, 0x00, 0x00, 0x00, 0x00, 0x00, 0x00, 0x09,
  0xa6, 0x3d, 0x25, 0x88, 0xe9, 0x59, 0x33, 0xff, 0xe0, 0x54, 0x31, 0xfb, 0xd0, 0x4e, 0x2e, 0xf1,
  0xf4, 0x5c, 0x37, 0xfe, 0xd3, 0x4f, 0x2e, 0xd5, 0x4e, 0x1e, 0x12, 0x2a, 0x00, 0x00, 0x00, 0x01,
  0x00, 0x00, 0x00, 0x00, 0x00, 0x00, 0x00, 0x00, 0x00, 0x00, 0x00, 0x00, 0x00, 0x00, 0x00, 0x00,
  0x00, 0x00, 0x00, 0x00, 0x00, 0x00, 0x00, 0x00, 0x00, 0x00, 0x00, 0x01, 0x00, 0x00, 0x00, 0x00,
  0x3f, 0x0f, 0x0f, 0x10, 0x7c, 0x2f, 0x1a, 0x56, 0xd2, 0x4f, 0x2f, 0xdd, 0xeb, 0x58, 0x35, 0xff,
  0xd3, 0x50, 0x2e, 0xf2, 0xe3, 0x55, 0x32, 0xfe, 0xde, 0x54, 0x30, 0xfb, 0x91, 0x38, 0x21, 0x4d,
  0x00, 0x00, 0x00, 0x00, 0xff, 0xff, 0x00, 0x01, 0x00, 0x00, 0x00, 0x00, 0x00, 0x00, 0x00, 0x00,
  0x00, 0x00, 0x00, 0x00, 0x00, 0x00, 0x00, 0x00, 0x00, 0x00, 0x00, 0x00, 0x00, 0x00, 0x00, 0x00,
  0x00, 0x00, 0x00, 0x00, 0x00, 0x00, 0x00, 0x00, 0x00, 0x00, 0x00, 0x00, 0x00, 0x00, 0x00, 0x00,
  0x00, 0x00, 0x00, 0x00, 0x00, 0x00, 0x00, 0x00, 0x00, 0x00, 0x00, 0x00, 0x00, 0x00, 0x00, 0x00,
  0x00, 0x00, 0x00, 0x00, 0x00, 0x00, 0x00, 0x00, 0x00, 0x00, 0x00, 0x00, 0x00, 0x00, 0x00, 0x00,
  0x00, 0x00, 0x00, 0x00, 0x00, 0x00, 0x00, 0x00, 0xff, 0xff, 0x00, 0x01, 0x00, 0x00, 0x00, 0x00,
  0x91, 0x38, 0x21, 0x4d, 0xdf, 0x53, 0x31, 0xfb, 0xe3, 0x55, 0x32, 0xfe, 0xd3, 0x50, 0x2e, 0xf2,
  0xeb, 0x58, 0x35, 0xff, 0xd2, 0x4f, 0x2f, 0xdd, 0x7c, 0x2f, 0x1a, 0x56, 0x3f, 0x0f, 0x0f, 0x10,
  0x00, 0x00, 0x00, 0x00, 0x00, 0x00, 0x00, 0x01, 0x00, 0x00, 0x00, 0x00, 0x00, 0x00, 0x00, 0x00,
  0x00, 0x00, 0x00, 0x00, 0x00, 0x00, 0x00, 0x00, 0xaa, 0x55, 0x00, 0x03, 0x00, 0x00, 0x00, 0x00,
  0x7c, 0x2f, 0x1d, 0x2b, 0x9b, 0x3b, 0x21, 0x8a, 0xd6, 0x51, 0x2f, 0xe8, 0xe7, 0x57, 0x34, 0xff,
  0xd7, 0x51, 0x2f, 0xf8, 0xe3, 0x55, 0x32, 0xff, 0xc9, 0x4a, 0x2b, 0xd2, 0x6d, 0x2a, 0x18, 0x2a,
  0x00, 0x00, 0x00, 0x00, 0x7f, 0x7f, 0x00, 0x02, 0x00, 0x00, 0x00, 0x00, 0x00, 0x00, 0x00, 0x00,
  0x00, 0x00, 0x00, 0x00, 0x00, 0x00, 0x00, 0x00, 0x00, 0x00, 0x00, 0x00, 0x00, 0x00, 0x00, 0x00,
  0x00, 0x00, 0x00, 0x00, 0x00, 0x00, 0x00, 0x00, 0x00, 0x00, 0x00, 0x00, 0x00, 0x00, 0x00, 0x00,
  0x00, 0x00, 0x00, 0x00, 0x00, 0x00, 0x00, 0x00, 0x00, 0x00, 0x00, 0x00, 0x00, 0x00, 0x00, 0x00,
  0x00, 0x00, 0x00, 0x00, 0x00, 0x00, 0x00, 0x00, 0x00, 0x00, 0x00, 0x00, 0x00, 0x00, 0x00, 0x00,
  0x00, 0x00, 0x00, 0x00, 0x00, 0x00, 0x00, 0x00, 0x7f, 0x7f, 0x00, 0x02, 0x00, 0x00, 0x00, 0x00,
  0x67, 0x2a, 0x18, 0x2a, 0xc9, 0x4b, 0x2b, 0xd1, 0xe2, 0x55, 0x32, 0xff, 0xd7, 0x51, 0x2f, 0xf8,
  0xe6, 0x57, 0x34, 0xff, 0xd5, 0x51, 0x2f, 0xe8, 0x9b, 0x3b, 0x21, 0x8a, 0x7c, 0x2f, 0x1d, 0x2b,
  0x00, 0x00, 0x00, 0x00, 0xaa, 0x55, 0x00, 0x03, 0x00, 0x00, 0x00, 0x00, 0x00, 0x00, 0x00, 0x00,
  0x00, 0x00, 0x00, 0x00, 0x00, 0x00, 0x00, 0x00, 0x7f, 0x3f, 0x3f, 0x04, 0x00, 0x00, 0x00, 0x00,
  0xa6, 0x3f, 0x23, 0x48, 0xb4, 0x44, 0x26, 0xbf, 0xd8, 0x51, 0x30, 0xf0, 0xdf, 0x54, 0x32, 0xfe,
  0xdf, 0x54, 0x32, 0xff, 0xd9, 0x51, 0x2f, 0xfa, 0xa7, 0x3e, 0x23, 0x8e, 0x2a, 0x0e, 0x00, 0x12,
  0x00, 0x00, 0x00, 0x00, 0x00, 0x00, 0x00, 0x01, 0x00, 0x00, 0x00, 0x00, 0x00, 0x00, 0x00, 0x00,
  0x00, 0x00, 0x00, 0x00, 0x00, 0x00, 0x00, 0x00, 0x00, 0x00, 0x00, 0x00, 0x00, 0x00, 0x00, 0x00,
  0x00, 0x00, 0x00, 0x00, 0x00, 0x00, 0x00, 0x00, 0x00, 0x00, 0x00, 0x00, 0x00, 0x00, 0x00, 0x00,
  0x00, 0x00, 0x00, 0x00, 0x00, 0x00, 0x00, 0x00, 0x00, 0x00, 0x00, 0x00, 0x00, 0x00, 0x00, 0x00,
  0x00, 0x00, 0x00, 0x00, 0x00, 0x00, 0x00, 0x00, 0x00, 0x00, 0x00, 0x00, 0x00, 0x00, 0x00, 0x00,
  0x00, 0x00, 0x00, 0x00, 0x00, 0x00, 0x00, 0x00, 0x00, 0x00, 0x00, 0x01, 0x00, 0x00, 0x00, 0x00,
  0x2a, 0x0e, 0x0e, 0x12, 0xa3, 0x3d, 0x24, 0x8c, 0xd8, 0x51, 0x30, 0xf9, 0xdf, 0x54, 0x32, 0xff,
  0xde, 0x54, 0x32, 0xfe, 0xd9, 0x51, 0x30, 0xf0, 0xb4, 0x44, 0x26, 0xbf, 0xa6, 0x3f, 0x23, 0x48,
  0x00, 0x00, 0x00, 0x00, 0x7f, 0x3f, 0x3f, 0x04, 0x00, 0x00, 0x00, 0x00, 0x00, 0x00, 0x00, 0x00,
  0x00, 0x00, 0x00, 0x00, 0x00, 0x00, 0x00, 0x00, 0x99, 0x33, 0x33, 0x05, 0x00, 0x00, 0x00, 0x00,
  0xc7, 0x49, 0x2d, 0x65, 0xcb, 0x4d, 0x2b, 0xee, 0xda, 0x52, 0x2f, 0xf5, 0xda, 0x52, 0x30, 0xfc,
  0xe6, 0x56, 0x33, 0xff, 0xd6, 0x4f, 0x2f, 0xf0, 0x8b, 0x34, 0x1c, 0x61, 0x00, 0x00, 0x00, 0x07,
  0x01, 0x00, 0x00, 0x00, 0x00, 0x00, 0x00, 0x00, 0x00, 0x00, 0x00, 0x00, 0x00, 0x00, 0x00, 0x00,
  0x00, 0x00, 0x00, 0x00, 0x00, 0x00, 0x00, 0x00, 0x00, 0x00, 0x00, 0x00, 0x00, 0x00, 0x00, 0x00,
  0x00, 0x00, 0x00, 0x00, 0x00, 0x00, 0x00, 0x00, 0x00, 0x00, 0x00, 0x00, 0x00, 0x00, 0x00, 0x00,
  0x00, 0x00, 0x00, 0x00, 0x00, 0x00, 0x00, 0x00, 0x00, 0x00, 0x00, 0x00, 0x00, 0x00, 0x00, 0x00,
  0x00, 0x00, 0x00, 0x00, 0x00, 0x00, 0x00, 0x00, 0x00, 0x00, 0x00, 0x00, 0x00, 0x00, 0x00, 0x00,
  0x00, 0x00, 0x00, 0x00, 0x00, 0x00, 0x00, 0x00, 0x00, 0x00, 0x00, 0x00, 0x01, 0x00, 0x00, 0x00,
  0x00, 0x00, 0x00, 0x07, 0x8a, 0x35, 0x1d, 0x60, 0xd5, 0x50, 0x2f, 0xf0, 0xe6, 0x56, 0x33, 0xff,
  0xda, 0x52, 0x30, 0xfc, 0xda, 0x52, 0x2f, 0xf5, 0xcb, 0x4d, 0x2b, 0xee, 0xc5, 0x48, 0x2d, 0x66,
  0x00, 0x00, 0x00, 0x00, 0x99, 0x33, 0x33, 0x05, 0x00, 0x00, 0x00, 0x00, 0x00, 0x00, 0x00, 0x00,
  0x00, 0x00, 0x00, 0x00, 0x00, 0x00, 0x00, 0x00, 0xff, 0x66, 0x33, 0x05, 0x00, 0x00, 0x00, 0x00,
  0xd7, 0x4f, 0x30, 0x7a, 0xe3, 0x55, 0x32, 0xff, 0xda, 0x51, 0x30, 0xf6, 0xd7, 0x50, 0x30, 0xfa,
  0xea, 0x57, 0x34, 0xff, 0xd3, 0x4f, 0x2e, 0xeb, 0x78, 0x2c, 0x1b, 0x4a, 0x00, 0x00, 0x00, 0x02,
  0xff, 0x00, 0x00, 0x01, 0x00, 0x00, 0x00, 0x00, 0x00, 0x00, 0x00, 0x00, 0x00, 0x00, 0x00, 0x00,
  0x00, 0x00, 0x00, 0x00, 0x00, 0x00, 0x00, 0x00, 0x00, 0x00, 0x00, 0x00, 0x00, 0x00, 0x00, 0x00,
  0x00, 0x00, 0x00, 0x00, 0x00, 0x00, 0x00, 0x00, 0x00, 0x00, 0x00, 0x00, 0x00, 0x00, 0x00, 0x00,
  0x00, 0x00, 0x00, 0x00, 0x00, 0x00, 0x00, 0x00, 0x00, 0x00, 0x00, 0x00, 0x00, 0x00, 0x00, 0x00,
  0x00, 0x00, 0x00, 0x00, 0x00, 0x00, 0x00, 0x00, 0x00, 0x00, 0x00, 0x00, 0x00, 0x00, 0x00, 0x00,
  0x00, 0x00, 0x00, 0x00, 0x00, 0x00, 0x00, 0x00, 0x00, 0x00, 0x00, 0x00, 0xff, 0x00, 0x00, 0x01,
  0x00, 0x00, 0x00, 0x01, 0x7c, 0x2c, 0x1b, 0x4a, 0xd4, 0x4f, 0x2e, 0xea, 0xea, 0x58, 0x34, 0xff,
  0xd7, 0x50, 0x30, 0xfa, 0xda, 0x51, 0x30, 0xf6, 0xe3, 0x54, 0x32, 0xff, 0xd6, 0x4d, 0x2e, 0x79,
  0x00, 0x00, 0x00, 0x00, 0xff, 0x66, 0x33, 0x05, 0x00, 0x00, 0x00, 0x00, 0x00, 0x00, 0x00, 0x00,
  0x00, 0x00, 0x00, 0x00, 0x00, 0x00, 0x00, 0x00, 0xd4, 0x55, 0x2a, 0x06, 0x00, 0x00, 0x00, 0x00,
  0xdc, 0x52, 0x30, 0x7f, 0xf1, 0x5b, 0x36, 0xff, 0xdb, 0x52, 0x30, 0xf8, 0xd7, 0x50, 0x2f, 0xf8,
  0xeb, 0x59, 0x35, 0xff, 0xd3, 0x50, 0x2f, 0xe8, 0x6b, 0x27, 0x17, 0x40, 0x00, 0x00, 0x00, 0x00,
  0xff, 0x00, 0x00, 0x01, 0x00, 0x00, 0x00, 0x00, 0x00, 0x00, 0x00, 0x00, 0x00, 0x00, 0x00, 0x00,
  0x00, 0x00, 0x00, 0x00, 0x00, 0x00, 0x00, 0x00, 0x00, 0x00, 0x00, 0x00, 0x00, 0x00, 0x00, 0x00,
  0x00, 0x00, 0x00, 0x00, 0x00, 0x00, 0x00, 0x00, 0x00, 0x00, 0x00, 0x00, 0x00, 0x00, 0x00, 0x00,
  0x00, 0x00, 0x00, 0x00, 0x00, 0x00, 0x00, 0x00, 0x00, 0x00, 0x00, 0x00, 0x00, 0x00, 0x00, 0x00,
  0x00, 0x00, 0x00, 0x00, 0x00, 0x00, 0x00, 0x00, 0x00, 0x00, 0x00, 0x00, 0x00, 0x00, 0x00, 0x00,
  0x00, 0x00, 0x00, 0x00, 0x00, 0x00, 0x00, 0x00, 0x00, 0x00, 0x00, 0x00, 0xff, 0x00, 0x00, 0x01,
  0x00, 0x00, 0x00, 0x00, 0x6f, 0x29, 0x14, 0x3e, 0xd3, 0x4f, 0x2f, 0xe7, 0xec, 0x59, 0x35, 0xff,
  0xd7, 0x50, 0x2f, 0xf8, 0xdb, 0x52, 0x30, 0xf8, 0xf0, 0x5a, 0x36, 0xff, 0xda, 0x52, 0x30, 0x7f,
  0x00, 0x00, 0x00, 0x00, 0xd4, 0x55, 0x2a, 0x06, 0x00, 0x00, 0x00, 0x00, 0x00, 0x00, 0x00, 0x00,
  0x00, 0x00, 0x00, 0x00, 0x00, 0x00, 0x00, 0x00, 0xd4, 0x55, 0x2a, 0x06, 0x00, 0x00, 0x00, 0x00,
  0xdc, 0x52, 0x30, 0x7f, 0xf2, 0x5b, 0x36, 0xff, 0xdb, 0x52, 0x30, 0xf7, 0xd8, 0x50, 0x2f, 0xf6,
  0xec, 0x59, 0x35, 0xff, 0xd3, 0x4f, 0x2f, 0xe7, 0x6c, 0x29, 0x14, 0x3d, 0x00, 0x00, 0x00, 0x00,
  0xff, 0x00, 0x00, 0x01, 0x00, 0x00, 0x00, 0x00, 0x00, 0x00, 0x00, 0x00, 0x00, 0x00, 0x00, 0x00,
  0x00, 0x00, 0x00, 0x00, 0x00, 0x00, 0x00, 0x00, 0x00, 0x00, 0x00, 0x00, 0x00, 0x00, 0x00, 0x00,
  0x00, 0x00, 0x00, 0x00, 0x00, 0x00, 0x00, 0x00, 0x00, 0x00, 0x00, 0x00, 0x00, 0x00, 0x00, 0x00,
  0x00, 0x00, 0x00, 0x00, 0x00, 0x00, 0x00, 0x00, 0x00, 0x00, 0x00, 0x00, 0x00, 0x00, 0x00, 0x00,
  0x00, 0x00, 0x00, 0x00, 0x00, 0x00, 0x00, 0x00, 0x00, 0x00, 0x00, 0x00, 0x00, 0x00, 0x00, 0x00,
  0x00, 0x00, 0x00, 0x00, 0x00, 0x00, 0x00, 0x00, 0x00, 0x00, 0x00, 0x00, 0xff, 0x00, 0x00, 0x01,
  0x00, 0x00, 0x00, 0x00, 0x6c, 0x29, 0x14, 0x3d, 0xd3, 0x4f, 0x2f, 0xe7, 0xec, 0x59, 0x35, 0xff,
  0xd8, 0x50, 0x2f, 0xf6, 0xdb, 0x52, 0x30, 0xf7, 0xf2, 0x5c, 0x36, 0xff, 0xdc, 0x54, 0x30, 0x7f,
  0x00, 0x00, 0x00, 0x00, 0xd4, 0x55, 0x2a, 0x06, 0x00, 0x00, 0x00, 0x00, 0x00, 0x00, 0x00, 0x00,
  0x00, 0x00, 0x00, 0x00, 0x00, 0x00, 0x00, 0x00, 0xcc, 0x66, 0x33, 0x05, 0x00, 0x00, 0x00, 0x00,
  0xd7, 0x51, 0x30, 0x7a, 0xe5, 0x57, 0x33, 0xff, 0xdb, 0x52, 0x31, 0xf8, 0xd8, 0x50, 0x30, 0xf9,
  0xeb, 0x58, 0x35, 0xff, 0xd3, 0x4f, 0x2e, 0xea, 0x78, 0x2b, 0x15, 0x46, 0x00, 0x00, 0x00, 0x01,
  0xff, 0x00, 0x00, 0x01, 0x00, 0x00, 0x00, 0x00, 0x00, 0x00, 0x00, 0x00, 0x00, 0x00, 0x00, 0x00,
  0x00, 0x00, 0x00, 0x00, 0x00, 0x00, 0x00, 0x00, 0x00, 0x00, 0x00, 0x00, 0x00, 0x00, 0x00, 0x00,
  0x00, 0x00, 0x00, 0x00, 0x00, 0x00, 0x00, 0x00, 0x00, 0x00, 0x00, 0x00, 0x00, 0x00, 0x00, 0x00,
  0x00, 0x00, 0x00, 0x00, 0x00, 0x00, 0x00, 0x01, 0x00, 0x00, 0x00, 0x01, 0x00, 0x00, 0x00, 0x01,
  0x00, 0x00, 0x00, 0x01, 0x00, 0x00, 0x00, 0x00, 0x00, 0x00, 0x00, 0x00, 0x00, 0x00, 0x00, 0x00,
  0x00, 0x00, 0x00, 0x00, 0x00, 0x00, 0x00, 0x00, 0x00, 0x00, 0x00, 0x00, 0xff, 0x00, 0x00, 0x01,
  0x00, 0x00, 0x00, 0x01, 0x78, 0x2b, 0x15, 0x46, 0xd4, 0x4f, 0x2f, 0xe9, 0xeb, 0x58, 0x34, 0xff,
  0xd8, 0x50, 0x30, 0xf9, 0xda, 0x51, 0x30, 0xf7, 0xe4, 0x56, 0x33, 0xff, 0xd7, 0x4f, 0x30, 0x7a,
  0x00, 0x00, 0x00, 0x00, 0xcc, 0x66, 0x33, 0x05, 0x00, 0x00, 0x00, 0x00, 0x00, 0x00, 0x00, 0x00,
  0x00, 0x00, 0x00, 0x00, 0x00, 0x00, 0x00, 0x00, 0xcc, 0x33, 0x33, 0x05, 0x00, 0x00, 0x00, 0x00,
  0xc7, 0x4a, 0x2b, 0x6a, 0xcd, 0x4c, 0x2c, 0xf6, 0xd9, 0x51, 0x30, 0xf6, 0xda, 0x51, 0x30, 0xfc,
  0xe7, 0x57, 0x33, 0xff, 0xd4, 0x4e, 0x2e, 0xef, 0x86, 0x30, 0x1f, 0x59, 0x00, 0x00, 0x00, 0x05,
  0x01, 0x00, 0x00, 0x00, 0x00, 0x00, 0x00, 0x00, 0x00, 0x00, 0x00, 0x00, 0x00, 0x00, 0x00, 0x00,
  0x00, 0x00, 0x00, 0x00, 0x00, 0x00, 0x00, 0x00, 0x00, 0x00, 0x00, 0x00, 0x00, 0x00, 0x00, 0x00,
  0x00, 0x00, 0x00, 0x00, 0x00, 0x00, 0x00, 0x00, 0x00, 0x00, 0x00, 0x00, 0x00, 0x00, 0x00, 0x00,
  0xff, 0xff, 0x00, 0x01, 0xff, 0xff, 0xff, 0x01, 0xff, 0xff, 0x00, 0x01, 0xff, 0xff, 0x00, 0x01,
  0xff, 0xff, 0x00, 0x01, 0xff, 0x00, 0x00, 0x01, 0x00, 0x00, 0x00, 0x00, 0x00, 0x00, 0x00, 0x00,
  0x00, 0x00, 0x00, 0x00, 0x00, 0x00, 0x00, 0x00, 0x00, 0x00, 0x00, 0x00, 0x01, 0x00, 0x00, 0x00,
  0x00, 0x00, 0x00, 0x05, 0x86, 0x30, 0x1f, 0x59, 0xd5, 0x50, 0x2f, 0xee, 0xe7, 0x57, 0x33, 0xff,
  0xdb, 0x51, 0x30, 0xfc, 0xdb, 0x52, 0x30, 0xf4, 0xcc, 0x4b, 0x2d, 0xf0, 0xc6, 0x49, 0x2c, 0x68,
  0x00, 0x00, 0x00, 0x00, 0xcc, 0x33, 0x33, 0x05, 0x00, 0x00, 0x00, 0x00, 0x00, 0x00, 0x00, 0x00,
  0x00, 0x00, 0x00, 0x00, 0x00, 0x00, 0x00, 0x00, 0xbf, 0x3f, 0x3f, 0x04, 0x00, 0x00, 0x00, 0x00,
  0xab, 0x41, 0x28, 0x52, 0xba, 0x45, 0x28, 0xce, 0xd9, 0x51, 0x30, 0xf2, 0xde, 0x54, 0x32, 0xff,
  0xe3, 0x56, 0x32, 0xff, 0xd6, 0x51, 0x2f, 0xf7, 0x9b, 0x38, 0x22, 0x7e, 0x00, 0x00, 0x00, 0x0d,
  0x01, 0x00, 0x00, 0x00, 0x00, 0x00, 0x00, 0x01, 0x00, 0x00, 0x00, 0x00, 0x00, 0x00, 0x00, 0x00,
  0x00, 0x00, 0x00, 0x00, 0x00, 0x00, 0x00, 0x00, 0x00, 0x00, 0x00, 0x00, 0x00, 0x00, 0x00, 0x00,
  0x00, 0x00, 0x00, 0x00, 0x00, 0x00, 0x00, 0x00, 0x00, 0x00, 0x00, 0x00, 0x00, 0x00, 0x00, 0x00,
  0x00, 0x00, 0x00, 0x00, 0x00, 0x00, 0x00, 0x00, 0x00, 0x00, 0x00, 0x04, 0x00, 0x00, 0x00, 0x03,
  0x00, 0x00, 0x00, 0x00, 0x00, 0x00, 0x00, 0x00, 0x00, 0x00, 0x00, 0x00, 0x00, 0x00, 0x00, 0x00,
  0x00, 0x00, 0x00, 0x00, 0x00, 0x00, 0x00, 0x00, 0x00, 0x00, 0x00, 0x01, 0x01, 0x00, 0x00, 0x00,
  0x00, 0x00, 0x00, 0x0e, 0x9b, 0x38, 0x22, 0x7e, 0xd6, 0x51, 0x2f, 0xf7, 0xe2, 0x56, 0x32, 0xff,
  0xdf, 0x54, 0x32, 0xff, 0xd9, 0x51, 0x2f, 0xf0, 0xb8, 0x45, 0x29, 0xc7, 0xaa, 0x41, 0x23, 0x4e,
  0x00, 0x00, 0x00, 0x00, 0xbf, 0x3f, 0x3f, 0x04, 0x00, 0x00, 0x00, 0x00, 0x00, 0x00, 0x00, 0x00,
  0x00, 0x00, 0x00, 0x00, 0x00, 0x00, 0x00, 0x00, 0x55, 0x55, 0x00, 0x03, 0x00, 0x00, 0x00, 0x00,
  0x8b, 0x34, 0x1c, 0x35, 0xa2, 0x3c, 0x24, 0x9b, 0xd6, 0x50, 0x2e, 0xeb, 0xe5, 0x56, 0x33, 0xff,
  0xda, 0x51, 0x30, 0xfa, 0xdf, 0x54, 0x31, 0xff, 0xc0, 0x49, 0x2a, 0xbf, 0x5a, 0x25, 0x0f, 0x22,
  0x00, 0x00, 0x00, 0x00, 0xff, 0x00, 0x00, 0x01, 0x00, 0x00, 0x00, 0x00, 0x00, 0x00, 0x00, 0x00,
  0x00, 0x00, 0x00, 0x00, 0x00, 0x00, 0x00, 0x00, 0x00, 0x00, 0x00, 0x00, 0x00, 0x00, 0x00, 0x00,
  0x00, 0x00, 0x00, 0x00, 0x00, 0x00, 0x00, 0x00, 0x00, 0x00, 0x00, 0x00, 0x00, 0x00, 0x00, 0x02,
  0x97, 0x38, 0x22, 0x51, 0xb4, 0x44, 0x28, 0x89, 0xa6, 0x3f, 0x25, 0x81, 0xab, 0x3f, 0x26, 0x84,
  0xb3, 0x42, 0x26, 0x8a, 0x81, 0x30, 0x1c, 0x3f, 0x00, 0x00, 0x00, 0x01, 0x01, 0x00, 0x00, 0x00,
  0x00, 0x00, 0x00, 0x00, 0x00, 0x00, 0x00, 0x00, 0xff, 0x00, 0x00, 0x01, 0x00, 0x00, 0x00, 0x00,
  0x57, 0x24, 0x0e, 0x23, 0xc0, 0x48, 0x2a, 0xbf, 0xdf, 0x54, 0x31, 0xff, 0xd9, 0x51, 0x30, 0xfa,
  0xe4, 0x56, 0x33, 0xff, 0xd7, 0x4f, 0x2f, 0xe9, 0xa0, 0x3c, 0x21, 0x97, 0x87, 0x32, 0x1e, 0x33,
  0x00, 0x00, 0x00, 0x00, 0x55, 0x55, 0x00, 0x03, 0x00, 0x00, 0x00, 0x00, 0x00, 0x00, 0x00, 0x00,
  0x00, 0x00, 0x00, 0x00, 0x00, 0x00, 0x00, 0x00, 0x00, 0x00, 0x00, 0x01, 0x00, 0x00, 0x00, 0x00,
  0x51, 0x17, 0x0b, 0x16, 0x83, 0x30, 0x1e, 0x63, 0xd5, 0x50, 0x2f, 0xe1, 0xea, 0x58, 0x35, 0xff,
  0xd5, 0x4f, 0x2e, 0xf3, 0xe4, 0x56, 0x33, 0xff, 0xda, 0x52, 0x2f, 0xf3, 0x8b, 0x32, 0x1b, 0x42,
  0x01, 0x00, 0x00, 0x00, 0xff, 0x7f, 0x00, 0x02, 0x00, 0x00, 0x00, 0x00, 0x00, 0x00, 0x00, 0x00,
  0x00, 0x00, 0x00, 0x00, 0x00, 0x00, 0x00, 0x00, 0x00, 0x00, 0x00, 0x00, 0x00, 0x00, 0x00, 0x00,
  0x00, 0x00, 0x00, 0x00, 0x00, 0x00, 0x00, 0x00, 0x00, 0x00, 0x00, 0x00, 0x00, 0x00, 0x00, 0x05,
  0xbf, 0x48, 0x2a, 0xb0, 0xfe, 0x60, 0x38, 0xff, 0xe2, 0x55, 0x32, 0xfe, 0xe9, 0x58, 0x34, 0xff,
  0xfc, 0x5f, 0x37, 0xff, 0xbd, 0x45, 0x28, 0xbb, 0x48, 0x15, 0x0e, 0x23, 0x00, 0x00, 0x00, 0x00,
  0xff, 0x00, 0x00, 0x01, 0x00, 0x00, 0x00, 0x00, 0xff, 0x7f, 0x00, 0x02, 0x01, 0x00, 0x00, 0x00,
  0x8b, 0x36, 0x1b, 0x42, 0xda, 0x51, 0x2f, 0xf3, 0xe4, 0x56, 0x33, 0xff, 0xd5, 0x4f, 0x2e, 0xf3,
  0xea, 0x58, 0x35, 0xff, 0xd3, 0x50, 0x2e, 0xe1, 0x83, 0x31, 0x1c, 0x61, 0x48, 0x24, 0x0c, 0x15,
  0x00, 0x00, 0x00, 0x00, 0x00, 0x00, 0x00, 0x01, 0x00, 0x00, 0x00, 0x00, 0x00, 0x00, 0x00, 0x00,
  0x00, 0x00, 0x00, 0x00, 0x00, 0x00, 0x00, 0x00, 0x00, 0x00, 0x00, 0x00, 0x00, 0x00, 0x00, 0x00,
  0x00, 0x00, 0x00, 0x02, 0x58, 0x22, 0x13, 0x34, 0xd1, 0x4e, 0x2e, 0xd6, 0xf1, 0x5a, 0x36, 0xff,
  0xd1, 0x4e, 0x2e, 0xf1, 0xe1, 0x55, 0x32, 0xfc, 0xe7, 0x57, 0x33, 0xff, 0x9e, 0x3b, 0x23, 0x74,
  0x00, 0x00, 0x00, 0x02, 0xff, 0xff, 0x00, 0x01, 0x00, 0x00, 0x00, 0x00, 0x00, 0x00, 0x00, 0x00,
  0x00, 0x00, 0x00, 0x00, 0x00, 0x00, 0x00, 0x00, 0x00, 0x00, 0x00, 0x00, 0x00, 0x00, 0x00, 0x00,
  0x00, 0x00, 0x00, 0x00, 0x00, 0x00, 0x00, 0x00, 0x01, 0x00, 0x00, 0x00, 0x00, 0x00, 0x00, 0x00,
  0x92, 0x37, 0x1f, 0x60, 0xd4, 0x4f, 0x2f, 0xe3, 0xe3, 0x55, 0x32, 0xfd, 0xde, 0x53, 0x32, 0xf9,
  0xe2, 0x55, 0x32, 0xf9, 0xd3, 0x4f, 0x2f, 0xf2, 0x95, 0x39, 0x21, 0x6a, 0x00, 0x00, 0x00, 0x00,
  0xff, 0x00, 0x00, 0x01, 0x00, 0x00, 0x00, 0x01, 0xff, 0xff, 0x00, 0x01, 0x00, 0x00, 0x00, 0x02,
  0x9c, 0x3a, 0x22, 0x75, 0xe7, 0x57, 0x33, 0xff, 0xe1, 0x55, 0x32, 0xfc, 0xd0, 0x4e, 0x2e, 0xf1,
  0xf1, 0x5b, 0x36, 0xff, 0xd2, 0x4e, 0x2e, 0xd6, 0x5a, 0x23, 0x14, 0x33, 0x00, 0x00, 0x00, 0x02,
  0x00, 0x00, 0x00, 0x00, 0x00, 0x00, 0x00, 0x00, 0x00, 0x00, 0x00, 0x00, 0x00, 0x00, 0x00, 0x00,
  0x00, 0x00, 0x00, 0x00, 0x00, 0x00, 0x00, 0x00, 0x00, 0x00, 0x00, 0x00, 0x00, 0x00, 0x00, 0x01,
  0x00, 0x00, 0x00, 0x00, 0x28, 0x0d, 0x00, 0x13, 0xcb, 0x4c, 0x2d, 0xc5, 0xf9, 0x5e, 0x37, 0xff,
  0xd4, 0x4f, 0x2f, 0xf4, 0xdc, 0x52, 0x30, 0xfd, 0xe4, 0x56, 0x33, 0xff, 0xc2, 0x48, 0x2a, 0xcd,
  0x71, 0x28, 0x1b, 0x38, 0x01, 0x00, 0x00, 0x00, 0x7f, 0x00, 0x00, 0x02, 0x00, 0x00, 0x00, 0x00,
  0x00, 0x00, 0x00, 0x00, 0x00, 0x00, 0x00, 0x00, 0x00, 0x00, 0x00, 0x00, 0x00, 0x00, 0x00, 0x00,
  0x00, 0x00, 0x00, 0x00, 0x00, 0x00, 0x00, 0x00, 0xff, 0x00, 0x00, 0x01, 0x00, 0x00, 0x00, 0x00,
  0x18, 0x0c, 0x00, 0x15, 0xaf, 0x42, 0x28, 0xa4, 0xe5, 0x56, 0x33, 0xfc, 0xd9, 0x51, 0x2f, 0xf2,
  0xd1, 0x4e, 0x2e, 0xed, 0xec, 0x59, 0x35, 0xff, 0xc2, 0x49, 0x2b, 0xb1, 0x00, 0x00, 0x00, 0x07,
  0x01, 0x01, 0x00, 0x00, 0xff, 0x7f, 0x00, 0x02, 0x01, 0x00, 0x00, 0x00, 0x72, 0x2b, 0x1a, 0x3a,
  0xc1, 0x49, 0x2a, 0xd0, 0xe4, 0x56, 0x33, 0xff, 0xdc, 0x52, 0x31, 0xfd, 0xd4, 0x50, 0x2f, 0xf4,
  0xf7, 0x5d, 0x37, 0xff, 0xcb, 0x4d, 0x2b, 0xc0, 0x2a, 0x0e, 0x00, 0x12, 0x00, 0x00, 0x00, 0x00,
  0x00, 0x00, 0x00, 0x01, 0x00, 0x00, 0x00, 0x00, 0x00, 0x00, 0x00, 0x00, 0x00, 0x00, 0x00, 0x00,
  0x00, 0x00, 0x00, 0x00, 0x00, 0x00, 0x00, 0x00, 0x00, 0x00, 0x00, 0x00, 0x00, 0x00, 0x00, 0x00,
  0x01, 0x00, 0x00, 0x00, 0x00, 0x00, 0x00, 0x02, 0xa7, 0x3f, 0x24, 0x7d, 0xdd, 0x52, 0x31, 0xf3,
  0xdc, 0x52, 0x2f, 0xfa, 0xdb, 0x51, 0x30, 0xfc, 0xda, 0x52, 0x30, 0xfb, 0xe6, 0x57, 0x33, 0xff,
  0xaf, 0x41, 0x26, 0x97, 0x00, 0x00, 0x00, 0x08, 0x02, 0x00, 0x00, 0x00, 0x00, 0x00, 0x00, 0x01,
  0x00, 0x00, 0x00, 0x00, 0x00, 0x00, 0x00, 0x00, 0x00, 0x00, 0x00, 0x00, 0x00, 0x00, 0x00, 0x00,
  0x00, 0x00, 0x00, 0x00, 0x00, 0x00, 0x00, 0x00, 0x00, 0x00, 0x00, 0x00, 0xff, 0x7f, 0x7f, 0x02,
  0x00, 0x00, 0x00, 0x00, 0xa7, 0x40, 0x25, 0x7a, 0xed, 0x5a, 0x35, 0xff, 0xdf, 0x55, 0x32, 0xf9,
  0xd4, 0x50, 0x2e, 0xf2, 0xf6, 0x5d, 0x37, 0xff, 0xcf, 0x4c, 0x2d, 0xdb, 0x43, 0x1a, 0x0d, 0x26,
  0x01, 0x00, 0x00, 0x00, 0xff, 0xff, 0x00, 0x01, 0x00, 0x00, 0x00, 0x0a, 0xb1, 0x41, 0x27, 0x9b,
  0xe7, 0x57, 0x34, 0xff, 0xda, 0x52, 0x30, 0xfb, 0xdb, 0x51, 0x30, 0xfc, 0xdd, 0x53, 0x30, 0xfa,
  0xdc, 0x53, 0x30, 0xf5, 0xa5, 0x3e, 0x23, 0x7a, 0x00, 0x00, 0x00, 0x02, 0x01, 0x00, 0x00, 0x00,
  0x00, 0x00, 0x00, 0x00, 0x00, 0x00, 0x00, 0x00, 0x00, 0x00, 0x00, 0x00, 0x00, 0x00, 0x00, 0x00,
  0x00, 0x00, 0x00, 0x00, 0x00, 0x00, 0x00, 0x00, 0x00, 0x00, 0x00, 0x00, 0x00, 0x00, 0x00, 0x00,
  0xff, 0x00, 0x00, 0x01, 0x01, 0x00, 0x00, 0x00, 0x4b, 0x1e, 0x0f, 0x22, 0xbf, 0x47, 0x2a, 0xc1,
  0xf1, 0x5a, 0x35, 0xff, 0xd9, 0x52, 0x2f, 0xf6, 0xd8, 0x51, 0x2f, 0xf5, 0xe6, 0x58, 0x33, 0xfe,
  0xcf, 0x4e, 0x2d, 0xe1, 0x84, 0x33, 0x1b, 0x55, 0x00, 0x00, 0x00, 0x04, 0xff, 0x00, 0x00, 0x01,
  0x00, 0x00, 0x00, 0x01, 0x00, 0x00, 0x00, 0x00, 0x00, 0x00, 0x00, 0x00, 0x00, 0x00, 0x00, 0x00,
  0x00, 0x00, 0x00, 0x00, 0x00, 0x00, 0x00, 0x00, 0x00, 0x00, 0x00, 0x00, 0xff, 0x7f, 0x00, 0x02,
  0x00, 0x00, 0x00, 0x00, 0x8d, 0x30, 0x1f, 0x4a, 0xd4, 0x51, 0x2f, 0xec, 0xde, 0x52, 0x30, 0xfc,
  0xd7, 0x50, 0x30, 0xf7, 0xe3, 0x56, 0x32, 0xfe, 0xd3, 0x4e, 0x2d, 0xef, 0x96, 0x38, 0x22, 0x70,
  0x00, 0x00, 0x00, 0x06, 0x00, 0x00, 0x00, 0x00, 0x89, 0x31, 0x1d, 0x57, 0xd1, 0x4f, 0x2e, 0xe5,
  0xe6, 0x57, 0x33, 0xfd, 0xd8, 0x50, 0x30, 0xf6, 0xd9, 0x51, 0x30, 0xf6, 0xf0, 0x5a, 0x34, 0xff,
  0xbf, 0x47, 0x28, 0xc1, 0x52, 0x1e, 0x0f, 0x22, 0x01, 0x00, 0x00, 0x00, 0xff, 0x00, 0x00, 0x01,
  0x00, 0x00, 0x00, 0x00, 0x00, 0x00, 0x00, 0x00, 0x00, 0x00, 0x00, 0x00, 0x00, 0x00, 0x00, 0x00,
  0x00, 0x00, 0x00, 0x00, 0x00, 0x00, 0x00, 0x00, 0x00, 0x00, 0x00, 0x00, 0x00, 0x00, 0x00, 0x00,
  0x00, 0x00, 0x00, 0x01, 0xff, 0xff, 0x00, 0x01, 0x00, 0x00, 0x00, 0x00, 0xa5, 0x3e, 0x26, 0x77,
  0xe4, 0x55, 0x32, 0xfd, 0xdd, 0x53, 0x31, 0xf8, 0xd8, 0x52, 0x31, 0xfb, 0xd7, 0x52, 0x30, 0xf8,
  0xe2, 0x55, 0x33, 0xff, 0xcf, 0x4f, 0x2d, 0xda, 0x79, 0x2c, 0x1d, 0x45, 0x00, 0x00, 0x00, 0x00,
  0x02, 0x00, 0x00, 0x00, 0xff, 0x00, 0x00, 0x01, 0x00, 0x00, 0x00, 0x01, 0x00, 0x00, 0x00, 0x00,
  0x00, 0x00, 0x00, 0x00, 0x00, 0x00, 0x00, 0x00, 0x00, 0x00, 0x00, 0x00, 0x00, 0x00, 0x00, 0x02,
  0x00, 0x00, 0x00, 0x00, 0x3d, 0x14, 0x14, 0x19, 0xac, 0x40, 0x25, 0x97, 0xda, 0x52, 0x2f, 0xfb,
  0xdf, 0x54, 0x32, 0xfe, 0xd8, 0x51, 0x2f, 0xfa, 0xe0, 0x54, 0x31, 0xff, 0xc7, 0x4c, 0x2c, 0xce,
  0x56, 0x20, 0x15, 0x2f, 0x60, 0x23, 0x14, 0x32, 0xd0, 0x4e, 0x2e, 0xd2, 0xe6, 0x58, 0x34, 0xff,
  0xd7, 0x50, 0x2f, 0xf8, 0xd9, 0x52, 0x31, 0xfa, 0xdd, 0x53, 0x31, 0xf8, 0xe1, 0x55, 0x31, 0xfc,
  0xa4, 0x3b, 0x25, 0x73, 0x00, 0x00, 0x00, 0x00, 0xff, 0xff, 0x00, 0x01, 0x00, 0x00, 0x00, 0x01,
  0x00, 0x00, 0x00, 0x00, 0x00, 0x00, 0x00, 0x00, 0x00, 0x00, 0x00, 0x00, 0x00, 0x00, 0x00, 0x00,
  0x00, 0x00, 0x00, 0x00, 0x00, 0x00, 0x00, 0x00, 0x00, 0x00, 0x00, 0x00, 0x00, 0x00, 0x00, 0x00,
  0x00, 0x00, 0x00, 0x00, 0x00, 0x00, 0x00, 0x01, 0x00, 0x00, 0x00, 0x01, 0x39, 0x17, 0x0b, 0x16,
  0xb1, 0x40, 0x25, 0x9e, 0xef, 0x59, 0x35, 0xff, 0xe0, 0x55, 0x32, 0xf9, 0xd2, 0x4d, 0x2e, 0xf2,
  0xe1, 0x55, 0x33, 0xff, 0xed, 0x59, 0x35, 0xff, 0xc7, 0x4b, 0x2c, 0xc4, 0x88, 0x35, 0x1d, 0x56,
  0x00, 0x00, 0x00, 0x0b, 0x00, 0x00, 0x00, 0x00, 0x01, 0x00, 0x00, 0x00, 0xff, 0x00, 0x00, 0x01,
  0x00, 0x00, 0x00, 0x01, 0x00, 0x00, 0x00, 0x00, 0x00, 0x00, 0x00, 0x00, 0x00, 0x00, 0x00, 0x00,
  0xff, 0x00, 0x00, 0x01, 0x00, 0x00, 0x00, 0x01, 0x82, 0x31, 0x1f, 0x52, 0xdd, 0x53, 0x32, 0xfe,
  0xea, 0x59, 0x34, 0xff, 0xd5, 0x4f, 0x2e, 0xf7, 0xe1, 0x55, 0x32, 0xff, 0xdb, 0x53, 0x30, 0xfb,
  0xb8, 0x46, 0x29, 0xae, 0xba, 0x45, 0x28, 0xb7, 0xe8, 0x58, 0x34, 0xff, 0xe3, 0x56, 0x33, 0xff,
  0xd0, 0x4d, 0x2e, 0xf2, 0xe1, 0x54, 0x32, 0xf8, 0xef, 0x5a, 0x35, 0xff, 0xaf, 0x40, 0x25, 0x9d,
  0x3c, 0x18, 0x0c, 0x15, 0x00, 0x00, 0x00, 0x01, 0x00, 0x00, 0x00, 0x01, 0x00, 0x00, 0x00, 0x00,
  0x00, 0x00, 0x00, 0x00, 0x00, 0x00, 0x00, 0x00, 0x00, 0x00, 0x00, 0x00, 0x00, 0x00, 0x00, 0x00,
  0x00, 0x00, 0x00, 0x00, 0x00, 0x00, 0x00, 0x00, 0x00, 0x00, 0x00, 0x00, 0x00, 0x00, 0x00, 0x00,
  0x00, 0x00, 0x00, 0x00, 0x00, 0x00, 0x00, 0x00, 0xff, 0x00, 0x00, 0x01, 0x00, 0x00, 0x00, 0x00,
  0x5f, 0x1f, 0x13, 0x28, 0xc9, 0x4a, 0x2c, 0xca, 0xe9, 0x57, 0x33, 0xff, 0xde, 0x53, 0x31, 0xfc,
  0xd5, 0x4e, 0x2f, 0xf3, 0xd8, 0x51, 0x30, 0xf5, 0xee, 0x5a, 0x35, 0xff, 0xd4, 0x50, 0x2e, 0xee,
  0x98, 0x38, 0x22, 0x75, 0x3b, 0x19, 0x11, 0x1e, 0x00, 0x00, 0x00, 0x06, 0x00, 0x00, 0x00, 0x00,
  0x01, 0x00, 0x00, 0x00, 0xff, 0xff, 0x00, 0x01, 0xff, 0x7f, 0x00, 0x02, 0xff, 0xff, 0x00, 0x01,
  0xff, 0x00, 0x00, 0x02, 0xff, 0x7f, 0x00, 0x02, 0x60, 0x23, 0x1a, 0x1d, 0xcf, 0x4d, 0x2f, 0xd2,
  0xea, 0x59, 0x34, 0xff, 0xd8, 0x50, 0x30, 0xf9, 0xd9, 0x52, 0x31, 0xfd, 0xdb, 0x52, 0x30, 0xfd,
  0xe7, 0x57, 0x34, 0xff, 0xe7, 0x58, 0x34, 0xff, 0xd9, 0x50, 0x2f, 0xfa, 0xd5, 0x4f, 0x2e, 0xf5,
  0xdf, 0x55, 0x32, 0xfc, 0xe9, 0x57, 0x33, 0xff, 0xc7, 0x4a, 0x2c, 0xc9, 0x62, 0x20, 0x13, 0x27,
  0x00, 0x00, 0x00, 0x00, 0xff, 0x00, 0x00, 0x01, 0x00, 0x00, 0x00, 0x00, 0x00, 0x00, 0x00, 0x00,
  0x00, 0x00, 0x00, 0x00, 0x00, 0x00, 0x00, 0x00, 0x00, 0x00, 0x00, 0x00, 0x00, 0x00, 0x00, 0x00,
  0x00, 0x00, 0x00, 0x00, 0x00, 0x00, 0x00, 0x00, 0x00, 0x00, 0x00, 0x00, 0x00, 0x00, 0x00, 0x00,
  0x00, 0x00, 0x00, 0x00, 0x00, 0x00, 0x00, 0x00, 0x00, 0x00, 0x00, 0x00, 0xff, 0x00, 0x00, 0x01,
  0x00, 0x00, 0x00, 0x00, 0x66, 0x23, 0x16, 0x39, 0xcb, 0x4c, 0x2c, 0xce, 0xee, 0x5a, 0x35, 0xff,
  0xd9, 0x51, 0x30, 0xf4, 0xd9, 0x51, 0x2f, 0xfb, 0xdf, 0x53, 0x31, 0xf9, 0xdd, 0x53, 0x31, 0xfc,
  0xda, 0x52, 0x30, 0xf2, 0xce, 0x4d, 0x2f, 0xce, 0xa0, 0x3c, 0x23, 0x7a, 0x3e, 0x1b, 0x0d, 0x25,
  0x00, 0x00, 0x00, 0x06, 0x00, 0x00, 0x00, 0x00, 0x00, 0x00, 0x00, 0x00, 0x00, 0x00, 0x00, 0x00,
  0x00, 0x00, 0x00, 0x00, 0x00, 0x00, 0x00, 0x00, 0x00, 0x00, 0x00, 0x08, 0xb2, 0x43, 0x27, 0xa3,
  0xe0, 0x54, 0x31, 0xff, 0xdc, 0x52, 0x31, 0xfd, 0xd8, 0x52, 0x31, 0xfd, 0xd9, 0x52, 0x31, 0xfd,
  0xde, 0x54, 0x31, 0xfa, 0xde, 0x53, 0x30, 0xfb, 0xda, 0x51, 0x30, 0xfc, 0xdb, 0x52, 0x30, 0xf4,
  0xf0, 0x5a, 0x36, 0xff, 0xca, 0x4d, 0x2d, 0xcc, 0x5f, 0x24, 0x16, 0x38, 0x00, 0x00, 0x00, 0x00,
  0xff, 0x00, 0x00, 0x01, 0x00, 0x00, 0x00, 0x00, 0x00, 0x00, 0x00, 0x00, 0x00, 0x00, 0x00, 0x00,
  0x00, 0x00, 0x00, 0x00, 0x00, 0x00, 0x00, 0x00, 0x00, 0x00, 0x00, 0x00, 0x00, 0x00, 0x00, 0x00,
  0x00, 0x00, 0x00, 0x00, 0x00, 0x00, 0x00, 0x00, 0x00, 0x00, 0x00, 0x00, 0x00, 0x00, 0x00, 0x00,
  0x00, 0x00, 0x00, 0x00, 0x00, 0x00, 0x00, 0x00, 0x00, 0x00, 0x00, 0x00, 0x00, 0x00, 0x00, 0x00,
  0xff, 0x00, 0x00, 0x01, 0x00, 0x00, 0x00, 0x00, 0x72, 0x2a, 0x19, 0x3c, 0xc7, 0x4a, 0x2c, 0xca,
  0xf5, 0x5c, 0x37, 0xff, 0xdc, 0x52, 0x30, 0xf7, 0xd0, 0x4f, 0x2e, 0xed, 0xd8, 0x50, 0x30, 0xf9,
  0xe7, 0x57, 0x34, 0xff, 0xf2, 0x5c, 0x36, 0xff, 0xd3, 0x4f, 0x2f, 0xf3, 0xbf, 0x47, 0x2a, 0xba,
  0xb7, 0x45, 0x28, 0x9d, 0xb4, 0x43, 0x25, 0x89, 0xa8, 0x40, 0x22, 0x76, 0x9c, 0x3a, 0x22, 0x68,
  0x9f, 0x3d, 0x23, 0x6b, 0xa9, 0x3f, 0x25, 0x74, 0xb5, 0x44, 0x27, 0x96, 0xcd, 0x4c, 0x2d, 0xdc,
  0xdd, 0x53, 0x31, 0xff, 0xdc, 0x53, 0x31, 0xff, 0xdb, 0x53, 0x31, 0xff, 0xdb, 0x53, 0x31, 0xfe,
  0xd8, 0x52, 0x30, 0xfc, 0xd6, 0x50, 0x2f, 0xf9, 0xe1, 0x54, 0x32, 0xfd, 0xf4, 0x5c, 0x36, 0xff,
  0xc6, 0x4b, 0x2c, 0xc5, 0x6b, 0x28, 0x16, 0x39, 0x00, 0x00, 0x00, 0x00, 0xff, 0x00, 0x00, 0x01,
  0x00, 0x00, 0x00, 0x00, 0x00, 0x00, 0x00, 0x00, 0x00, 0x00, 0x00, 0x00, 0x00, 0x00, 0x00, 0x00,
  0x00, 0x00, 0x00, 0x00, 0x00, 0x00, 0x00, 0x00, 0x00, 0x00, 0x00, 0x00, 0x00, 0x00, 0x00, 0x00,
  0x00, 0x00, 0x00, 0x00, 0x00, 0x00, 0x00, 0x00, 0x00, 0x00, 0x00, 0x00, 0x00, 0x00, 0x00, 0x00,
  0x00, 0x00, 0x00, 0x00, 0x00, 0x00, 0x00, 0x00, 0x00, 0x00, 0x00, 0x00, 0x00, 0x00, 0x00, 0x00,
  0x00, 0x00, 0x00, 0x00, 0x01, 0x00, 0x00, 0x00, 0x00, 0x00, 0x00, 0x00, 0x71, 0x2a, 0x17, 0x36,
  0xb9, 0x45, 0x29, 0xa6, 0xdc, 0x53, 0x31, 0xfd, 0xf2, 0x5c, 0x36, 0xff, 0xe2, 0x55, 0x32, 0xff,
  0xd4, 0x4f, 0x2f, 0xf4, 0xd3, 0x50, 0x2f, 0xee, 0xdb, 0x52, 0x31, 0xfd, 0xe9, 0x58, 0x34, 0xff,
  0xf0, 0x5b, 0x35, 0xff, 0xf3, 0x5c, 0x36, 0xff, 0xeb, 0x59, 0x34, 0xff, 0xe0, 0x55, 0x31, 0xff,
  0xe1, 0x55, 0x32, 0xff, 0xed, 0x59, 0x34, 0xff, 0xf2, 0x5b, 0x35, 0xff, 0xe3, 0x55, 0x33, 0xff,
  0xd8, 0x51, 0x30, 0xfc, 0xd8, 0x51, 0x31, 0xfd, 0xdc, 0x53, 0x31, 0xff, 0xdc, 0x53, 0x31, 0xff,
  0xdb, 0x53, 0x31, 0xff, 0xdb, 0x52, 0x31, 0xfd, 0xd2, 0x4e, 0x2e, 0xe2, 0xb9, 0x45, 0x28, 0x9e,
  0x6b, 0x2c, 0x18, 0x34, 0x00, 0x00, 0x00, 0x00, 0xff, 0x00, 0x00, 0x01, 0x00, 0x00, 0x00, 0x00,
  0x00, 0x00, 0x00, 0x00, 0x00, 0x00, 0x00, 0x00, 0x00, 0x00, 0x00, 0x00, 0x00, 0x00, 0x00, 0x00,
  0x00, 0x00, 0x00, 0x00, 0x00, 0x00, 0x00, 0x00, 0x00, 0x00, 0x00, 0x00, 0x00, 0x00, 0x00, 0x00,
  0x00, 0x00, 0x00, 0x00, 0x00, 0x00, 0x00, 0x00, 0x00, 0x00, 0x00, 0x00, 0x00, 0x00, 0x00, 0x00,
  0x00, 0x00, 0x00, 0x00, 0x00, 0x00, 0x00, 0x00, 0x00, 0x00, 0x00, 0x00, 0x00, 0x00, 0x00, 0x00,
  0x00, 0x00, 0x00, 0x00, 0x00, 0x00, 0x00, 0x00, 0xff, 0x00, 0x00, 0x01, 0x00, 0x00, 0x00, 0x00,
  0x17, 0x0b, 0x00, 0x16, 0xaf, 0x41, 0x26, 0x90, 0xd3, 0x50, 0x2e, 0xd5, 0xd7, 0x51, 0x30, 0xf4,
  0xe2, 0x54, 0x33, 0xfd, 0xe2, 0x53, 0x32, 0xf9, 0xdf, 0x54, 0x31, 0xfd, 0xdd, 0x53, 0x32, 0xfd,
  0xdd, 0x52, 0x31, 0xf9, 0xdb, 0x52, 0x31, 0xf6, 0xdb, 0x53, 0x30, 0xf6, 0xdc, 0x52, 0x31, 0xf8,
  0xdc, 0x52, 0x31, 0xf8, 0xda, 0x53, 0x30, 0xf6, 0xdb, 0x52, 0x30, 0xf7, 0xdc, 0x52, 0x31, 0xfd,
  0xde, 0x53, 0x30, 0xfb, 0xdc, 0x52, 0x31, 0xfd, 0xda, 0x52, 0x31, 0xfd, 0xda, 0x52, 0x31, 0xfe,
  0xdb, 0x51, 0x30, 0xfa, 0xe1, 0x55, 0x33, 0xff, 0xb9, 0x45, 0x29, 0xb1, 0x0c, 0x00, 0x00, 0x15,
  0x00, 0x00, 0x00, 0x00, 0xff, 0x00, 0x00, 0x01, 0x00, 0x00, 0x00, 0x00, 0x00, 0x00, 0x00, 0x00,
  0x00, 0x00, 0x00, 0x00, 0x00, 0x00, 0x00, 0x00, 0x00, 0x00, 0x00, 0x00, 0x00, 0x00, 0x00, 0x00,
  0x00, 0x00, 0x00, 0x00, 0x00, 0x00, 0x00, 0x00, 0x00, 0x00, 0x00, 0x00, 0x00, 0x00, 0x00, 0x00,
  0x00, 0x00, 0x00, 0x00, 0x00, 0x00, 0x00, 0x00, 0x00, 0x00, 0x00, 0x00, 0x00, 0x00, 0x00, 0x00,
  0x00, 0x00, 0x00, 0x00, 0x00, 0x00, 0x00, 0x00, 0x00, 0x00, 0x00, 0x00, 0x00, 0x00, 0x00, 0x00,
  0x00, 0x00, 0x00, 0x00, 0x00, 0x00, 0x00, 0x00, 0x00, 0x00, 0x00, 0x00, 0xff, 0x00, 0x00, 0x01,
  0x00, 0x00, 0x00, 0x00, 0x00, 0x00, 0x00, 0x05, 0x53, 0x1b, 0x10, 0x2e, 0xa5, 0x3f, 0x24, 0x8c,
  0xd8, 0x52, 0x30, 0xef, 0xe9, 0x58, 0x34, 0xff, 0xe3, 0x56, 0x33, 0xff, 0xdf, 0x55, 0x32, 0xff,
  0xdc, 0x53, 0x31, 0xff, 0xdb, 0x52, 0x31, 0xf8, 0xd8, 0x51, 0x2f, 0xf5, 0xd9, 0x50, 0x2f, 0xf3,
  0xd9, 0x50, 0x30, 0xf4, 0xd8, 0x51, 0x2f, 0xf5, 0xdb, 0x52, 0x30, 0xfa, 0xe0, 0x54, 0x32, 0xff,
  0xe4, 0x56, 0x33, 0xff, 0xe1, 0x54, 0x32, 0xff, 0xd7, 0x52, 0x31, 0xfd, 0xda, 0x53, 0x31, 0xfe,
  0xdb, 0x51, 0x30, 0xf9, 0xe5, 0x56, 0x33, 0xff, 0xb8, 0x43, 0x29, 0xa6, 0x00, 0x00, 0x00, 0x08,
  0xff, 0x00, 0x00, 0x01, 0xff, 0x00, 0x00, 0x01, 0x00, 0x00, 0x00, 0x00, 0x00, 0x00, 0x00, 0x00,
  0x00, 0x00, 0x00, 0x00, 0x00, 0x00, 0x00, 0x00, 0x00, 0x00, 0x00, 0x00, 0x00, 0x00, 0x00, 0x00,
  0x00, 0x00, 0x00, 0x00, 0x00, 0x00, 0x00, 0x00, 0x00, 0x00, 0x00, 0x00, 0x00, 0x00, 0x00, 0x00,
  0x00, 0x00, 0x00, 0x00, 0x00, 0x00, 0x00, 0x00, 0x00, 0x00, 0x00, 0x00, 0x00, 0x00, 0x00, 0x00,
  0x00, 0x00, 0x00, 0x00, 0x00, 0x00, 0x00, 0x00, 0x00, 0x00, 0x00, 0x00, 0x00, 0x00, 0x00, 0x00,
  0x00, 0x00, 0x00, 0x00, 0x00, 0x00, 0x00, 0x00, 0x00, 0x00, 0x00, 0x00, 0x00, 0x00, 0x00, 0x00,
  0xff, 0x00, 0x00, 0x01, 0x01, 0x00, 0x00, 0x00, 0x00, 0x00, 0x00, 0x00, 0x2a, 0x0e, 0x0e, 0x12,
  0x79, 0x2b, 0x19, 0x3b, 0x96, 0x39, 0x21, 0x62, 0xa8, 0x3d, 0x24, 0x8d, 0xbb, 0x46, 0x27, 0xbc,
  0xcb, 0x4e, 0x2d, 0xe4, 0xd9, 0x51, 0x30, 0xfd, 0xea, 0x58, 0x34, 0xff, 0xf2, 0x5b, 0x35, 0xff,
  0xef, 0x5b, 0x35, 0xff, 0xe6, 0x57, 0x33, 0xff, 0xd8, 0x52, 0x30, 0xfd, 0xc8, 0x4b, 0x2c, 0xdc,
  0xb7, 0x42, 0x29, 0xb3, 0xc9, 0x4b, 0x2a, 0xd6, 0xe2, 0x56, 0x33, 0xff, 0xdb, 0x53, 0x32, 0xfd,
  0xd6, 0x50, 0x2f, 0xf4, 0xed, 0x59, 0x34, 0xff, 0xc8, 0x4a, 0x2b, 0xc3, 0x33, 0x14, 0x14, 0x19,
  0x00, 0x00, 0x00, 0x00, 0xff, 0x00, 0x00, 0x01, 0x00, 0x00, 0x00, 0x00, 0x00, 0x00, 0x00, 0x00,
  0x00, 0x00, 0x00, 0x00, 0x00, 0x00, 0x00, 0x00, 0x00, 0x00, 0x00, 0x00, 0x00, 0x00, 0x00, 0x00,
  0x00, 0x00, 0x00, 0x00, 0x00, 0x00, 0x00, 0x00, 0x00, 0x00, 0x00, 0x00, 0x00, 0x00, 0x00, 0x00,
  0x00, 0x00, 0x00, 0x00, 0x00, 0x00, 0x00, 0x00, 0x00, 0x00, 0x00, 0x00, 0x00, 0x00, 0x00, 0x00,
  0x00, 0x00, 0x00, 0x00, 0x00, 0x00, 0x00, 0x00, 0x00, 0x00, 0x00, 0x00, 0x00, 0x00, 0x00, 0x00,
  0x00, 0x00, 0x00, 0x00, 0x00, 0x00, 0x00, 0x00, 0x00, 0x00, 0x00, 0x00, 0x00, 0x00, 0x00, 0x00,
  0x00, 0x00, 0x00, 0x00, 0x00, 0x00, 0x00, 0x01, 0xff, 0x00, 0x00, 0x01, 0x00, 0x00, 0x00, 0x00,
  0x00, 0x00, 0x00, 0x00, 0x00, 0x00, 0x00, 0x00, 0x0f, 0x00, 0x00, 0x11, 0x60, 0x23, 0x14, 0x32,
  0x85, 0x34, 0x1f, 0x52, 0xa1, 0x3b, 0x24, 0x70, 0xb2, 0x43, 0x27, 0x89, 0xb8, 0x44, 0x29, 0x95,
  0xb5, 0x44, 0x28, 0x91, 0xae, 0x41, 0x26, 0x85, 0xa1, 0x3d, 0x22, 0x70, 0x84, 0x33, 0x1d, 0x4f,
  0x50, 0x1a, 0x14, 0x26, 0x9a, 0x3a, 0x21, 0x72, 0xdf, 0x54, 0x31, 0xfb, 0xdf, 0x53, 0x31, 0xfe,
  0xd3, 0x50, 0x2e, 0xf2, 0xed, 0x59, 0x35, 0xff, 0xd7, 0x50, 0x30, 0xe9, 0x7c, 0x2c, 0x1b, 0x4a,
  0x00, 0x00, 0x00, 0x00, 0xff, 0x00, 0x00, 0x01, 0x00, 0x00, 0x00, 0x00, 0x00, 0x00, 0x00, 0x00,
  0x00, 0x00, 0x00, 0x00, 0x00, 0x00, 0x00, 0x00, 0x00, 0x00, 0x00, 0x00, 0x00, 0x00, 0x00, 0x00,
  0x00, 0x00, 0x00, 0x00, 0x00, 0x00, 0x00, 0x00, 0x00, 0x00, 0x00, 0x00, 0x00, 0x00, 0x00, 0x00,
  0x00, 0x00, 0x00, 0x00, 0x00, 0x00, 0x00, 0x00, 0x00, 0x00, 0x00, 0x00, 0x00, 0x00, 0x00, 0x00,
  0x00, 0x00, 0x00, 0x00, 0x00, 0x00, 0x00, 0x00, 0x00, 0x00, 0x00, 0x00, 0x00, 0x00, 0x00, 0x00,
  0x00, 0x00, 0x00, 0x00, 0x00, 0x00, 0x00, 0x00, 0x00, 0x00, 0x00, 0x00, 0x00, 0x00, 0x00, 0x00,
  0x00, 0x00, 0x00, 0x00, 0x00, 0x00, 0x00, 0x00, 0x00, 0x00, 0x00, 0x00, 0x00, 0x00, 0x00, 0x01,
  0xff, 0x00, 0x00, 0x01, 0xff, 0x00, 0x00, 0x01, 0x00, 0x00, 0x00, 0x00, 0x00, 0x00, 0x00, 0x00,
  0x00, 0x00, 0x00, 0x00, 0x00, 0x00, 0x00, 0x00, 0x00, 0x00, 0x00, 0x00, 0x00, 0x00, 0x00, 0x00,
  0x00, 0x00, 0x00, 0x00, 0x00, 0x00, 0x00, 0x00, 0x00, 0x00, 0x00, 0x00, 0x00, 0x00, 0x00, 0x00,
  0x00, 0x00, 0x00, 0x00, 0x5d, 0x21, 0x14, 0x26, 0xc5, 0x4a, 0x2b, 0xcd, 0xe0, 0x55, 0x33, 0xff,
  0xd8, 0x51, 0x2f, 0xfa, 0xe1, 0x54, 0x32, 0xff, 0xdb, 0x52, 0x30, 0xfa, 0xaa, 0x3f, 0x24, 0x94,
  0x3c, 0x18, 0x0c, 0x15, 0x00, 0x00, 0x00, 0x00, 0x00, 0x00, 0x00, 0x01, 0x00, 0x00, 0x00, 0x00,
  0x00, 0x00, 0x00, 0x00, 0x00, 0x00, 0x00, 0x00, 0x00, 0x00, 0x00, 0x00, 0x00, 0x00, 0x00, 0x00,
  0x00, 0x00, 0x00, 0x00, 0x00, 0x00, 0x00, 0x00, 0x00, 0x00, 0x00, 0x00, 0x00, 0x00, 0x00, 0x00,
  0x00, 0x00, 0x00, 0x00, 0x00, 0x00, 0x00, 0x00, 0x00, 0x00, 0x00, 0x00, 0x00, 0x00, 0x00, 0x00,
  0x00, 0x00, 0x00, 0x00, 0x00, 0x00, 0x00, 0x00, 0x00, 0x00, 0x00, 0x00, 0x00, 0x00, 0x00, 0x00,
  0x00, 0x00, 0x00, 0x00, 0x00, 0x00, 0x00, 0x00, 0x00, 0x00, 0x00, 0x00, 0x00, 0x00, 0x00, 0x00,
  0x00, 0x00, 0x00, 0x00, 0x00, 0x00, 0x00, 0x00, 0x00, 0x00, 0x00, 0x00, 0x00, 0x00, 0x00, 0x00,
  0x00, 0x00, 0x00, 0x00, 0x00, 0x00, 0x00, 0x00, 0x00, 0x00, 0x00, 0x01, 0xff, 0x00, 0x00, 0x01,
  0xff, 0xff, 0x00, 0x01, 0xff, 0xff, 0x00, 0x01, 0xff, 0xff, 0x00, 0x01, 0xff, 0xff, 0xff, 0x01,
  0xff, 0xff, 0xff, 0x01, 0xff, 0xff, 0xff, 0x01, 0xff, 0xff, 0x00, 0x01, 0xff, 0x00, 0x00, 0x01,
  0x7f, 0x00, 0x00, 0x02, 0x00, 0x00, 0x00, 0x08, 0x99, 0x39, 0x21, 0x73, 0xd3, 0x51, 0x2e, 0xec,
  0xe2, 0x56, 0x32, 0xff, 0xd7, 0x50, 0x30, 0xf7, 0xdf, 0x54, 0x30, 0xfa, 0xd7, 0x50, 0x2e, 0xe6,
  0x7b, 0x2f, 0x1b, 0x40, 0x00, 0x00, 0x00, 0x00, 0xff, 0x00, 0x00, 0x01, 0x00, 0x00, 0x00, 0x00,
  0x00, 0x00, 0x00, 0x00, 0x00, 0x00, 0x00, 0x00, 0x00, 0x00, 0x00, 0x00, 0x00, 0x00, 0x00, 0x00,
  0x00, 0x00, 0x00, 0x00, 0x00, 0x00, 0x00, 0x00, 0x00, 0x00, 0x00, 0x00, 0x00, 0x00, 0x00, 0x00,
  0x00, 0x00, 0x00, 0x00, 0x00, 0x00, 0x00, 0x00, 0x00, 0x00, 0x00, 0x00, 0x00, 0x00, 0x00, 0x00,
  0x00, 0x00, 0x00, 0x00, 0x00, 0x00, 0x00, 0x00, 0x00, 0x00, 0x00, 0x00, 0x00, 0x00, 0x00, 0x00,
  0x00, 0x00, 0x00, 0x00, 0x00, 0x00, 0x00, 0x00, 0x00, 0x00, 0x00, 0x00, 0x00, 0x00, 0x00, 0x00,
  0x00, 0x00, 0x00, 0x00, 0x00, 0x00, 0x00, 0x00, 0x00, 0x00, 0x00, 0x00, 0x00, 0x00, 0x00, 0x00,
  0x00, 0x00, 0x00, 0x00, 0x00, 0x00, 0x00, 0x00, 0x00, 0x00, 0x00, 0x00, 0x00, 0x00, 0x00, 0x00,
  0x00, 0x00, 0x00, 0x00, 0x00, 0x00, 0x00, 0x00, 0x00, 0x00, 0x00, 0x01, 0x00, 0x00, 0x00, 0x01,
  0x00, 0x00, 0x00, 0x01, 0x00, 0x00, 0x00, 0x01, 0x00, 0x00, 0x00, 0x00, 0x00, 0x00, 0x00, 0x00,
  0xff, 0x00, 0x00, 0x01, 0x00, 0x00, 0x00, 0x00, 0x5a, 0x22, 0x16, 0x2d, 0xd5, 0x50, 0x2f, 0xd8,
  0xf7, 0x5d, 0x37, 0xff, 0xd1, 0x4d, 0x2f, 0xec, 0xe1, 0x54, 0x32, 0xf7, 0xef, 0x5a, 0x35, 0xff,
  0x9c, 0x3c, 0x23, 0x6d, 0x00, 0x00, 0x00, 0x00, 0xff, 0x00, 0x00, 0x01, 0x00, 0x00, 0x00, 0x00,
  0x00, 0x00, 0x00, 0x00, 0x00, 0x00, 0x00, 0x00, 0x00, 0x00, 0x00, 0x00, 0x00, 0x00, 0x00, 0x00,
  0x00, 0x00, 0x00, 0x00, 0x00, 0x00, 0x00, 0x00, 0x00, 0x00, 0x00, 0x00, 0x00, 0x00, 0x00, 0x00,
  0x00, 0x00, 0x00, 0x00, 0x00, 0x00, 0x00, 0x00, 0x00, 0x00, 0x00, 0x00, 0x00, 0x00, 0x00, 0x00,
  0x00, 0x00, 0x00, 0x00, 0x00, 0x00, 0x00, 0x00, 0x00, 0x00, 0x00, 0x00, 0x00, 0x00, 0x00, 0x00,
  0x00, 0x00, 0x00, 0x00, 0x00, 0x00, 0x00, 0x00, 0x00, 0x00, 0x00, 0x00, 0x00, 0x00, 0x00, 0x00,
  0x00, 0x00, 0x00, 0x00, 0x00, 0x00, 0x00, 0x00, 0x00, 0x00, 0x00, 0x00, 0x00, 0x00, 0x00, 0x00,
  0x00, 0x00, 0x00, 0x00, 0x00, 0x00, 0x00, 0x00, 0x00, 0x00, 0x00, 0x00, 0x00, 0x00, 0x00, 0x00,
  0x00, 0x00, 0x00, 0x00, 0x00, 0x00, 0x00, 0x00, 0x00, 0x00, 0x00, 0x00, 0x00, 0x00, 0x00, 0x00,
  0x00, 0x00, 0x00, 0x00, 0x00, 0x00, 0x00, 0x00, 0x00, 0x00, 0x00, 0x00, 0x00, 0x00, 0x00, 0x00,
  0x00, 0x00, 0x00, 0x01, 0x01, 0x00, 0x00, 0x00, 0x17, 0x00, 0x00, 0x0b, 0xc2, 0x48, 0x2a, 0xa9,
  0xea, 0x58, 0x34, 0xfa, 0xd5, 0x4f, 0x2e, 0xea, 0xdc, 0x53, 0x30, 0xf5, 0xe4, 0x56, 0x33, 0xf9,
  0xad, 0x40, 0x27, 0x96, 0x30, 0x0c, 0x0c, 0x15, 0x00, 0x00, 0x00, 0x00, 0xff, 0x00, 0x00, 0x01,
  0x00, 0x00, 0x00, 0x00, 0x00, 0x00, 0x00, 0x00, 0x00, 0x00, 0x00, 0x00, 0x00, 0x00, 0x00, 0x00,
  0x00, 0x00, 0x00, 0x00, 0x00, 0x00, 0x00, 0x00, 0x00, 0x00, 0x00, 0x00, 0x00, 0x00, 0x00, 0x00,
  0x00, 0x00, 0x00, 0x00, 0x00, 0x00, 0x00, 0x00, 0x00, 0x00, 0x00, 0x00, 0x00, 0x00, 0x00, 0x00,
  0x00, 0x00, 0x00, 0x00, 0x00, 0x00, 0x00, 0x00, 0x00, 0x00, 0x00, 0x00, 0x00, 0x00, 0x00, 0x00,
  0x00, 0x00, 0x00, 0x00, 0x00, 0x00, 0x00, 0x00, 0x00, 0x00, 0x00, 0x00, 0x00, 0x00, 0x00, 0x00,
  0x00, 0x00, 0x00, 0x00, 0x00, 0x00, 0x00, 0x00, 0x00, 0x00, 0x00, 0x00, 0x00, 0x00, 0x00, 0x00,
  0x00, 0x00, 0x00, 0x00, 0x00, 0x00, 0x00, 0x00, 0x00, 0x00, 0x00, 0x00, 0x00, 0x00, 0x00, 0x00,
  0x00, 0x00, 0x00, 0x00, 0x00, 0x00, 0x00, 0x00, 0x00, 0x00, 0x00, 0x00, 0x00, 0x00, 0x00, 0x00,
  0x00, 0x00, 0x00, 0x00, 0x00, 0x00, 0x00, 0x00, 0x00, 0x00, 0x00, 0x00, 0x00, 0x00, 0x00, 0x00,
  0x00, 0x00, 0x00, 0x00, 0x01, 0x00, 0x00, 0x00, 0x00, 0x00, 0x00, 0x00, 0x7a, 0x2d, 0x19, 0x4f,
  0xc6, 0x4a, 0x2c, 0xe6, 0xf4, 0x5c, 0x36, 0xff, 0xf2, 0x5b, 0x36, 0xff, 0xf7, 0x5d, 0x38, 0xff,
  0xb8, 0x45, 0x29, 0xc0, 0x53, 0x1d, 0x11, 0x2b, 0x00, 0x00, 0x00, 0x00, 0xff, 0x00, 0x00, 0x01,
  0x00, 0x00, 0x00, 0x00, 0x00, 0x00, 0x00, 0x00, 0x00, 0x00, 0x00, 0x00, 0x00, 0x00, 0x00, 0x00,
  0x00, 0x00, 0x00, 0x00, 0x00, 0x00, 0x00, 0x00, 0x00, 0x00, 0x00, 0x00, 0x00, 0x00, 0x00, 0x00,
  0x00, 0x00, 0x00, 0x00, 0x00, 0x00, 0x00, 0x00, 0x00, 0x00, 0x00, 0x00, 0x00, 0x00, 0x00, 0x00,
  0x00, 0x00, 0x00, 0x00, 0x00, 0x00, 0x00, 0x00, 0x00, 0x00, 0x00, 0x00, 0x00, 0x00, 0x00, 0x00,
  0x00, 0x00, 0x00, 0x00, 0x00, 0x00, 0x00, 0x00, 0x00, 0x00, 0x00, 0x00, 0x00, 0x00, 0x00, 0x00,
  0x00, 0x00, 0x00, 0x00, 0x00, 0x00, 0x00, 0x00, 0x00, 0x00, 0x00, 0x00, 0x00, 0x00, 0x00, 0x00,
  0x00, 0x00, 0x00, 0x00, 0x00, 0x00, 0x00, 0x00, 0x00, 0x00, 0x00, 0x00, 0x00, 0x00, 0x00, 0x00,
  0x00, 0x00, 0x00, 0x00, 0x00, 0x00, 0x00, 0x00, 0x00, 0x00, 0x00, 0x00, 0x00, 0x00, 0x00, 0x00,
  0x00, 0x00, 0x00, 0x00, 0x00, 0x00, 0x00, 0x00, 0x00, 0x00, 0x00, 0x00, 0x00, 0x00, 0x00, 0x00,
  0x00, 0x00, 0x00, 0x00, 0x00, 0x00, 0x00, 0x01, 0x00, 0x00, 0x00, 0x00, 0x48, 0x24, 0x18, 0x15,
  0xbd, 0x44, 0x29, 0x5d, 0xe6, 0x57, 0x32, 0x7e, 0xe0, 0x53, 0x30, 0x7d, 0xe2, 0x57, 0x32, 0x7e,
  0xb8, 0x46, 0x29, 0x57, 0x50, 0x28, 0x0d, 0x13, 0x00, 0x00, 0x00, 0x00, 0x00, 0x00, 0x00, 0x00,
  0x00, 0x00, 0x00, 0x00, 0x00, 0x00, 0x00, 0x00, 0x00, 0x00, 0x00, 0x00, 0x00, 0x00, 0x00, 0x00,
  0x00, 0x00, 0x00, 0x00, 0x00, 0x00, 0x00, 0x00, 0x00, 0x00, 0x00, 0x00, 0x00, 0x00, 0x00, 0x00,
  0x00, 0x00, 0x00, 0x00, 0x00, 0x00, 0x00, 0x00, 0x00, 0x00, 0x00, 0x00, 0x00, 0x00, 0x00, 0x00,
  0x00, 0x00, 0x00, 0x00, 0x00, 0x00, 0x00, 0x00, 0x00, 0x00, 0x00, 0x00, 0x00, 0x00, 0x00, 0x00,
  0x00, 0x00, 0x00, 0x00, 0x00, 0x00, 0x00, 0x00, 0x00, 0x00, 0x00, 0x00, 0x00, 0x00, 0x00, 0x00,
  0x00, 0x00, 0x00, 0x00, 0x00, 0x00, 0x00, 0x00, 0x00, 0x00, 0x00, 0x00, 0x00, 0x00, 0x00, 0x00,
  0x00, 0x00, 0x00, 0x00, 0x00, 0x00, 0x00, 0x00, 0x00, 0x00, 0x00, 0x00, 0x00, 0x00, 0x00, 0x00,
  0x00, 0x00, 0x00, 0x00, 0x00, 0x00, 0x00, 0x00, 0x00, 0x00, 0x00, 0x00, 0x00, 0x00, 0x00, 0x00,
  0x00, 0x00, 0x00, 0x00, 0x00, 0x00, 0x00, 0x00, 0x00, 0x00, 0x00, 0x00, 0x00, 0x00, 0x00, 0x00,
  0x00, 0x00, 0x00, 0x00, 0x00, 0x00, 0x00, 0x00, 0x00, 0x00, 0x00, 0x00, 0x00, 0x00, 0x00, 0x00,
  0x00, 0x00, 0x00, 0x00, 0x00, 0x00, 0x00, 0x00, 0x00, 0x00, 0x00, 0x00, 0x00, 0x00, 0x00, 0x00,
  0x00, 0x00, 0x00, 0x00, 0x00, 0x00, 0x00, 0x00, 0x00, 0x00, 0x00, 0x00, 0x00, 0x00, 0x00, 0x00,
  0x00, 0x00, 0x00, 0x00, 0x00, 0x00, 0x00, 0x00, 0x00, 0x00, 0x00, 0x00, 0x00, 0x00, 0x00, 0x00,
  0x00, 0x00, 0x00, 0x00, 0x00, 0x00, 0x00, 0x00, 0x00, 0x00, 0x00, 0x00, 0x00, 0x00, 0x00, 0x00,
  
};

const lv_image_dsc_t logo_QCOM = {
  .header = { .magic = LV_IMAGE_HEADER_MAGIC, .cf = LV_COLOR_FORMAT_ARGB8888, .flags = 0, .w = 48, .h = 48, .stride = 192, .reserved_2 = 0 },
  .data_size = sizeof(logo_QCOM_data),
  .data = logo_QCOM_data,
  .reserved = nullptr,
};

static const LV_ATTRIBUTE_LARGE_CONST uint8_t logo_SPOT_data[] = {
  0x00, 0x00, 0x00, 0x00, 0x00, 0x00, 0x00, 0x00, 0x00, 0x00, 0x00, 0x00, 0x00, 0x00, 0x00, 0x00,
  0x00, 0x00, 0x00, 0x00, 0x00, 0x00, 0x00, 0x00, 0x00, 0x00, 0x00, 0x00, 0x00, 0x00, 0x00, 0x00,
  0x00, 0x00, 0x00, 0x00, 0x00, 0x00, 0x00, 0x00, 0x00, 0x00, 0x00, 0x00, 0x00, 0x00, 0x00, 0x00,
  0x00, 0x00, 0x00, 0x00, 0x00, 0x00, 0x00, 0x00, 0x00, 0x00, 0x00, 0x00, 0x00, 0x00, 0x00, 0x00,
  0x00, 0x00, 0x00, 0x00, 0x00, 0x00, 0x00, 0x00, 0x00, 0x00, 0x00, 0x00, 0x00, 0x00, 0x00, 0x00,
  0x00, 0x00, 0x00, 0x00, 0x00, 0x00, 0x00, 0x00, 0x00, 0x00, 0x00, 0x00, 0x00, 0x00, 0x00, 0x00,
  0x00, 0x00, 0x00, 0x00, 0x00, 0x00, 0x00, 0x00, 0x00, 0x00, 0x00, 0x00, 0x00, 0x00, 0x00, 0x00,
  0x00, 0x00, 0x00, 0x00, 0x00, 0x00, 0x00, 0x00, 0x00, 0x00, 0x00, 0x00, 0x00, 0x00, 0x00, 0x00,
  0x00, 0x00, 0x00, 0x00, 0x00, 0x00, 0x00, 0x00, 0x00, 0x00, 0x00, 0x00, 0x00, 0x00, 0x00, 0x00,
  0x00, 0x00, 0x00, 0x00, 0x00, 0x00, 0x00, 0x00, 0x00, 0x00, 0x00, 0x00, 0x00, 0x00, 0x00, 0x00,
  0x00, 0x00, 0x00, 0x00, 0x00, 0x00, 0x00, 0x00, 0x00, 0x00, 0x00, 0x00, 0x00, 0x00, 0x00, 0x00,
  0x00, 0x00, 0x00, 0x00, 0x00, 0x00, 0x00, 0x00, 0x00, 0x00, 0x00, 0x00, 0x00, 0x00, 0x00, 0x00,
  0x00, 0x00, 0x00, 0x00, 0x00, 0x00, 0x00, 0x00, 0x00, 0x00, 0x00, 0x00, 0x00, 0x00, 0x00, 0x00,
  0x00, 0x00, 0x00, 0x00, 0x00, 0x00, 0x00, 0x00, 0x00, 0x00, 0x00, 0x00, 0x00, 0x00, 0x00, 0x00,
  0x00, 0x00, 0x00, 0x00, 0x00, 0x00, 0x00, 0x00, 0x00, 0x00, 0x00, 0x00, 0x00, 0x00, 0x00, 0x00,
  0x00, 0x00, 0x00, 0x00, 0x00, 0x00, 0x00, 0x00, 0x00, 0x00, 0x00, 0x01, 0x00, 0xff, 0x00, 0x01,
  0x00, 0x01, 0x00, 0x00, 0x00, 0x00, 0x00, 0x00, 0x00, 0x2a, 0x00, 0x06, 0x26, 0x59, 0x0c, 0x14,
  0x34, 0x75, 0x0d, 0x27, 0x41, 0x91, 0x11, 0x3a, 0x48, 0xa0, 0x15, 0x46, 0x49, 0xa7, 0x17, 0x4c,
  0x49, 0xa7, 0x17, 0x4c, 0x48, 0xa0, 0x15, 0x46, 0x43, 0x93, 0x11, 0x39, 0x34, 0x75, 0x0d, 0x27,
  0x26, 0x59, 0x0c, 0x14, 0x00, 0x00, 0x00, 0x06, 0x00, 0x00, 0x00, 0x00, 0x00, 0x01, 0x00, 0x00,
  0x00, 0xff, 0x00, 0x01, 0x00, 0x00, 0x00, 0x01, 0x00, 0x00, 0x00, 0x00, 0x00, 0x00, 0x00, 0x00,
  0x00, 0x00, 0x00, 0x00, 0x00, 0x00, 0x00, 0x00, 0x00, 0x00, 0x00, 0x00, 0x00, 0x00, 0x00, 0x00,
  0x00, 0x00, 0x00, 0x00, 0x00, 0x00, 0x00, 0x00, 0x00, 0x00, 0x00, 0x00, 0x00, 0x00, 0x00, 0x00,
  0x00, 0x00, 0x00, 0x00, 0x00, 0x00, 0x00, 0x00, 0x00, 0x00, 0x00, 0x00, 0x00, 0x00, 0x00, 0x00,
  0x00, 0x00, 0x00, 0x00, 0x00, 0x00, 0x00, 0x00, 0x00, 0x00, 0x00, 0x00, 0x00, 0x00, 0x00, 0x00,
  0x00, 0x00, 0x00, 0x00, 0x00, 0x00, 0x00, 0x00, 0x00, 0x00, 0x00, 0x00, 0x00, 0x00, 0x00, 0x00,
  0x00, 0x00, 0x00, 0x00, 0x00, 0x00, 0x00, 0x00, 0x00, 0x00, 0x00, 0x00, 0x00, 0x00, 0x00, 0x00,
  0x00, 0x00, 0x00, 0x01, 0xff, 0xff, 0x00, 0x01, 0x00, 0x01, 0x00, 0x00, 0x00, 0x00, 0x00, 0x00,
  0x00, 0x00, 0x00, 0x06, 0x0a, 0x28, 0x0a, 0x19, 0x28, 0x5f, 0x09, 0x38, 0x38, 0x7c, 0x10, 0x5e,
  0x41, 0x94, 0x15, 0x84, 0x49, 0xa3, 0x17, 0xa4, 0x4e, 0xaf, 0x18, 0xba, 0x4f, 0xb7, 0x17, 0xc3,
  0x4f, 0xb7, 0x17, 0xc3, 0x4e, 0xaf, 0x18, 0xba, 0x49, 0xa5, 0x17, 0xa3, 0x41, 0x94, 0x15, 0x84,
  0x38, 0x7a, 0x10, 0x5e, 0x25, 0x5e, 0x09, 0x36, 0x0a, 0x1f, 0x0a, 0x18, 0x00, 0x00, 0x00, 0x05,
  0x00, 0x00, 0x00, 0x00, 0x00, 0x01, 0x00, 0x00, 0xff, 0xff, 0x00, 0x01, 0x00, 0x00, 0x00, 0x01,
  0x00, 0x00, 0x00, 0x00, 0x00, 0x00, 0x00, 0x00, 0x00, 0x00, 0x00, 0x00, 0x00, 0x00, 0x00, 0x00,
  0x00, 0x00, 0x00, 0x00, 0x00, 0x00, 0x00, 0x00, 0x00, 0x00, 0x00, 0x00, 0x00, 0x00, 0x00, 0x00,
  0x00, 0x00, 0x00, 0x00, 0x00, 0x00, 0x00, 0x00, 0x00, 0x00, 0x00, 0x00, 0x00, 0x00, 0x00, 0x00,
  0x00, 0x00, 0x00, 0x00, 0x00, 0x00, 0x00, 0x00, 0x00, 0x00, 0x00, 0x00, 0x00, 0x00, 0x00, 0x00,
  0x00, 0x00, 0x00, 0x00, 0x00, 0x00, 0x00, 0x00, 0x00, 0x00, 0x00, 0x00, 0x00, 0x00, 0x00, 0x00,
  0x00, 0x00, 0x00, 0x00, 0x00, 0x00, 0x00, 0x00, 0x00, 0x00, 0x00, 0x00, 0x00, 0x00, 0x00, 0x01,
  0x00, 0x00, 0x00, 0x00, 0x00, 0x00, 0x00, 0x00, 0x00, 0x00, 0x00, 0x0f, 0x30, 0x75, 0x0c, 0x3f,
  0x48, 0xa0, 0x15, 0x82, 0x53, 0xbb, 0x19, 0xb1, 0x58, 0xc6, 0x1b, 0xcc, 0x5c, 0xcd, 0x1c, 0xdd,
  0x5d, 0xd0, 0x1c, 0xe6, 0x5d, 0xd3, 0x1d, 0xea, 0x5e, 0xd3, 0x1e, 0xed, 0x5e, 0xd4, 0x1c, 0xef,
  0x5e, 0xd4, 0x1c, 0xef, 0x5e, 0xd3, 0x1e, 0xed, 0x5d, 0xd3, 0x1d, 0xea, 0x5d, 0xd1, 0x1c, 0xe6,
  0x5c, 0xcd, 0x1c, 0xdd, 0x59, 0xc7, 0x1c, 0xcb, 0x53, 0xbb, 0x18, 0xae, 0x48, 0x9f, 0x16, 0x7e,
  0x31, 0x6f, 0x0c, 0x3e, 0x00, 0x00, 0x00, 0x0e, 0x00, 0x00, 0x00, 0x00, 0x00, 0x00, 0x00, 0x00,
  0x00, 0x00, 0x00, 0x01, 0x00, 0x00, 0x00, 0x00, 0x00, 0x00, 0x00, 0x00, 0x00, 0x00, 0x00, 0x00,
  0x00, 0x00, 0x00, 0x00, 0x00, 0x00, 0x00, 0x00, 0x00, 0x00, 0x00, 0x00, 0x00, 0x00, 0x00, 0x00,
  0x00, 0x00, 0x00, 0x00, 0x00, 0x00, 0x00, 0x00, 0x00, 0x00, 0x00, 0x00, 0x00, 0x00, 0x00, 0x00,
  0x00, 0x00, 0x00, 0x00, 0x00, 0x00, 0x00, 0x00, 0x00, 0x00, 0x00, 0x00, 0x00, 0x00, 0x00, 0x00,
  0x00, 0x00, 0x00, 0x00, 0x00, 0x00, 0x00, 0x00, 0x00, 0x00, 0x00, 0x00, 0x00, 0x00, 0x00, 0x00,
  0x00, 0x00, 0x00, 0x00, 0x00, 0x00, 0x00, 0x01, 0x00, 0x01, 0x00, 0x00, 0x00, 0x00, 0x00, 0x00,
  0x0f, 0x0f, 0x00, 0x10, 0x3a, 0x7f, 0x10, 0x4e, 0x4b, 0xab, 0x19, 0x99, 0x55, 0xc2, 0x1a, 0xd3,
  0x5f, 0xd4, 0x1e, 0xff, 0x68, 0xe9, 0x20, 0xff, 0x68, 0xe9, 0x20, 0xff, 0x67, 0xe5, 0x20, 0xff,
  0x65, 0xe2, 0x20, 0xff, 0x64, 0xe0, 0x1f, 0xff, 0x63, 0xdd, 0x1f, 0xff, 0x63, 0xdd, 0x1f, 0xff,
  0x63, 0xdd, 0x1f, 0xff, 0x63, 0xdd, 0x1f, 0xff, 0x64, 0xe0, 0x1f, 0xff, 0x65, 0xe3, 0x20, 0xff,
  0x67, 0xe6, 0x20, 0xff, 0x68, 0xe9, 0x20, 0xff, 0x68, 0xe8, 0x20, 0xff, 0x5f, 0xd3, 0x1d, 0xfc,
  0x56, 0xc1, 0x1a, 0xd1, 0x4b, 0xaa, 0x17, 0x97, 0x39, 0x7d, 0x11, 0x4b, 0x0f, 0x0f, 0x00, 0x10,
  0x00, 0x00, 0x00, 0x00, 0x00, 0x01, 0x00, 0x00, 0x00, 0x00, 0x00, 0x00, 0x00, 0x00, 0x00, 0x00,
  0x00, 0x00, 0x00, 0x00, 0x00, 0x00, 0x00, 0x00, 0x00, 0x00, 0x00, 0x00, 0x00, 0x00, 0x00, 0x00,
  0x00, 0x00, 0x00, 0x00, 0x00, 0x00, 0x00, 0x00, 0x00, 0x00, 0x00, 0x00, 0x00, 0x00, 0x00, 0x00,
  0x00, 0x00, 0x00, 0x00, 0x00, 0x00, 0x00, 0x00, 0x00, 0x00, 0x00, 0x00, 0x00, 0x00, 0x00, 0x00,
  0x00, 0x00, 0x00, 0x00, 0x00, 0x00, 0x00, 0x00, 0x00, 0x00, 0x00, 0x00, 0x00, 0x00, 0x00, 0x00,
  0x00, 0x00, 0x00, 0x01, 0x00, 0x01, 0x00, 0x00, 0x00, 0x00, 0x00, 0x03, 0x23, 0x58, 0x0b, 0x2b,
  0x44, 0x9a, 0x14, 0x7f, 0x5a, 0xc5, 0x1b, 0xdf, 0x64, 0xe3, 0x20, 0xff, 0x64, 0xe3, 0x1f, 0xff,
  0x60, 0xd7, 0x1e, 0xfe, 0x5e, 0xd4, 0x1d, 0xfa, 0x5e, 0xd2, 0x1d, 0xf9, 0x5e, 0xd3, 0x1d, 0xf9,
  0x5e, 0xd4, 0x1d, 0xfa, 0x5e, 0xd3, 0x1e, 0xfc, 0x5f, 0xd5, 0x1e, 0xfc, 0x5e, 0xd4, 0x1e, 0xfd,
  0x5e, 0xd4, 0x1e, 0xfd, 0x5f, 0xd5, 0x1e, 0xfc, 0x5e, 0xd3, 0x1e, 0xfc, 0x5e, 0xd4, 0x1d, 0xfa,
  0x5e, 0xd2, 0x1d, 0xf9, 0x5d, 0xd2, 0x1d, 0xf8, 0x5e, 0xd4, 0x1e, 0xfb, 0x61, 0xd8, 0x1e, 0xff,
  0x65, 0xe2, 0x1f, 0xff, 0x64, 0xe1, 0x20, 0xff, 0x57, 0xc5, 0x1a, 0xdd, 0x43, 0x9a, 0x14, 0x7c,
  0x25, 0x57, 0x0c, 0x29, 0x00, 0x00, 0x00, 0x03, 0x00, 0x01, 0x00, 0x00, 0x00, 0x00, 0x00, 0x01,
  0x00, 0x00, 0x00, 0x00, 0x00, 0x00, 0x00, 0x00, 0x00, 0x00, 0x00, 0x00, 0x00, 0x00, 0x00, 0x00,
  0x00, 0x00, 0x00, 0x00, 0x00, 0x00, 0x00, 0x00, 0x00, 0x00, 0x00, 0x00, 0x00, 0x00, 0x00, 0x00,
  0x00, 0x00, 0x00, 0x00, 0x00, 0x00, 0x00, 0x00, 0x00, 0x00, 0x00, 0x00, 0x00, 0x00, 0x00, 0x00,
  0x00, 0x00, 0x00, 0x00, 0x00, 0x00, 0x00, 0x00, 0x00, 0x00, 0x00, 0x00, 0x00, 0x00, 0x00, 0x00,
  0x00, 0x00, 0x00, 0x00, 0x00, 0x00, 0x00, 0x06, 0x33, 0x78, 0x11, 0x4a, 0x54, 0xbc, 0x1a, 0xbf,
  0x5f, 0xd8, 0x1e, 0xfc, 0x60, 0xd9, 0x1e, 0xff, 0x60, 0xd7, 0x1e, 0xfb, 0x60, 0xd7, 0x1e, 0xfb,
  0x5f, 0xd5, 0x1e, 0xfe, 0x5f, 0xd6, 0x1e, 0xfe, 0x60, 0xd6, 0x1e, 0xfe, 0x60, 0xd6, 0x1e, 0xfe,
  0x60, 0xd6, 0x1e, 0xfe, 0x60, 0xd7, 0x1e, 0xff, 0x60, 0xd7, 0x1e, 0xff, 0x60, 0xd7, 0x1e, 0xff,
  0x60, 0xd7, 0x1e, 0xff, 0x60, 0xd7, 0x1e, 0xff, 0x60, 0xd7, 0x1e, 0xff, 0x60, 0xd6, 0x1e, 0xfe,
  0x60, 0xd6, 0x1e, 0xfe, 0x60, 0xd6, 0x1e, 0xfe, 0x60, 0xd6, 0x1e, 0xfe, 0x5f, 0xd5, 0x1e, 0xfe,
  0x60, 0xd7, 0x1e, 0xfb, 0x60, 0xd6, 0x1d, 0xfc, 0x60, 0xd8, 0x1f, 0xff, 0x5f, 0xd7, 0x1d, 0xfa,
  0x52, 0xbb, 0x19, 0xbd, 0x32, 0x72, 0x0e, 0x47, 0x00, 0x00, 0x00, 0x05, 0x00, 0x01, 0x00, 0x00,
  0x00, 0x00, 0x00, 0x00, 0x00, 0x00, 0x00, 0x00, 0x00, 0x00, 0x00, 0x00, 0x00, 0x00, 0x00, 0x00,
  0x00, 0x00, 0x00, 0x00, 0x00, 0x00, 0x00, 0x00, 0x00, 0x00, 0x00, 0x00, 0x00, 0x00, 0x00, 0x00,
  0x00, 0x00, 0x00, 0x00, 0x00, 0x00, 0x00, 0x00, 0x00, 0x00, 0x00, 0x00, 0x00, 0x00, 0x00, 0x00,
  0x00, 0x00, 0x00, 0x00, 0x00, 0x00, 0x00, 0x00, 0x00, 0x00, 0x00, 0x00, 0x00, 0x00, 0x00, 0x00,
  0x00, 0x12, 0x00, 0x0e, 0x40, 0x8f, 0x13, 0x67, 0x56, 0xc1, 0x1a, 0xd5, 0x62, 0xdd, 0x20, 0xff,
  0x62, 0xdc, 0x1f, 0xfc, 0x5f, 0xd6, 0x1e, 0xfd, 0x5f, 0xd4, 0x1d, 0xfb, 0x5f, 0xd5, 0x1d, 0xfb,
  0x5f, 0xd5, 0x1e, 0xfd, 0x5f, 0xd5, 0x1e, 0xfe, 0x60, 0xd7, 0x1e, 0xff, 0x60, 0xd7, 0x1e, 0xff,
  0x60, 0xd7, 0x1e, 0xff, 0x60, 0xd7, 0x1e, 0xff, 0x60, 0xd7, 0x1e, 0xff, 0x60, 0xd7, 0x1e, 0xff,
  0x60, 0xd7, 0x1e, 0xff, 0x60, 0xd7, 0x1e, 0xff, 0x60, 0xd7, 0x1e, 0xff, 0x60, 0xd7, 0x1e, 0xff,
  0x60, 0xd7, 0x1e, 0xff, 0x60, 0xd7, 0x1e, 0xff, 0x5f, 0xd5, 0x1e, 0xfe, 0x5f, 0xd5, 0x1e, 0xfd,
  0x5f, 0xd5, 0x1d, 0xfb, 0x5f, 0xd4, 0x1d, 0xfb, 0x5f, 0xd6, 0x1e, 0xfd, 0x61, 0xdb, 0x1e, 0xfd,
  0x63, 0xdf, 0x1f, 0xff, 0x56, 0xc2, 0x1a, 0xd2, 0x3e, 0x8c, 0x14, 0x62, 0x00, 0x00, 0x00, 0x0c,
  0x00, 0x00, 0x00, 0x00, 0x00, 0x00, 0x00, 0x00, 0x00, 0x00, 0x00, 0x00, 0x00, 0x00, 0x00, 0x00,
  0x00, 0x00, 0x00, 0x00, 0x00, 0x00, 0x00, 0x00, 0x00, 0x00, 0x00, 0x00, 0x00, 0x00, 0x00, 0x00,
  0x00, 0x00, 0x00, 0x00, 0x00, 0x00, 0x00, 0x00, 0x00, 0x00, 0x00, 0x00, 0x00, 0x00, 0x00, 0x00,
  0x00, 0x00, 0x00, 0x00, 0x00, 0x00, 0x00, 0x01, 0x00, 0x01, 0x00, 0x00, 0x00, 0x13, 0x00, 0x0d,
  0x42, 0x8d, 0x12, 0x6c, 0x5b, 0xcb, 0x1a, 0xe4, 0x66, 0xe4, 0x20, 0xff, 0x60, 0xd6, 0x1e, 0xfc,
  0x5d, 0xd1, 0x1d, 0xf8, 0x5f, 0xd5, 0x1e, 0xfe, 0x61, 0xd9, 0x1e, 0xff, 0x61, 0xd8, 0x1e, 0xff,
  0x60, 0xd8, 0x1e, 0xff, 0x60, 0xd8, 0x1e, 0xff, 0x60, 0xd8, 0x1e, 0xff, 0x60, 0xd8, 0x1e, 0xff,
  0x60, 0xd8, 0x1e, 0xff, 0x60, 0xd8, 0x1e, 0xff, 0x60, 0xd8, 0x1e, 0xff, 0x60, 0xd8, 0x1e, 0xff,
  0x60, 0xd8, 0x1e, 0xff, 0x60, 0xd8, 0x1e, 0xff, 0x60, 0xd7, 0x1e, 0xff, 0x60, 0xd7, 0x1e, 0xff,
  0x60, 0xd7, 0x1e, 0xff, 0x60, 0xd7, 0x1e, 0xff, 0x60, 0xd7, 0x1e, 0xff, 0x60, 0xd8, 0x1e, 0xff,
  0x60, 0xd8, 0x1e, 0xff, 0x60, 0xd9, 0x1e, 0xff, 0x5f, 0xd6, 0x1e, 0xfd, 0x5e, 0xd1, 0x1d, 0xf8,
  0x60, 0xd7, 0x1f, 0xfc, 0x66, 0xe4, 0x20, 0xff, 0x59, 0xc9, 0x1b, 0xe1, 0x3f, 0x8b, 0x13, 0x68,
  0x00, 0x15, 0x00, 0x0c, 0x00, 0x01, 0x00, 0x00, 0x00, 0x00, 0x00, 0x01, 0x00, 0x00, 0x00, 0x00,
  0x00, 0x00, 0x00, 0x00, 0x00, 0x00, 0x00, 0x00, 0x00, 0x00, 0x00, 0x00, 0x00, 0x00, 0x00, 0x00,
  0x00, 0x00, 0x00, 0x00, 0x00, 0x00, 0x00, 0x00, 0x00, 0x00, 0x00, 0x00, 0x00, 0x00, 0x00, 0x00,
  0x00, 0x00, 0x00, 0x00, 0x00, 0x01, 0x00, 0x00, 0x00, 0x00, 0x00, 0x06, 0x40, 0x8f, 0x13, 0x67,
  0x5b, 0xcd, 0x1b, 0xe4, 0x63, 0xde, 0x1f, 0xff, 0x5e, 0xd5, 0x1e, 0xf7, 0x5e, 0xd4, 0x1e, 0xfa,
  0x60, 0xd6, 0x1e, 0xff, 0x60, 0xd5, 0x1e, 0xfe, 0x5f, 0xd5, 0x1e, 0xfe, 0x5f, 0xd5, 0x1e, 0xfe,
  0x5f, 0xd5, 0x1e, 0xfd, 0x5f, 0xd5, 0x1e, 0xfd, 0x5f, 0xd5, 0x1e, 0xfd, 0x5f, 0xd5, 0x1e, 0xfd,
  0x5f, 0xd5, 0x1e, 0xfd, 0x5f, 0xd5, 0x1e, 0xfd, 0x5f, 0xd5, 0x1e, 0xfd, 0x5f, 0xd5, 0x1e, 0xfd,
  0x5f, 0xd6, 0x1e, 0xfd, 0x5f, 0xd5, 0x1e, 0xfe, 0x5f, 0xd5, 0x1e, 0xfe, 0x60, 0xd6, 0x1e, 0xfe,
  0x60, 0xd6, 0x1e, 0xfe, 0x60, 0xd7, 0x1e, 0xff, 0x60, 0xd7, 0x1e, 0xff, 0x60, 0xd7, 0x1e, 0xff,
  0x60, 0xd7, 0x1e, 0xff, 0x60, 0xd7, 0x1e, 0xff, 0x60, 0xd7, 0x1e, 0xff, 0x60, 0xd7, 0x1e, 0xff,
  0x5e, 0xd3, 0x1e, 0xfa, 0x5e, 0xd5, 0x1e, 0xf7, 0x63, 0xe0, 0x1f, 0xff, 0x5a, 0xcb, 0x1c, 0xe2,
  0x3d, 0x8b, 0x14, 0x63, 0x00, 0x00, 0x00, 0x06, 0x00, 0x01, 0x00, 0x00, 0x00, 0x00, 0x00, 0x00,
  0x00, 0x00, 0x00, 0x00, 0x00, 0x00, 0x00, 0x00, 0x00, 0x00, 0x00, 0x00, 0x00, 0x00, 0x00, 0x00,
  0x00, 0x00, 0x00, 0x00, 0x00, 0x00, 0x00, 0x00, 0x00, 0x00, 0x00, 0x00, 0x00, 0x00, 0x00, 0x00,
  0x00, 0xff, 0x00, 0x01, 0x00, 0x00, 0x00, 0x03, 0x36, 0x77, 0x11, 0x4b, 0x56, 0xc3, 0x1b, 0xd6,
  0x65, 0xe3, 0x20, 0xff, 0x5f, 0xd5, 0x1d, 0xf8, 0x5f, 0xd5, 0x1d, 0xfb, 0x60, 0xd6, 0x1e, 0xff,
  0x60, 0xd7, 0x1e, 0xff, 0x60, 0xd6, 0x1e, 0xfe, 0x60, 0xd6, 0x1e, 0xfc, 0x60, 0xd5, 0x1e, 0xfc,
  0x5f, 0xd6, 0x1e, 0xfb, 0x5f, 0xd6, 0x1d, 0xfb, 0x5f, 0xd5, 0x1d, 0xfb, 0x5f, 0xd5, 0x1d, 0xfb,
  0x5f, 0xd5, 0x1d, 0xfb, 0x5f, 0xd5, 0x1d, 0xfb, 0x5f, 0xd5, 0x1d, 0xfb, 0x5f, 0xd6, 0x1d, 0xfb,
  0x5f, 0xd6, 0x1d, 0xfb, 0x5f, 0xd6, 0x1e, 0xfc, 0x60, 0xd6, 0x1e, 0xfc, 0x5f, 0xd5, 0x1e, 0xfe,
  0x60, 0xd5, 0x1e, 0xfe, 0x60, 0xd7, 0x1e, 0xff, 0x60, 0xd8, 0x1e, 0xff, 0x60, 0xd8, 0x1e, 0xff,
  0x60, 0xd7, 0x1e, 0xff, 0x60, 0xd7, 0x1e, 0xff, 0x60, 0xd7, 0x1e, 0xff, 0x60, 0xd7, 0x1e, 0xff,
  0x60, 0xd5, 0x1e, 0xfe, 0x5f, 0xd5, 0x1e, 0xfb, 0x5e, 0xd5, 0x1d, 0xf8, 0x65, 0xe2, 0x20, 0xff,
  0x57, 0xc2, 0x1a, 0xd2, 0x32, 0x72, 0x11, 0x47, 0x00, 0x00, 0x00, 0x02, 0x00, 0xff, 0x00, 0x01,
  0x00, 0x00, 0x00, 0x00, 0x00, 0x00, 0x00, 0x00, 0x00, 0x00, 0x00, 0x00, 0x00, 0x00, 0x00, 0x00,
  0x00, 0x00, 0x00, 0x00, 0x00, 0x00, 0x00, 0x00, 0x00, 0x00, 0x00, 0x00, 0x00, 0x00, 0x00, 0x00,
  0x00, 0x00, 0x00, 0x00, 0x29, 0x58, 0x0b, 0x2b, 0x54, 0xbb, 0x19, 0xbe, 0x63, 0xdc, 0x1f, 0xff,
  0x60, 0xd7, 0x1e, 0xfb, 0x5d, 0xd2, 0x1d, 0xf7, 0x5e, 0xd3, 0x1d, 0xf8, 0x5c, 0xd3, 0x1b, 0xf7,
  0x5d, 0xd2, 0x1d, 0xf7, 0x5f, 0xd5, 0x1e, 0xf9, 0x60, 0xd7, 0x1e, 0xfe, 0x61, 0xda, 0x1e, 0xff,
  0x62, 0xdc, 0x1f, 0xff, 0x63, 0xde, 0x1f, 0xff, 0x64, 0xe0, 0x1f, 0xff, 0x64, 0xe1, 0x1f, 0xff,
  0x64, 0xe1, 0x1f, 0xff, 0x64, 0xe1, 0x1f, 0xff, 0x64, 0xe0, 0x1f, 0xff, 0x63, 0xdf, 0x1f, 0xff,
  0x63, 0xde, 0x1e, 0xff, 0x62, 0xdc, 0x1e, 0xff, 0x61, 0xd9, 0x1e, 0xff, 0x5f, 0xd5, 0x1e, 0xfd,
  0x5e, 0xd4, 0x1e, 0xf8, 0x5e, 0xd4, 0x1d, 0xf6, 0x5d, 0xd2, 0x1b, 0xf7, 0x5e, 0xd3, 0x1d, 0xf8,
  0x5f, 0xd6, 0x1d, 0xf9, 0x5f, 0xd6, 0x1e, 0xfc, 0x60, 0xd6, 0x1e, 0xff, 0x60, 0xd8, 0x1e, 0xff,
  0x60, 0xd8, 0x1e, 0xff, 0x5f, 0xd5, 0x1e, 0xfe, 0x5e, 0xd2, 0x1e, 0xfb, 0x61, 0xd7, 0x1e, 0xfc,
  0x62, 0xdb, 0x1e, 0xfe, 0x51, 0xb9, 0x18, 0xb8, 0x27, 0x55, 0x06, 0x27, 0x00, 0x00, 0x00, 0x00,
  0x00, 0x00, 0x00, 0x00, 0x00, 0x00, 0x00, 0x00, 0x00, 0x00, 0x00, 0x00, 0x00, 0x00, 0x00, 0x00,
  0x00, 0x00, 0x00, 0x00, 0x00, 0x00, 0x00, 0x00, 0x00, 0x00, 0x00, 0x01, 0x00, 0x00, 0x00, 0x00,
  0x0f, 0x1f, 0x00, 0x10, 0x44, 0x9c, 0x13, 0x82, 0x60, 0xd9, 0x1d, 0xfc, 0x62, 0xdb, 0x1e, 0xfd,
  0x5d, 0xd0, 0x1d, 0xf9, 0x61, 0xda, 0x1e, 0xff, 0x64, 0xdf, 0x20, 0xff, 0x66, 0xe4, 0x20, 0xff,
  0x67, 0xe6, 0x20, 0xff, 0x64, 0xe1, 0x1f, 0xff, 0x5f, 0xd7, 0x1e, 0xff, 0x5d, 0xd2, 0x1d, 0xf6,
  0x5b, 0xcd, 0x1b, 0xeb, 0x59, 0xc9, 0x1c, 0xe3, 0x59, 0xc7, 0x1b, 0xdc, 0x58, 0xc6, 0x1b, 0xd9,
  0x57, 0xc6, 0x1b, 0xd7, 0x57, 0xc6, 0x1b, 0xd7, 0x58, 0xc5, 0x1a, 0xdb, 0x59, 0xc8, 0x1c, 0xdf,
  0x59, 0xca, 0x1b, 0xe6, 0x5d, 0xcf, 0x1c, 0xf0, 0x5e, 0xd3, 0x1d, 0xfc, 0x62, 0xdb, 0x1e, 0xff,
  0x65, 0xe2, 0x1f, 0xff, 0x67, 0xe7, 0x20, 0xff, 0x66, 0xe4, 0x20, 0xff, 0x65, 0xe0, 0x1f, 0xff,
  0x61, 0xda, 0x1e, 0xff, 0x60, 0xd7, 0x1e, 0xfd, 0x5f, 0xd4, 0x1e, 0xfc, 0x5e, 0xd3, 0x1e, 0xfb,
  0x5e, 0xd3, 0x1e, 0xfd, 0x60, 0xd6, 0x1e, 0xff, 0x60, 0xd8, 0x1e, 0xff, 0x5e, 0xd2, 0x1d, 0xf8,
  0x61, 0xdb, 0x1e, 0xfd, 0x5f, 0xd6, 0x1c, 0xfa, 0x45, 0x9a, 0x16, 0x7c, 0x12, 0x24, 0x00, 0x0e,
  0x00, 0x00, 0x00, 0x00, 0x00, 0x00, 0x00, 0x01, 0x00, 0x00, 0x00, 0x00, 0x00, 0x00, 0x00, 0x00,
  0x00, 0x00, 0x00, 0x00, 0x00, 0x00, 0x00, 0x00, 0xff, 0xff, 0x00, 0x01, 0x00, 0x00, 0x00, 0x00,
  0x35, 0x7f, 0x10, 0x4c, 0x57, 0xc6, 0x1a, 0xdd, 0x61, 0xda, 0x1e, 0xfd, 0x60, 0xd7, 0x1e, 0xfc,
  0x5f, 0xd6, 0x1e, 0xfd, 0x60, 0xd7, 0x1e, 0xff, 0x5e, 0xd3, 0x1d, 0xf2, 0x5b, 0xce, 0x1d, 0xe2,
  0x59, 0xc7, 0x1b, 0xd2, 0x53, 0xba, 0x19, 0xbb, 0x4b, 0xad, 0x16, 0x9f, 0x48, 0xa1, 0x16, 0x86,
  0x41, 0x94, 0x14, 0x71, 0x3c, 0x8b, 0x12, 0x61, 0x3b, 0x85, 0x11, 0x56, 0x36, 0x7c, 0x13, 0x50,
  0x38, 0x7a, 0x13, 0x4d, 0x38, 0x7a, 0x13, 0x4d, 0x37, 0x7f, 0x12, 0x52, 0x3d, 0x83, 0x13, 0x5b,
  0x3f, 0x90, 0x13, 0x68, 0x43, 0x9b, 0x12, 0x79, 0x4b, 0xa7, 0x17, 0x8e, 0x4e, 0xb3, 0x18, 0xa8,
  0x55, 0xbd, 0x1a, 0xc3, 0x58, 0xc9, 0x1c, 0xd6, 0x5b, 0xcf, 0x1c, 0xe5, 0x5e, 0xd3, 0x1d, 0xf2,
  0x5f, 0xd5, 0x1e, 0xfc, 0x62, 0xdb, 0x1f, 0xff, 0x61, 0xd9, 0x1e, 0xfc, 0x60, 0xd9, 0x1e, 0xfa,
  0x60, 0xd8, 0x1e, 0xfb, 0x5f, 0xd5, 0x1e, 0xfe, 0x60, 0xd5, 0x1e, 0xfe, 0x5f, 0xd3, 0x1e, 0xfd,
  0x60, 0xd8, 0x1e, 0xfc, 0x61, 0xda, 0x1e, 0xfe, 0x58, 0xc4, 0x1b, 0xd9, 0x37, 0x7a, 0x11, 0x49,
  0x00, 0x00, 0x00, 0x00, 0xff, 0xff, 0x00, 0x01, 0x00, 0x00, 0x00, 0x00, 0x00, 0x00, 0x00, 0x00,
  0x00, 0x00, 0x00, 0x00, 0x00, 0x00, 0x00, 0x01, 0x00, 0x00, 0x00, 0x00, 0x11, 0x11, 0x00, 0x0f,
  0x4b, 0xac, 0x17, 0x98, 0x62, 0xdf, 0x20, 0xfe, 0x60, 0xd6, 0x1e, 0xfc, 0x5e, 0xd4, 0x1e, 0xfe,
  0x5f, 0xd7, 0x1d, 0xfa, 0x54, 0xbd, 0x18, 0xc7, 0x42, 0x95, 0x15, 0x76, 0x36, 0x78, 0x0e, 0x46,
  0x2d, 0x5a, 0x0b, 0x2d, 0x13, 0x3a, 0x09, 0x1a, 0x00, 0x1e, 0x00, 0x11, 0x00, 0x00, 0x00, 0x0b,
  0x00, 0x00, 0x00, 0x06, 0x00, 0x00, 0x00, 0x05, 0x00, 0x00, 0x00, 0x03, 0x00, 0x00, 0x00, 0x03,
  0x00, 0x00, 0x00, 0x02, 0x00, 0x00, 0x00, 0x02, 0x00, 0x00, 0x00, 0x03, 0x00, 0x00, 0x00, 0x04,
  0x00, 0x00, 0x00, 0x05, 0x00, 0x00, 0x00, 0x09, 0x00, 0x00, 0x00, 0x0c, 0x0c, 0x19, 0x00, 0x14,
  0x18, 0x41, 0x08, 0x1f, 0x29, 0x62, 0x0f, 0x31, 0x38, 0x7d, 0x10, 0x4d, 0x40, 0x93, 0x14, 0x72,
  0x4d, 0xac, 0x18, 0xa4, 0x58, 0xc6, 0x1a, 0xd7, 0x60, 0xd7, 0x1e, 0xfd, 0x65, 0xe1, 0x20, 0xff,
  0x63, 0xdd, 0x1f, 0xff, 0x60, 0xd5, 0x1d, 0xfb, 0x60, 0xd3, 0x1d, 0xf7, 0x5e, 0xd4, 0x1e, 0xfd,
  0x5f, 0xd5, 0x1d, 0xfb, 0x5f, 0xd6, 0x1e, 0xfc, 0x63, 0xde, 0x1f, 0xfe, 0x4b, 0xa9, 0x17, 0x95,
  0x00, 0x00, 0x00, 0x0d, 0x00, 0x01, 0x00, 0x00, 0x00, 0x00, 0x00, 0x01, 0x00, 0x00, 0x00, 0x00,
  0x00, 0x00, 0x00, 0x00, 0x00, 0xff, 0x00, 0x01, 0x00, 0x00, 0x00, 0x00, 0x33, 0x6f, 0x0f, 0x40,
  0x57, 0xc4, 0x1b, 0xd4, 0x64, 0xe0, 0x1f, 0xff, 0x60, 0xd8, 0x1e, 0xfd, 0x60, 0xd8, 0x1e, 0xff,
  0x52, 0xb9, 0x19, 0xb4, 0x32, 0x70, 0x0f, 0x42, 0x00, 0x13, 0x00, 0x0d, 0x00, 0x00, 0x00, 0x01,
  0x00, 0x00, 0x00, 0x00, 0x00, 0x00, 0x00, 0x00, 0x00, 0x00, 0x00, 0x00, 0x00, 0x01, 0x00, 0x00,
  0x00, 0x01, 0x00, 0x00, 0x01, 0x01, 0x00, 0x00, 0x01, 0x01, 0x00, 0x00, 0x01, 0x01, 0x00, 0x00,
  0x01, 0x01, 0x00, 0x00, 0x01, 0x01, 0x00, 0x00, 0x01, 0x01, 0x00, 0x00, 0x01, 0x01, 0x00, 0x00,
  0x00, 0x01, 0x00, 0x00, 0x00, 0x01, 0x00, 0x00, 0x00, 0x01, 0x00, 0x00, 0x00, 0x00, 0x00, 0x00,
  0x00, 0x00, 0x00, 0x00, 0x00, 0x00, 0x00, 0x00, 0x00, 0x00, 0x00, 0x02, 0x00, 0x00, 0x00, 0x0c,
  0x1f, 0x47, 0x07, 0x20, 0x35, 0x73, 0x10, 0x3e, 0x43, 0x92, 0x13, 0x6a, 0x4c, 0xad, 0x18, 0x9d,
  0x57, 0xc3, 0x1b, 0xd8, 0x63, 0xdc, 0x1e, 0xff, 0x66, 0xe4, 0x20, 0xff, 0x62, 0xdb, 0x1f, 0xff,
  0x5e, 0xd2, 0x1d, 0xf9, 0x5e, 0xd5, 0x1e, 0xfa, 0x65, 0xe2, 0x20, 0xff, 0x56, 0xc2, 0x1a, 0xd2,
  0x2e, 0x6e, 0x11, 0x3c, 0x00, 0x00, 0x00, 0x00, 0x00, 0xff, 0x00, 0x01, 0x00, 0x00, 0x00, 0x00,
  0x00, 0x00, 0x00, 0x00, 0x00, 0x01, 0x00, 0x00, 0x00, 0x00, 0x00, 0x06, 0x48, 0xa0, 0x16, 0x7f,
  0x5e, 0xd4, 0x1d, 0xfa, 0x5f, 0xd4, 0x1d, 0xfc, 0x61, 0xd9, 0x1e, 0xfe, 0x61, 0xd8, 0x1e, 0xfe,
  0x45, 0x99, 0x16, 0x71, 0x00, 0x00, 0x00, 0x01, 0x01, 0x02, 0x00, 0x00, 0xff, 0xff, 0x00, 0x01,
  0x7f, 0xff, 0x00, 0x02, 0x7f, 0xff, 0x00, 0x02, 0xff, 0xff, 0x00, 0x01, 0xff, 0xff, 0x00, 0x01,
  0x00, 0x01, 0x00, 0x00, 0x00, 0x00, 0x00, 0x01, 0x00, 0x00, 0x00, 0x00, 0x00, 0x00, 0x00, 0x00,
  0x00, 0x00, 0x00, 0x00, 0x00, 0x00, 0x00, 0x00, 0x00, 0x00, 0x00, 0x01, 0x00, 0x00, 0x00, 0x00,
  0x00, 0x00, 0x00, 0x01, 0x00, 0x01, 0x00, 0x00, 0xff, 0xff, 0x00, 0x01, 0xff, 0xff, 0x00, 0x01,
  0x7f, 0xff, 0x00, 0x02, 0x7f, 0xff, 0x00, 0x02, 0xff, 0xff, 0x00, 0x01, 0x00, 0x01, 0x00, 0x00,
  0x00, 0x00, 0x00, 0x00, 0x00, 0x00, 0x00, 0x00, 0x00, 0x00, 0x00, 0x01, 0x13, 0x27, 0x00, 0x1a,
  0x3a, 0x7d, 0x10, 0x4f, 0x4d, 0xaa, 0x17, 0x9a, 0x57, 0xc4, 0x1c, 0xd7, 0x5e, 0xd4, 0x1c, 0xfa,
  0x60, 0xd8, 0x1e, 0xfd, 0x5f, 0xd5, 0x1d, 0xfd, 0x60, 0xd8, 0x1e, 0xfd, 0x5d, 0xd0, 0x1d, 0xf8,
  0x45, 0x9e, 0x17, 0x79, 0x00, 0x00, 0x00, 0x05, 0x00, 0x01, 0x00, 0x00, 0x00, 0x00, 0x00, 0x00,
  0x00, 0x00, 0x00, 0x00, 0x00, 0x00, 0x00, 0x00, 0x15, 0x2a, 0x0a, 0x18, 0x54, 0xbb, 0x18, 0xaf,
  0x67, 0xe7, 0x20, 0xff, 0x5c, 0xd1, 0x1d, 0xf5, 0x61, 0xd9, 0x1e, 0xfc, 0x61, 0xda, 0x1e, 0xff,
  0x44, 0x99, 0x15, 0x78, 0x00, 0x00, 0x00, 0x04, 0x00, 0x01, 0x00, 0x00, 0x00, 0x00, 0x00, 0x00,
  0x00, 0x00, 0x00, 0x00, 0x00, 0x00, 0x00, 0x00, 0x00, 0x00, 0x00, 0x02, 0x00, 0x00, 0x00, 0x09,
  0x0d, 0x0d, 0x00, 0x13, 0x1a, 0x34, 0x08, 0x1d, 0x1c, 0x46, 0x07, 0x24, 0x24, 0x4e, 0x0c, 0x2a,
  0x22, 0x51, 0x0b, 0x2c, 0x23, 0x53, 0x0b, 0x2b, 0x20, 0x4e, 0x0d, 0x27, 0x1e, 0x3d, 0x07, 0x21,
  0x15, 0x2a, 0x00, 0x18, 0x00, 0x00, 0x00, 0x0e, 0x00, 0x00, 0x00, 0x07, 0x00, 0x00, 0x00, 0x00,
  0x00, 0x00, 0x00, 0x00, 0x00, 0x00, 0x00, 0x00, 0x00, 0x00, 0x00, 0x00, 0x00, 0x01, 0x00, 0x00,
  0x7f, 0xff, 0x00, 0x02, 0x7f, 0xff, 0x00, 0x02, 0xff, 0xff, 0x00, 0x01, 0x00, 0x00, 0x00, 0x00,
  0x00, 0x00, 0x00, 0x00, 0x00, 0x00, 0x00, 0x0d, 0x2f, 0x6d, 0x0f, 0x41, 0x50, 0xb1, 0x17, 0xab,
  0x5f, 0xd7, 0x1d, 0xf9, 0x61, 0xd9, 0x1e, 0xff, 0x5e, 0xd2, 0x1d, 0xf8, 0x66, 0xe6, 0x20, 0xff,
  0x52, 0xba, 0x19, 0xab, 0x0b, 0x22, 0x00, 0x16, 0x00, 0x00, 0x00, 0x00, 0x00, 0x00, 0x00, 0x00,
  0x00, 0x00, 0x00, 0x00, 0x00, 0x00, 0x00, 0x06, 0x29, 0x5c, 0x0d, 0x37, 0x57, 0xc6, 0x1b, 0xcc,
  0x68, 0xe9, 0x20, 0xff, 0x5c, 0xd3, 0x1b, 0xf6, 0x61, 0xd7, 0x1e, 0xfc, 0x62, 0xdd, 0x1e, 0xff,
  0x51, 0xbb, 0x1a, 0xc1, 0x37, 0x7f, 0x12, 0x52, 0x1a, 0x3d, 0x08, 0x1d, 0x20, 0x4a, 0x10, 0x1f,
  0x33, 0x70, 0x11, 0x3b, 0x3c, 0x86, 0x11, 0x59, 0x44, 0x99, 0x16, 0x73, 0x49, 0xa5, 0x16, 0x88,
  0x4c, 0xab, 0x19, 0x99, 0x4d, 0xae, 0x18, 0xa5, 0x50, 0xb3, 0x17, 0xac, 0x51, 0xb5, 0x19, 0xb2,
  0x50, 0xb7, 0x19, 0xb5, 0x50, 0xb5, 0x18, 0xb4, 0x50, 0xb3, 0x17, 0xaf, 0x4f, 0xb0, 0x18, 0xa9,
  0x4c, 0xae, 0x18, 0x9f, 0x4c, 0xa8, 0x16, 0x93, 0x47, 0xa2, 0x15, 0x81, 0x42, 0x97, 0x12, 0x6c,
  0x3c, 0x87, 0x12, 0x55, 0x34, 0x72, 0x11, 0x3a, 0x25, 0x4b, 0x0f, 0x22, 0x00, 0x13, 0x00, 0x0d,
  0x00, 0x00, 0x00, 0x00, 0x00, 0x00, 0x00, 0x00, 0x00, 0x00, 0x00, 0x00, 0x00, 0xff, 0x00, 0x01,
  0x00, 0xff, 0x00, 0x01, 0x00, 0x02, 0x00, 0x00, 0x00, 0x00, 0x00, 0x01, 0x2f, 0x5e, 0x0e, 0x36,
  0x50, 0xb3, 0x18, 0xaf, 0x5f, 0xd6, 0x1e, 0xfb, 0x60, 0xd5, 0x1e, 0xfc, 0x67, 0xe8, 0x20, 0xff,
  0x57, 0xc6, 0x1b, 0xcb, 0x27, 0x58, 0x09, 0x34, 0x00, 0x00, 0x00, 0x04, 0x00, 0x00, 0x00, 0x00,
  0x00, 0x00, 0x00, 0x00, 0x24, 0x55, 0x18, 0x15, 0x36, 0x7f, 0x10, 0x5e, 0x5b, 0xcd, 0x1c, 0xdc,
  0x66, 0xe6, 0x21, 0xff, 0x5e, 0xd3, 0x1c, 0xf9, 0x60, 0xd6, 0x1e, 0xfe, 0x61, 0xd8, 0x1e, 0xff,
  0x5f, 0xd8, 0x1e, 0xfd, 0x56, 0xc4, 0x1b, 0xd5, 0x4b, 0xa6, 0x15, 0x99, 0x4d, 0xab, 0x17, 0xa5,
  0x58, 0xc5, 0x1b, 0xd8, 0x60, 0xd8, 0x1e, 0xf2, 0x66, 0xe5, 0x22, 0xff, 0x6b, 0xf3, 0x23, 0xff,
  0x6e, 0xf7, 0x23, 0xff, 0x6d, 0xf5, 0x22, 0xff, 0x6c, 0xf2, 0x22, 0xff, 0x6c, 0xf1, 0x22, 0xff,
  0x6c, 0xf1, 0x21, 0xff, 0x6c, 0xf1, 0x21, 0xff, 0x6c, 0xf2, 0x22, 0xff, 0x6d, 0xf4, 0x22, 0xff,
  0x6d, 0xf7, 0x23, 0xff, 0x6d, 0xf5, 0x22, 0xff, 0x68, 0xeb, 0x20, 0xff, 0x61, 0xdc, 0x1f, 0xfd,
  0x5d, 0xd2, 0x1c, 0xee, 0x55, 0xc1, 0x1a, 0xd0, 0x4a, 0xab, 0x17, 0xa1, 0x3f, 0x90, 0x12, 0x71,
  0x31, 0x6e, 0x0f, 0x43, 0x1f, 0x47, 0x07, 0x20, 0x00, 0x00, 0x00, 0x0a, 0x00, 0x00, 0x00, 0x00,
  0x00, 0x01, 0x00, 0x00, 0x55, 0x55, 0x00, 0x03, 0xff, 0xff, 0x00, 0x01, 0x00, 0x00, 0x00, 0x08,
  0x41, 0x94, 0x15, 0x78, 0x5e, 0xd2, 0x1d, 0xf6, 0x61, 0xdb, 0x1e, 0xff, 0x66, 0xe3, 0x20, 0xff,
  0x5b, 0xce, 0x1c, 0xdc, 0x36, 0x78, 0x0e, 0x59, 0x1c, 0x46, 0x00, 0x12, 0x00, 0x00, 0x00, 0x00,
  0x00, 0x00, 0x00, 0x00, 0x33, 0x79, 0x13, 0x28, 0x41, 0x94, 0x15, 0x84, 0x5c, 0xd1, 0x1c, 0xe5,
  0x65, 0xe2, 0x20, 0xff, 0x5e, 0xd4, 0x1d, 0xfa, 0x60, 0xd6, 0x1e, 0xfe, 0x60, 0xd7, 0x1e, 0xff,
  0x60, 0xd7, 0x1e, 0xfe, 0x61, 0xd9, 0x1e, 0xff, 0x61, 0xd8, 0x1e, 0xfc, 0x61, 0xdb, 0x1e, 0xff,
  0x62, 0xdb, 0x1e, 0xff, 0x61, 0xd6, 0x1d, 0xf7, 0x5f, 0xd4, 0x1e, 0xeb, 0x5d, 0xd2, 0x1d, 0xde,
  0x5a, 0xcc, 0x1c, 0xd1, 0x58, 0xc7, 0x1b, 0xc6, 0x57, 0xc1, 0x1a, 0xbe, 0x55, 0xbf, 0x1b, 0xb9,
  0x55, 0xbf, 0x1a, 0xb9, 0x55, 0xbe, 0x19, 0xbb, 0x55, 0xc2, 0x1a, 0xc1, 0x58, 0xc7, 0x1d, 0xca,
  0x5a, 0xcc, 0x1c, 0xd6, 0x5c, 0xd1, 0x1d, 0xe2, 0x5f, 0xd5, 0x1e, 0xec, 0x5f, 0xd7, 0x1d, 0xf5,
  0x61, 0xda, 0x1e, 0xff, 0x64, 0xdf, 0x1f, 0xff, 0x60, 0xda, 0x1d, 0xfd, 0x60, 0xd7, 0x1e, 0xf4,
  0x5d, 0xcf, 0x1c, 0xe9, 0x55, 0xbd, 0x19, 0xc0, 0x42, 0x96, 0x15, 0x77, 0x22, 0x55, 0x11, 0x2d,
  0x00, 0x00, 0x00, 0x08, 0x00, 0x00, 0x00, 0x00, 0x00, 0x00, 0x00, 0x00, 0x14, 0x33, 0x00, 0x19,
  0x4a, 0xa4, 0x16, 0x93, 0x5d, 0xd4, 0x1d, 0xfa, 0x61, 0xd9, 0x1e, 0xff, 0x64, 0xe0, 0x20, 0xff,
  0x5d, 0xd0, 0x1c, 0xe5, 0x40, 0x90, 0x14, 0x7f, 0x31, 0x71, 0x15, 0x24, 0x00, 0x00, 0x00, 0x00,
  0x00, 0x00, 0x00, 0x00, 0x43, 0x8f, 0x11, 0x39, 0x49, 0xa3, 0x17, 0xa4, 0x5d, 0xd3, 0x1d, 0xeb,
  0x64, 0xe0, 0x1f, 0xff, 0x5e, 0xd4, 0x1e, 0xfc, 0x60, 0xd7, 0x1e, 0xff, 0x60, 0xd7, 0x1e, 0xff,
  0x5f, 0xd5, 0x1e, 0xff, 0x60, 0xd8, 0x1e, 0xfe, 0x62, 0xdd, 0x1e, 0xfb, 0x5b, 0xcb, 0x1c, 0xe0,
  0x4e, 0xb0, 0x17, 0xa5, 0x41, 0x93, 0x15, 0x79, 0x39, 0x82, 0x11, 0x58, 0x33, 0x71, 0x0f, 0x41,
  0x28, 0x60, 0x0f, 0x32, 0x20, 0x55, 0x06, 0x27, 0x1e, 0x45, 0x07, 0x21, 0x19, 0x3b, 0x08, 0x1e,
  0x1a, 0x3d, 0x08, 0x1d, 0x18, 0x41, 0x08, 0x1f, 0x1d, 0x48, 0x07, 0x23, 0x29, 0x53, 0x0b, 0x2b,
  0x2e, 0x66, 0x0d, 0x37, 0x34, 0x76, 0x11, 0x49, 0x3f, 0x88, 0x12, 0x61, 0x46, 0x9b, 0x15, 0x83,
  0x4e, 0xb2, 0x17, 0xad, 0x5a, 0xca, 0x1b, 0xdf, 0x62, 0xdb, 0x1d, 0xf9, 0x67, 0xe6, 0x20, 0xff,
  0x68, 0xe9, 0x21, 0xff, 0x63, 0xdd, 0x1f, 0xff, 0x5a, 0xca, 0x1c, 0xe7, 0x53, 0xbd, 0x1a, 0xbe,
  0x45, 0x9e, 0x16, 0x7c, 0x35, 0x73, 0x10, 0x3e, 0x2b, 0x60, 0x0e, 0x35, 0x44, 0x99, 0x12, 0x7b,
  0x59, 0xc9, 0x1b, 0xdf, 0x60, 0xd7, 0x1e, 0xff, 0x5f, 0xd3, 0x1e, 0xfd, 0x64, 0xdf, 0x1f, 0xff,
  0x5d, 0xd3, 0x1d, 0xea, 0x47, 0xa2, 0x15, 0x9d, 0x3e, 0x8b, 0x13, 0x35, 0x00, 0x00, 0x00, 0x00,
  0x00, 0x00, 0x00, 0x00, 0x49, 0xa2, 0x12, 0x45, 0x4d, 0xaf, 0x18, 0xb9, 0x5e, 0xd4, 0x1e, 0xee,
  0x64, 0xde, 0x1f, 0xff, 0x5e, 0xd4, 0x1e, 0xfd, 0x60, 0xd6, 0x1e, 0xfe, 0x5f, 0xd5, 0x1e, 0xfe,
  0x63, 0xdc, 0x1f, 0xff, 0x5c, 0xce, 0x1d, 0xed, 0x4a, 0xa5, 0x17, 0x97, 0x34, 0x74, 0x0f, 0x44,
  0x20, 0x4a, 0x08, 0x1f, 0x00, 0x12, 0x00, 0x0e, 0x00, 0x00, 0x00, 0x04, 0x00, 0x00, 0x00, 0x00,
  0x00, 0x00, 0x00, 0x00, 0x00, 0x00, 0x00, 0x00, 0x00, 0x00, 0x00, 0x00, 0x00, 0x00, 0x00, 0x00,
  0x00, 0x00, 0x00, 0x00, 0x00, 0x00, 0x00, 0x00, 0x00, 0x00, 0x00, 0x00, 0x00, 0x00, 0x00, 0x00,
  0x00, 0x00, 0x00, 0x00, 0x00, 0x00, 0x00, 0x00, 0x00, 0x00, 0x00, 0x07, 0x0d, 0x1a, 0x00, 0x13,
  0x20, 0x55, 0x06, 0x27, 0x35, 0x79, 0x13, 0x43, 0x42, 0x93, 0x15, 0x6b, 0x4a, 0xa8, 0x15, 0x97,
  0x53, 0xbb, 0x1a, 0xc9, 0x5e, 0xd3, 0x1d, 0xf9, 0x6a, 0xed, 0x21, 0xff, 0x6a, 0xef, 0x21, 0xff,
  0x5d, 0xd2, 0x1d, 0xf7, 0x54, 0xbc, 0x19, 0xc8, 0x52, 0xbb, 0x18, 0xc3, 0x5b, 0xcc, 0x1c, 0xea,
  0x63, 0xdf, 0x1f, 0xff, 0x61, 0xd8, 0x1e, 0xff, 0x5e, 0xd4, 0x1e, 0xfb, 0x64, 0xdf, 0x1f, 0xff,
  0x5e, 0xd2, 0x1e, 0xed, 0x4b, 0xab, 0x16, 0xb2, 0x45, 0x9a, 0x17, 0x42, 0x00, 0x00, 0x00, 0x00,
  0x00, 0x00, 0x00, 0x00, 0x49, 0xa7, 0x17, 0x4c, 0x50, 0xb6, 0x17, 0xc5, 0x5e, 0xd4, 0x1c, 0xef,
  0x63, 0xdd, 0x1f, 0xff, 0x5e, 0xd4, 0x1e, 0xfe, 0x5f, 0xd5, 0x1e, 0xfd, 0x5e, 0xd5, 0x1d, 0xfa,
  0x67, 0xe6, 0x20, 0xff, 0x57, 0xc1, 0x1a, 0xd0, 0x29, 0x53, 0x0f, 0x31, 0x00, 0x00, 0x00, 0x00,
  0x00, 0x01, 0x00, 0x00, 0x01, 0x02, 0x00, 0x00, 0x01, 0x02, 0x00, 0x00, 0x01, 0x02, 0x00, 0x00,
  0x00, 0x01, 0x00, 0x00, 0x00, 0x00, 0x00, 0x00, 0x00, 0x00, 0x00, 0x01, 0x00, 0x00, 0x00, 0x00,
  0x00, 0x00, 0x00, 0x00, 0x00, 0x00, 0x00, 0x01, 0x00, 0x00, 0x00, 0x01, 0x00, 0xff, 0x00, 0x01,
  0x01, 0x01, 0x00, 0x00, 0x01, 0x02, 0x00, 0x00, 0xff, 0xff, 0x00, 0x01, 0x00, 0x01, 0x00, 0x00,
  0x00, 0x00, 0x00, 0x00, 0x00, 0x00, 0x00, 0x00, 0x00, 0x00, 0x00, 0x01, 0x17, 0x22, 0x00, 0x16,
  0x35, 0x7a, 0x11, 0x47, 0x4b, 0xa6, 0x16, 0x8b, 0x56, 0xc2, 0x1b, 0xc6, 0x5d, 0xd2, 0x1d, 0xeb,
  0x62, 0xda, 0x1f, 0xff, 0x62, 0xdc, 0x1f, 0xff, 0x61, 0xdc, 0x1f, 0xff, 0x62, 0xd9, 0x1e, 0xff,
  0x5f, 0xd5, 0x1e, 0xfd, 0x60, 0xd6, 0x1e, 0xfe, 0x5e, 0xd5, 0x1e, 0xfc, 0x63, 0xde, 0x1f, 0xff,
  0x5e, 0xd3, 0x1e, 0xee, 0x4e, 0xb0, 0x16, 0xbd, 0x47, 0xa5, 0x15, 0x47, 0x00, 0x00, 0x00, 0x00,
  0x00, 0x00, 0x00, 0x00, 0x4a, 0xaa, 0x17, 0x4b, 0x50, 0xb5, 0x17, 0xc5, 0x5e, 0xd4, 0x1c, 0xef,
  0x63, 0xdd, 0x1f, 0xff, 0x5e, 0xd4, 0x1e, 0xfe, 0x5f, 0xd5, 0x1e, 0xfd, 0x5e, 0xd5, 0x1d, 0xfa,
  0x67, 0xe7, 0x20, 0xff, 0x55, 0xc1, 0x1a, 0xca, 0x20, 0x41, 0x0d, 0x27, 0x00, 0x00, 0x00, 0x00,
  0x00, 0x00, 0x00, 0x00, 0x00, 0x00, 0x00, 0x00, 0x00, 0x00, 0x00, 0x01, 0x00, 0x00, 0x00, 0x0b,
  0x17, 0x22, 0x0b, 0x16, 0x1e, 0x4b, 0x0f, 0x22, 0x28, 0x56, 0x0b, 0x2c, 0x2d, 0x60, 0x0f, 0x32,
  0x2d, 0x64, 0x0f, 0x33, 0x2a, 0x5a, 0x0a, 0x30, 0x20, 0x55, 0x0d, 0x27, 0x1a, 0x34, 0x08, 0x1d,
  0x00, 0x0f, 0x00, 0x11, 0x00, 0x00, 0x00, 0x06, 0x00, 0x00, 0x00, 0x00, 0x00, 0x00, 0x00, 0x00,
  0x00, 0x00, 0x00, 0x00, 0x00, 0x01, 0x00, 0x00, 0xff, 0xff, 0x00, 0x01, 0x00, 0x01, 0x00, 0x00,
  0x00, 0x00, 0x00, 0x01, 0x00, 0x00, 0x00, 0x0a, 0x25, 0x56, 0x0a, 0x2f, 0x45, 0x9c, 0x15, 0x84,
  0x59, 0xc9, 0x1b, 0xde, 0x61, 0xdb, 0x1f, 0xfc, 0x61, 0xda, 0x1d, 0xfb, 0x5f, 0xd6, 0x1e, 0xfd,
  0x60, 0xd7, 0x1e, 0xff, 0x60, 0xd7, 0x1e, 0xff, 0x5e, 0xd4, 0x1e, 0xfc, 0x63, 0xde, 0x1f, 0xff,
  0x5e, 0xd3, 0x1e, 0xee, 0x4e, 0xb0, 0x16, 0xbd, 0x47, 0xa5, 0x15, 0x47, 0x00, 0x00, 0x00, 0x00,
  0x00, 0x00, 0x00, 0x00, 0x49, 0xa2, 0x16, 0x45, 0x4e, 0xb0, 0x18, 0xb9, 0x5e, 0xd4, 0x1e, 0xee,
  0x64, 0xde, 0x1f, 0xff, 0x5e, 0xd5, 0x1e, 0xfd, 0x5f, 0xd6, 0x1e, 0xfd, 0x5f, 0xd4, 0x1e, 0xfd,
  0x63, 0xdf, 0x1e, 0xff, 0x5d, 0xcd, 0x1c, 0xe6, 0x46, 0x9e, 0x13, 0x82, 0x32, 0x6d, 0x0d, 0x38,
  0x2b, 0x61, 0x10, 0x2f, 0x3a, 0x7f, 0x13, 0x4e, 0x42, 0x97, 0x14, 0x6f, 0x49, 0xa3, 0x16, 0x88,
  0x4d, 0xab, 0x18, 0x9b, 0x4e, 0xb0, 0x18, 0xa9, 0x50, 0xb4, 0x18, 0xb2, 0x50, 0xb5, 0x17, 0xb8,
  0x51, 0xb5, 0x18, 0xb9, 0x50, 0xb3, 0x19, 0xb7, 0x50, 0xb1, 0x18, 0xae, 0x4c, 0xaf, 0x17, 0xa3,
  0x48, 0xa8, 0x16, 0x93, 0x44, 0x9d, 0x16, 0x7e, 0x3f, 0x91, 0x11, 0x64, 0x35, 0x7a, 0x11, 0x47,
  0x23, 0x5e, 0x0b, 0x2b, 0x0f, 0x1f, 0x0f, 0x10, 0x00, 0x00, 0x00, 0x01, 0x00, 0x00, 0x00, 0x00,
  0x01, 0x01, 0x00, 0x00, 0x00, 0x01, 0x00, 0x00, 0x00, 0x00, 0x00, 0x00, 0x0f, 0x2d, 0x00, 0x11,
  0x3d, 0x86, 0x13, 0x5b, 0x54, 0xc0, 0x19, 0xd0, 0x5f, 0xd5, 0x1d, 0xfb, 0x5f, 0xd5, 0x1e, 0xfd,
  0x60, 0xd6, 0x1e, 0xff, 0x60, 0xd6, 0x1e, 0xff, 0x5f, 0xd4, 0x1e, 0xfc, 0x63, 0xdf, 0x1f, 0xff,
  0x5e, 0xd2, 0x1e, 0xed, 0x4b, 0xab, 0x16, 0xb2, 0x46, 0x9c, 0x17, 0x41, 0x00, 0x00, 0x00, 0x00,
  0x00, 0x00, 0x00, 0x00, 0x43, 0x8f, 0x11, 0x39, 0x49, 0xa4, 0x17, 0xa4, 0x5d, 0xd3, 0x1d, 0xeb,
  0x64, 0xe0, 0x1f, 0xff, 0x5e, 0xd4, 0x1e, 0xfc, 0x60, 0xd6, 0x1e, 0xff, 0x60, 0xd6, 0x1e, 0xff,
  0x60, 0xd7, 0x1e, 0xff, 0x61, 0xd8, 0x1f, 0xff, 0x5e, 0xd2, 0x1c, 0xf3, 0x55, 0xbd, 0x1a, 0xcb,
  0x55, 0xbd, 0x19, 0xc6, 0x5e, 0xd0, 0x1c, 0xee, 0x64, 0xdf, 0x1f, 0xfb, 0x68, 0xe8, 0x21, 0xff,
  0x6a, 0xed, 0x21, 0xff, 0x6a, 0xed, 0x21, 0xff, 0x69, 0xed, 0x20, 0xff, 0x69, 0xed, 0x20, 0xff,
  0x69, 0xec, 0x21, 0xff, 0x69, 0xec, 0x20, 0xff, 0x6a, 0xed, 0x20, 0xff, 0x6a, 0xef, 0x21, 0xff,
  0x69, 0xec, 0x21, 0xff, 0x65, 0xe4, 0x20, 0xff, 0x62, 0xdc, 0x1d, 0xf7, 0x5b, 0xcc, 0x1c, 0xe7,
  0x50, 0xb5, 0x17, 0xb7, 0x43, 0x98, 0x16, 0x7c, 0x34, 0x73, 0x11, 0x49, 0x20, 0x41, 0x08, 0x1f,
  0x00, 0x00, 0x00, 0x08, 0x00, 0x00, 0x00, 0x00, 0x7f, 0xff, 0x00, 0x02, 0x01, 0x01, 0x00, 0x00,
  0x0e, 0x1c, 0x00, 0x12, 0x4c, 0xac, 0x17, 0xa3, 0x5f, 0xd6, 0x1e, 0xff, 0x61, 0xd9, 0x1e, 0xff,
  0x5f, 0xd5, 0x1e, 0xfd, 0x5f, 0xd5, 0x1e, 0xfe, 0x5e, 0xd4, 0x1e, 0xfc, 0x65, 0xe0, 0x1f, 0xff,
  0x5d, 0xd3, 0x1d, 0xea, 0x47, 0xa3, 0x15, 0x9c, 0x3e, 0x8b, 0x13, 0x35, 0x00, 0x00, 0x00, 0x00,
  0x00, 0x00, 0x00, 0x00, 0x34, 0x75, 0x0d, 0x27, 0x3f, 0x92, 0x15, 0x84, 0x5c, 0xd1, 0x1c, 0xe5,
  0x65, 0xe3, 0x20, 0xff, 0x5e, 0xd4, 0x1d, 0xfa, 0x60, 0xd6, 0x1e, 0xfe, 0x60, 0xd7, 0x1e, 0xff,
  0x60, 0xd7, 0x1e, 0xff, 0x60, 0xd7, 0x1e, 0xff, 0x61, 0xda, 0x1e, 0xff, 0x62, 0xdd, 0x1f, 0xff,
  0x64, 0xe0, 0x1f, 0xff, 0x62, 0xdb, 0x1f, 0xff, 0x61, 0xd9, 0x1e, 0xf8, 0x60, 0xd9, 0x1e, 0xf3,
  0x5f, 0xd6, 0x1e, 0xed, 0x5d, 0xd3, 0x1c, 0xe9, 0x5d, 0xd0, 0x1c, 0xe6, 0x5a, 0xcd, 0x1b, 0xe4,
  0x5b, 0xcc, 0x1d, 0xe0, 0x5b, 0xcd, 0x1d, 0xe2, 0x5d, 0xd0, 0x1c, 0xe6, 0x5d, 0xd3, 0x1d, 0xe9,
  0x60, 0xd6, 0x1e, 0xee, 0x60, 0xd9, 0x1e, 0xf4, 0x61, 0xda, 0x1e, 0xfb, 0x64, 0xde, 0x1f, 0xff,
  0x62, 0xda, 0x1e, 0xff, 0x5f, 0xd8, 0x1e, 0xf2, 0x5d, 0xd0, 0x1d, 0xe2, 0x54, 0xbb, 0x1a, 0xb8,
  0x40, 0x8d, 0x13, 0x6a, 0x17, 0x3f, 0x07, 0x20, 0x00, 0x00, 0x00, 0x02, 0x00, 0x00, 0x00, 0x00,
  0x18, 0x41, 0x00, 0x1f, 0x4f, 0xb2, 0x19, 0xab, 0x5f, 0xd6, 0x1e, 0xff, 0x61, 0xd8, 0x1e, 0xfe,
  0x5f, 0xd5, 0x1e, 0xfe, 0x5f, 0xd5, 0x1e, 0xfe, 0x5e, 0xd4, 0x1d, 0xfa, 0x66, 0xe3, 0x20, 0xff,
  0x5d, 0xd0, 0x1c, 0xe5, 0x40, 0x8f, 0x14, 0x7e, 0x2a, 0x71, 0x15, 0x24, 0x00, 0x00, 0x00, 0x00,
  0x00, 0x00, 0x00, 0x00, 0x26, 0x4c, 0x19, 0x14, 0x37, 0x7c, 0x10, 0x5c, 0x5b, 0xcd, 0x1c, 0xdc,
  0x66, 0xe7, 0x21, 0xff, 0x5d, 0xd3, 0x1d, 0xf8, 0x60, 0xd6, 0x1e, 0xfe, 0x60, 0xd8, 0x1e, 0xff,
  0x5f, 0xd5, 0x1e, 0xfd, 0x60, 0xd6, 0x1e, 0xff, 0x61, 0xd9, 0x1e, 0xff, 0x5f, 0xd5, 0x1d, 0xf4,
  0x58, 0xc4, 0x1b, 0xd6, 0x4c, 0xac, 0x17, 0xa4, 0x43, 0x99, 0x15, 0x80, 0x3b, 0x8a, 0x13, 0x67,
  0x37, 0x7c, 0x12, 0x52, 0x31, 0x6e, 0x0f, 0x43, 0x2b, 0x65, 0x0d, 0x3a, 0x2b, 0x60, 0x0e, 0x35,
  0x29, 0x5d, 0x0a, 0x31, 0x28, 0x5f, 0x0a, 0x33, 0x2d, 0x64, 0x0d, 0x38, 0x31, 0x6e, 0x13, 0x43,
  0x39, 0x7e, 0x12, 0x55, 0x3f, 0x8d, 0x12, 0x6c, 0x47, 0xa1, 0x15, 0x8e, 0x51, 0xb7, 0x19, 0xbe,
  0x5c, 0xd0, 0x1c, 0xea, 0x65, 0xe4, 0x1f, 0xff, 0x6b, 0xf2, 0x22, 0xff, 0x66, 0xe4, 0x20, 0xff,
  0x5a, 0xc8, 0x1c, 0xe7, 0x4f, 0xb1, 0x18, 0xaa, 0x43, 0x92, 0x15, 0x6a, 0x3b, 0x84, 0x0f, 0x51,
  0x47, 0xa2, 0x16, 0x87, 0x5a, 0xcc, 0x1c, 0xe5, 0x61, 0xda, 0x1f, 0xff, 0x5f, 0xd5, 0x1e, 0xfd,
  0x5f, 0xd8, 0x1e, 0xff, 0x60, 0xd6, 0x1e, 0xfe, 0x5d, 0xd3, 0x1d, 0xf8, 0x68, 0xe8, 0x21, 0xff,
  0x5b, 0xcc, 0x1d, 0xda, 0x34, 0x7b, 0x0e, 0x57, 0x2a, 0x55, 0x00, 0x12, 0x00, 0x00, 0x00, 0x00,
  0x00, 0x00, 0x00, 0x00, 0x00, 0x00, 0x00, 0x05, 0x25, 0x5e, 0x0e, 0x36, 0x57, 0xc6, 0x1b, 0xcc,
  0x68, 0xe9, 0x20, 0xff, 0x5e, 0xd2, 0x1d, 0xf9, 0x60, 0xd6, 0x1e, 0xfe, 0x60, 0xd7, 0x1e, 0xff,
  0x60, 0xd5, 0x1e, 0xfe, 0x61, 0xda, 0x1e, 0xff, 0x5a, 0xcc, 0x1b, 0xe6, 0x47, 0x9f, 0x16, 0x7d,
  0x2c, 0x6b, 0x0e, 0x34, 0x22, 0x4c, 0x08, 0x1e, 0x00, 0x22, 0x00, 0x0f, 0x00, 0x00, 0x00, 0x07,
  0x00, 0x00, 0x00, 0x01, 0x00, 0x00, 0x00, 0x00, 0x00, 0x00, 0x00, 0x00, 0x00, 0x00, 0x00, 0x00,
  0x00, 0x00, 0x00, 0x00, 0x00, 0x00, 0x00, 0x00, 0x00, 0x00, 0x00, 0x00, 0x00, 0x00, 0x00, 0x00,
  0x00, 0x00, 0x00, 0x01, 0x00, 0x00, 0x00, 0x08, 0x19, 0x3f, 0x00, 0x14, 0x2a, 0x61, 0x0c, 0x2a,
  0x3a, 0x82, 0x10, 0x4e, 0x46, 0x9e, 0x14, 0x7f, 0x50, 0xb3, 0x18, 0xb2, 0x5b, 0xca, 0x1b, 0xea,
  0x69, 0xea, 0x21, 0xff, 0x68, 0xe8, 0x20, 0xff, 0x5c, 0xd0, 0x1c, 0xf2, 0x5a, 0xca, 0x1b, 0xe7,
  0x5d, 0xd2, 0x1e, 0xf6, 0x62, 0xde, 0x1f, 0xff, 0x60, 0xd9, 0x1e, 0xff, 0x5f, 0xd4, 0x1e, 0xfe,
  0x60, 0xd8, 0x1e, 0xff, 0x60, 0xd6, 0x1e, 0xfe, 0x5f, 0xd2, 0x1d, 0xf9, 0x68, 0xea, 0x20, 0xff,
  0x57, 0xc8, 0x1c, 0xc8, 0x23, 0x56, 0x0a, 0x32, 0x00, 0x00, 0x00, 0x04, 0x00, 0x00, 0x00, 0x00,
  0x00, 0x00, 0x00, 0x00, 0x00, 0x00, 0x00, 0x00, 0x0a, 0x2a, 0x0a, 0x18, 0x54, 0xba, 0x1a, 0xb0,
  0x67, 0xe6, 0x1f, 0xff, 0x5e, 0xd4, 0x1e, 0xfa, 0x5f, 0xd5, 0x1e, 0xfe, 0x5f, 0xd5, 0x1e, 0xfe,
  0x5f, 0xd5, 0x1e, 0xfe, 0x63, 0xdd, 0x1f, 0xff, 0x54, 0xbe, 0x19, 0xc7, 0x21, 0x50, 0x06, 0x26,
  0x00, 0x00, 0x00, 0x00, 0x00, 0x00, 0x00, 0x00, 0x00, 0x00, 0x00, 0x00, 0x00, 0x00, 0x00, 0x00,
  0x00, 0x00, 0x00, 0x00, 0x00, 0x00, 0x00, 0x00, 0x00, 0x00, 0x00, 0x03, 0x00, 0x00, 0x00, 0x05,
  0x00, 0x00, 0x00, 0x05, 0x00, 0x00, 0x00, 0x04, 0x00, 0x00, 0x00, 0x03, 0x00, 0x00, 0x00, 0x00,
  0x00, 0x00, 0x00, 0x00, 0x00, 0x00, 0x00, 0x00, 0x00, 0x00, 0x00, 0x00, 0x00, 0x00, 0x00, 0x00,
  0x00, 0x00, 0x00, 0x00, 0x00, 0x00, 0x00, 0x06, 0x28, 0x50, 0x0d, 0x26, 0x40, 0x92, 0x13, 0x6a,
  0x52, 0xb8, 0x18, 0xb9, 0x5c, 0xd0, 0x1c, 0xeb, 0x61, 0xd9, 0x1f, 0xff, 0x63, 0xdb, 0x1f, 0xff,
  0x61, 0xd9, 0x1e, 0xff, 0x60, 0xd6, 0x1e, 0xfe, 0x60, 0xd7, 0x1e, 0xff, 0x60, 0xd7, 0x1e, 0xff,
  0x60, 0xd5, 0x1e, 0xfe, 0x5f, 0xd6, 0x1e, 0xfe, 0x5e, 0xd3, 0x1e, 0xfb, 0x66, 0xe6, 0x1f, 0xff,
  0x53, 0xb9, 0x19, 0xac, 0x0b, 0x22, 0x00, 0x16, 0x00, 0x00, 0x00, 0x00, 0x00, 0x00, 0x00, 0x00,
  0x00, 0x00, 0x00, 0x00, 0x00, 0x01, 0x00, 0x00, 0x00, 0x00, 0x00, 0x06, 0x46, 0xa1, 0x12, 0x7e,
  0x5e, 0xd3, 0x1c, 0xfa, 0x60, 0xd7, 0x1e, 0xfd, 0x5f, 0xd5, 0x1e, 0xfe, 0x5f, 0xd5, 0x1e, 0xfe,
  0x5f, 0xd5, 0x1e, 0xfc, 0x63, 0xde, 0x1f, 0xff, 0x57, 0xc5, 0x1a, 0xda, 0x34, 0x74, 0x0f, 0x44,
  0x00, 0x00, 0x00, 0x0a, 0x0f, 0x1e, 0x00, 0x11, 0x23, 0x55, 0x07, 0x24, 0x32, 0x70, 0x10, 0x3d,
  0x3b, 0x85, 0x12, 0x52, 0x41, 0x94, 0x14, 0x65, 0x44, 0x9c, 0x15, 0x74, 0x47, 0xa0, 0x16, 0x7c,
  0x48, 0xa3, 0x16, 0x7e, 0x47, 0xa1, 0x14, 0x7d, 0x45, 0x9c, 0x15, 0x75, 0x3f, 0x92, 0x14, 0x65,
  0x3a, 0x81, 0x13, 0x4f, 0x2c, 0x66, 0x09, 0x34, 0x14, 0x33, 0x00, 0x19, 0x00, 0x00, 0x00, 0x06,
  0x00, 0x00, 0x00, 0x00, 0x00, 0x00, 0x00, 0x00, 0x00, 0x00, 0x00, 0x00, 0x00, 0x00, 0x00, 0x04,
  0x20, 0x39, 0x08, 0x1f, 0x40, 0x90, 0x14, 0x6f, 0x57, 0xc8, 0x1b, 0xdd, 0x61, 0xd9, 0x1e, 0xfe,
  0x60, 0xd5, 0x1e, 0xfc, 0x5f, 0xd4, 0x1e, 0xfe, 0x60, 0xd5, 0x1e, 0xfe, 0x60, 0xd8, 0x1e, 0xff,
  0x5e, 0xd5, 0x1e, 0xfd, 0x5f, 0xd6, 0x1e, 0xfd, 0x60, 0xd8, 0x1e, 0xfe, 0x5e, 0xd0, 0x1c, 0xf9,
  0x45, 0x9e, 0x15, 0x79, 0x00, 0x00, 0x00, 0x05, 0x00, 0x01, 0x00, 0x00, 0x00, 0x00, 0x00, 0x00,
  0x00, 0x00, 0x00, 0x00, 0x00, 0xff, 0x00, 0x01, 0x00, 0x00, 0x00, 0x00, 0x30, 0x6d, 0x0c, 0x3f,
  0x56, 0xc2, 0x19, 0xd4, 0x64, 0xe2, 0x20, 0xff, 0x60, 0xd6, 0x1e, 0xfb, 0x5f, 0xd5, 0x1d, 0xfb,
  0x60, 0xd6, 0x1e, 0xfe, 0x61, 0xda, 0x1e, 0xff, 0x5d, 0xd4, 0x1e, 0xf5, 0x50, 0xb8, 0x19, 0xb4,
  0x48, 0xa5, 0x18, 0x89, 0x49, 0xa9, 0x16, 0x95, 0x50, 0xb4, 0x18, 0xb2, 0x55, 0xbe, 0x1a, 0xcc,
  0x58, 0xc6, 0x1a, 0xdf, 0x5c, 0xcd, 0x1c, 0xee, 0x5d, 0xd1, 0x1d, 0xf8, 0x5e, 0xd3, 0x1d, 0xfc,
  0x5f, 0xd4, 0x1d, 0xfc, 0x5f, 0xd4, 0x1d, 0xfc, 0x5d, 0xd0, 0x1d, 0xf9, 0x5a, 0xcc, 0x1c, 0xef,
  0x57, 0xc5, 0x1b, 0xdd, 0x54, 0xbb, 0x18, 0xc2, 0x4e, 0xae, 0x16, 0xa2, 0x45, 0xa0, 0x16, 0x7c,
  0x3a, 0x82, 0x13, 0x4e, 0x1f, 0x47, 0x07, 0x20, 0x00, 0x00, 0x00, 0x04, 0x00, 0x00, 0x00, 0x00,
  0x00, 0x00, 0x00, 0x00, 0x00, 0x1f, 0x00, 0x10, 0x48, 0xa2, 0x18, 0x8a, 0x5c, 0xd0, 0x1b, 0xf2,
  0x61, 0xd7, 0x1e, 0xfe, 0x5f, 0xd5, 0x1e, 0xfd, 0x5f, 0xd5, 0x1e, 0xfe, 0x61, 0xd8, 0x1e, 0xff,
  0x5f, 0xd4, 0x1d, 0xfc, 0x5f, 0xd5, 0x1e, 0xfb, 0x65, 0xe1, 0x1f, 0xff, 0x55, 0xbf, 0x1a, 0xd1,
  0x30, 0x69, 0x11, 0x3a, 0x00, 0x00, 0x00, 0x00, 0x00, 0xff, 0x00, 0x01, 0x00, 0x00, 0x00, 0x00,
  0x00, 0x00, 0x00, 0x00, 0x00, 0x00, 0x00, 0x01, 0x00, 0x00, 0x00, 0x00, 0x12, 0x00, 0x00, 0x0e,
  0x4a, 0xab, 0x17, 0x96, 0x62, 0xde, 0x20, 0xff, 0x5f, 0xd6, 0x1e, 0xfc, 0x5f, 0xd4, 0x1d, 0xfb,
  0x60, 0xd9, 0x1e, 0xff, 0x60, 0xd7, 0x1e, 0xff, 0x60, 0xd8, 0x1e, 0xff, 0x62, 0xdf, 0x1f, 0xff,
  0x65, 0xe3, 0x20, 0xff, 0x65, 0xe3, 0x20, 0xff, 0x65, 0xe2, 0x20, 0xff, 0x64, 0xe0, 0x20, 0xff,
  0x63, 0xdc, 0x1f, 0xff, 0x62, 0xdb, 0x1e, 0xff, 0x61, 0xd9, 0x1e, 0xff, 0x60, 0xd7, 0x1e, 0xfe,
  0x5f, 0xd6, 0x1e, 0xfe, 0x60, 0xd6, 0x1e, 0xfe, 0x62, 0xd9, 0x1e, 0xff, 0x62, 0xdb, 0x1e, 0xff,
  0x63, 0xdd, 0x1e, 0xff, 0x64, 0xe0, 0x20, 0xff, 0x65, 0xe2, 0x20, 0xff, 0x63, 0xdf, 0x1f, 0xff,
  0x5b, 0xcf, 0x1c, 0xea, 0x4f, 0xb1, 0x19, 0xaa, 0x3a, 0x87, 0x13, 0x5c, 0x20, 0x41, 0x08, 0x1f,
  0x00, 0x00, 0x00, 0x03, 0x00, 0x00, 0x00, 0x0d, 0x44, 0x9b, 0x16, 0x7e, 0x5a, 0xcf, 0x1c, 0xf1,
  0x62, 0xdb, 0x1e, 0xff, 0x5f, 0xd6, 0x1e, 0xfc, 0x5f, 0xd5, 0x1e, 0xfe, 0x61, 0xd9, 0x1e, 0xff,
  0x5f, 0xd4, 0x1d, 0xfb, 0x60, 0xd6, 0x1e, 0xfc, 0x62, 0xde, 0x1e, 0xfe, 0x4b, 0xa9, 0x16, 0x92,
  0x00, 0x00, 0x00, 0x0d, 0x00, 0x01, 0x00, 0x00, 0x00, 0x00, 0x00, 0x01, 0x00, 0x00, 0x00, 0x00,
  0x00, 0x00, 0x00, 0x00, 0x00, 0x00, 0x00, 0x00, 0xff, 0xff, 0x00, 0x01, 0x00, 0x00, 0x00, 0x00,
  0x37, 0x7f, 0x11, 0x4a, 0x57, 0xc4, 0x1a, 0xdb, 0x61, 0xda, 0x1e, 0xff, 0x60, 0xd7, 0x1e, 0xfc,
  0x5f, 0xd6, 0x1e, 0xfd, 0x60, 0xd7, 0x1e, 0xff, 0x60, 0xd7, 0x1e, 0xfe, 0x60, 0xd7, 0x1e, 0xfc,
  0x60, 0xda, 0x1d, 0xf9, 0x61, 0xda, 0x1d, 0xf9, 0x60, 0xd9, 0x1e, 0xfa, 0x60, 0xd7, 0x1e, 0xfb,
  0x5f, 0xd7, 0x1e, 0xfb, 0x5f, 0xd6, 0x1e, 0xfc, 0x5f, 0xd6, 0x1e, 0xfc, 0x60, 0xd6, 0x1e, 0xfd,
  0x5f, 0xd6, 0x1e, 0xfd, 0x5f, 0xd6, 0x1e, 0xfd, 0x5e, 0xd6, 0x1e, 0xfd, 0x5f, 0xd6, 0x1e, 0xfc,
  0x60, 0xd7, 0x1e, 0xfc, 0x5f, 0xd8, 0x1e, 0xfa, 0x60, 0xd9, 0x1d, 0xfa, 0x61, 0xd9, 0x1e, 0xfa,
  0x62, 0xd9, 0x1e, 0xff, 0x61, 0xd7, 0x1f, 0xfe, 0x5b, 0xcf, 0x1c, 0xe9, 0x52, 0xb5, 0x18, 0xb4,
  0x40, 0x92, 0x10, 0x6a, 0x42, 0x94, 0x13, 0x73, 0x56, 0xc5, 0x1a, 0xd2, 0x60, 0xd8, 0x1f, 0xfe,
  0x60, 0xd7, 0x1e, 0xfe, 0x5f, 0xd5, 0x1e, 0xfd, 0x5f, 0xd6, 0x1e, 0xfd, 0x5f, 0xd5, 0x1e, 0xfd,
  0x60, 0xd7, 0x1e, 0xfc, 0x62, 0xda, 0x1e, 0xff, 0x56, 0xc3, 0x1a, 0xd7, 0x35, 0x7a, 0x11, 0x47,
  0x00, 0x00, 0x00, 0x00, 0xff, 0xff, 0x00, 0x01, 0x00, 0x00, 0x00, 0x00, 0x00, 0x00, 0x00, 0x00,
  0x00, 0x00, 0x00, 0x00, 0x00, 0x00, 0x00, 0x00, 0x00, 0x00, 0x00, 0x01, 0x00, 0x00, 0x00, 0x00,
  0x12, 0x24, 0x00, 0x0e, 0x45, 0x9b, 0x14, 0x7d, 0x60, 0xd8, 0x1d, 0xfa, 0x61, 0xda, 0x1e, 0xfd,
  0x5e, 0xd1, 0x1d, 0xf8, 0x60, 0xd8, 0x1e, 0xff, 0x60, 0xd6, 0x1e, 0xff, 0x5f, 0xd3, 0x1e, 0xfc,
  0x5e, 0xd3, 0x1d, 0xfa, 0x5e, 0xd3, 0x1d, 0xfa, 0x5e, 0xd3, 0x1e, 0xfb, 0x5f, 0xd3, 0x1e, 0xfc,
  0x5f, 0xd5, 0x1e, 0xfd, 0x5f, 0xd5, 0x1e, 0xfe, 0x5f, 0xd5, 0x1e, 0xfe, 0x60, 0xd6, 0x1e, 0xfe,
  0x60, 0xd6, 0x1e, 0xfe, 0x5f, 0xd6, 0x1e, 0xfe, 0x5f, 0xd5, 0x1e, 0xfe, 0x5f, 0xd5, 0x1e, 0xfe,
  0x5f, 0xd4, 0x1e, 0xfc, 0x5f, 0xd4, 0x1e, 0xfb, 0x5e, 0xd3, 0x1d, 0xfb, 0x5e, 0xd3, 0x1e, 0xfb,
  0x60, 0xd5, 0x1d, 0xfc, 0x62, 0xda, 0x1f, 0xfe, 0x64, 0xe2, 0x20, 0xff, 0x63, 0xdc, 0x1f, 0xff,
  0x5a, 0xcd, 0x1b, 0xec, 0x5a, 0xcc, 0x1b, 0xeb, 0x5f, 0xd5, 0x1e, 0xfe, 0x61, 0xda, 0x1e, 0xff,
  0x60, 0xd7, 0x1e, 0xff, 0x60, 0xd7, 0x1e, 0xff, 0x60, 0xd7, 0x1e, 0xff, 0x5e, 0xd1, 0x1d, 0xf9,
  0x61, 0xdb, 0x1e, 0xfd, 0x5f, 0xd7, 0x1c, 0xf9, 0x43, 0x97, 0x15, 0x79, 0x00, 0x12, 0x00, 0x0e,
  0x00, 0x00, 0x00, 0x00, 0x00, 0x00, 0x00, 0x01, 0x00, 0x00, 0x00, 0x00, 0x00, 0x00, 0x00, 0x00,
  0x00, 0x00, 0x00, 0x00, 0x00, 0x00, 0x00, 0x00, 0x00, 0x00, 0x00, 0x00, 0x00, 0x00, 0x00, 0x01,
  0x00, 0x00, 0x00, 0x00, 0x26, 0x59, 0x0c, 0x28, 0x51, 0xb9, 0x19, 0xbb, 0x63, 0xdc, 0x1e, 0xfe,
  0x60, 0xd7, 0x1e, 0xfc, 0x5d, 0xd2, 0x1e, 0xfb, 0x5f, 0xd5, 0x1e, 0xfe, 0x60, 0xd8, 0x1e, 0xff,
  0x61, 0xd8, 0x1e, 0xff, 0x60, 0xd8, 0x1e, 0xff, 0x60, 0xd8, 0x1e, 0xff, 0x60, 0xd7, 0x1e, 0xff,
  0x60, 0xd8, 0x1e, 0xff, 0x60, 0xd8, 0x1e, 0xff, 0x60, 0xd7, 0x1e, 0xff, 0x60, 0xd7, 0x1e, 0xff,
  0x60, 0xd7, 0x1e, 0xff, 0x60, 0xd7, 0x1e, 0xff, 0x60, 0xd7, 0x1e, 0xff, 0x60, 0xd8, 0x1e, 0xff,
  0x60, 0xd7, 0x1e, 0xff, 0x60, 0xd7, 0x1e, 0xff, 0x60, 0xd8, 0x1e, 0xff, 0x60, 0xd7, 0x1e, 0xff,
  0x5f, 0xd6, 0x1e, 0xfd, 0x5f, 0xd5, 0x1d, 0xfa, 0x5e, 0xd3, 0x1d, 0xf8, 0x60, 0xd6, 0x1d, 0xfc,
  0x63, 0xde, 0x1f, 0xff, 0x63, 0xdd, 0x1f, 0xff, 0x60, 0xd5, 0x1e, 0xfe, 0x60, 0xd6, 0x1e, 0xfe,
  0x60, 0xd9, 0x1e, 0xff, 0x5f, 0xd5, 0x1e, 0xfe, 0x5d, 0xd2, 0x1e, 0xfb, 0x61, 0xd8, 0x1e, 0xfc,
  0x62, 0xdb, 0x1f, 0xfe, 0x51, 0xb6, 0x19, 0xb6, 0x22, 0x52, 0x06, 0x25, 0x00, 0x00, 0x00, 0x00,
  0x00, 0x00, 0x00, 0x01, 0x00, 0x00, 0x00, 0x00, 0x00, 0x00, 0x00, 0x00, 0x00, 0x00, 0x00, 0x00,
  0x00, 0x00, 0x00, 0x00, 0x00, 0x00, 0x00, 0x00, 0x00, 0x00, 0x00, 0x00, 0x00, 0x00, 0x00, 0x00,
  0x00, 0xff, 0x00, 0x01, 0x00, 0x00, 0x00, 0x03, 0x35, 0x74, 0x11, 0x48, 0x56, 0xc2, 0x1a, 0xd4,
  0x65, 0xe2, 0x20, 0xff, 0x5f, 0xd5, 0x1d, 0xf8, 0x5f, 0xd5, 0x1e, 0xfb, 0x60, 0xd5, 0x1e, 0xfe,
  0x60, 0xd7, 0x1e, 0xff, 0x60, 0xd7, 0x1e, 0xff, 0x60, 0xd7, 0x1e, 0xff, 0x60, 0xd7, 0x1e, 0xff,
  0x60, 0xd7, 0x1e, 0xff, 0x60, 0xd7, 0x1e, 0xff, 0x60, 0xd7, 0x1e, 0xff, 0x60, 0xd7, 0x1e, 0xff,
  0x60, 0xd7, 0x1e, 0xff, 0x60, 0xd7, 0x1e, 0xff, 0x60, 0xd7, 0x1e, 0xff, 0x60, 0xd7, 0x1e, 0xff,
  0x60, 0xd7, 0x1e, 0xff, 0x60, 0xd7, 0x1e, 0xff, 0x60, 0xd7, 0x1e, 0xff, 0x60, 0xd7, 0x1e, 0xff,
  0x60, 0xd7, 0x1e, 0xff, 0x60, 0xd7, 0x1e, 0xff, 0x60, 0xd7, 0x1e, 0xff, 0x5f, 0xd5, 0x1e, 0xfd,
  0x5f, 0xd6, 0x1d, 0xfb, 0x5f, 0xd6, 0x1d, 0xfb, 0x60, 0xd6, 0x1e, 0xfe, 0x60, 0xd7, 0x1e, 0xff,
  0x5f, 0xd5, 0x1e, 0xfe, 0x5f, 0xd5, 0x1e, 0xfb, 0x5f, 0xd5, 0x1d, 0xf8, 0x65, 0xe3, 0x20, 0xff,
  0x56, 0xc1, 0x1a, 0xd1, 0x30, 0x70, 0x0f, 0x44, 0x00, 0x00, 0x00, 0x03, 0x00, 0xff, 0x00, 0x01,
  0x00, 0x00, 0x00, 0x00, 0x00, 0x00, 0x00, 0x00, 0x00, 0x00, 0x00, 0x00, 0x00, 0x00, 0x00, 0x00,
  0x00, 0x00, 0x00, 0x00, 0x00, 0x00, 0x00, 0x00, 0x00, 0x00, 0x00, 0x00, 0x00, 0x00, 0x00, 0x00,
  0x00, 0x00, 0x00, 0x00, 0x00, 0x01, 0x00, 0x00, 0x00, 0x00, 0x00, 0x05, 0x3d, 0x8b, 0x14, 0x63,
  0x5a, 0xcb, 0x1c, 0xe2, 0x63, 0xdf, 0x1f, 0xff, 0x5e, 0xd5, 0x1e, 0xf7, 0x5e, 0xd4, 0x1e, 0xfa,
  0x60, 0xd7, 0x1e, 0xff, 0x60, 0xd7, 0x1e, 0xff, 0x60, 0xd7, 0x1e, 0xff, 0x60, 0xd7, 0x1e, 0xff,
  0x60, 0xd7, 0x1e, 0xff, 0x60, 0xd7, 0x1e, 0xff, 0x60, 0xd7, 0x1e, 0xff, 0x60, 0xd7, 0x1e, 0xff,
  0x60, 0xd7, 0x1e, 0xff, 0x60, 0xd7, 0x1e, 0xff, 0x60, 0xd7, 0x1e, 0xff, 0x60, 0xd7, 0x1e, 0xff,
  0x60, 0xd7, 0x1e, 0xff, 0x60, 0xd7, 0x1e, 0xff, 0x60, 0xd7, 0x1e, 0xff, 0x60, 0xd7, 0x1e, 0xff,
  0x60, 0xd7, 0x1e, 0xff, 0x60, 0xd7, 0x1e, 0xff, 0x60, 0xd6, 0x1e, 0xff, 0x5f, 0xd5, 0x1e, 0xfe,
  0x5f, 0xd5, 0x1e, 0xfd, 0x5f, 0xd5, 0x1e, 0xfd, 0x5f, 0xd6, 0x1e, 0xfe, 0x60, 0xd7, 0x1e, 0xff,
  0x5e, 0xd3, 0x1e, 0xfa, 0x5e, 0xd6, 0x1e, 0xf7, 0x64, 0xe0, 0x1f, 0xff, 0x5a, 0xc9, 0x1b, 0xdf,
  0x3c, 0x89, 0x13, 0x5d, 0x00, 0x00, 0x00, 0x04, 0x00, 0x01, 0x00, 0x00, 0x00, 0x00, 0x00, 0x00,
  0x00, 0x00, 0x00, 0x00, 0x00, 0x00, 0x00, 0x00, 0x00, 0x00, 0x00, 0x00, 0x00, 0x00, 0x00, 0x00,
  0x00, 0x00, 0x00, 0x00, 0x00, 0x00, 0x00, 0x00, 0x00, 0x00, 0x00, 0x00, 0x00, 0x00, 0x00, 0x00,
  0x00, 0x00, 0x00, 0x00, 0x00, 0x00, 0x00, 0x01, 0x00, 0x01, 0x00, 0x00, 0x00, 0x15, 0x00, 0x0c,
  0x3f, 0x8b, 0x13, 0x68, 0x59, 0xc9, 0x1b, 0xe1, 0x66, 0xe4, 0x20, 0xff, 0x60, 0xd7, 0x1f, 0xfc,
  0x5e, 0xd1, 0x1d, 0xf8, 0x5f, 0xd5, 0x1e, 0xfd, 0x60, 0xd9, 0x1e, 0xff, 0x60, 0xd8, 0x1e, 0xff,
  0x60, 0xd8, 0x1e, 0xff, 0x60, 0xd7, 0x1e, 0xff, 0x60, 0xd7, 0x1e, 0xff, 0x60, 0xd7, 0x1e, 0xff,
  0x60, 0xd7, 0x1e, 0xff, 0x60, 0xd7, 0x1e, 0xff, 0x60, 0xd7, 0x1e, 0xff, 0x60, 0xd7, 0x1e, 0xff,
  0x60, 0xd7, 0x1e, 0xff, 0x60, 0xd7, 0x1e, 0xff, 0x60, 0xd7, 0x1e, 0xff, 0x60, 0xd7, 0x1e, 0xff,
  0x60, 0xd7, 0x1e, 0xff, 0x60, 0xd7, 0x1e, 0xff, 0x60, 0xd7, 0x1e, 0xff, 0x60, 0xd8, 0x1e, 0xff,
  0x61, 0xd9, 0x1e, 0xff, 0x61, 0xda, 0x1e, 0xff, 0x5f, 0xd4, 0x1e, 0xfe, 0x5d, 0xd0, 0x1d, 0xf8,
  0x61, 0xd8, 0x1f, 0xfc, 0x66, 0xe5, 0x20, 0xff, 0x5a, 0xc8, 0x1b, 0xdf, 0x3f, 0x87, 0x11, 0x64,
  0x00, 0x00, 0x00, 0x0a, 0x00, 0x01, 0x00, 0x00, 0x00, 0x00, 0x00, 0x01, 0x00, 0x00, 0x00, 0x00,
  0x00, 0x00, 0x00, 0x00, 0x00, 0x00, 0x00, 0x00, 0x00, 0x00, 0x00, 0x00, 0x00, 0x00, 0x00, 0x00,
  0x00, 0x00, 0x00, 0x00, 0x00, 0x00, 0x00, 0x00, 0x00, 0x00, 0x00, 0x00, 0x00, 0x00, 0x00, 0x00,
  0x00, 0x00, 0x00, 0x00, 0x00, 0x00, 0x00, 0x00, 0x00, 0x00, 0x00, 0x00, 0x00, 0x00, 0x00, 0x00,
  0x00, 0x00, 0x00, 0x0c, 0x3e, 0x8c, 0x14, 0x62, 0x56, 0xc2, 0x1a, 0xd2, 0x63, 0xdf, 0x1f, 0xff,
  0x61, 0xdb, 0x1e, 0xfd, 0x5f, 0xd6, 0x1e, 0xfd, 0x5f, 0xd3, 0x1d, 0xfb, 0x5f, 0xd5, 0x1d, 0xfb,
  0x5f, 0xd5, 0x1e, 0xfd, 0x5f, 0xd5, 0x1e, 0xfe, 0x60, 0xd7, 0x1e, 0xff, 0x60, 0xd7, 0x1e, 0xff,
  0x60, 0xd7, 0x1e, 0xff, 0x60, 0xd7, 0x1e, 0xff, 0x60, 0xd7, 0x1e, 0xff, 0x60, 0xd7, 0x1e, 0xff,
  0x60, 0xd7, 0x1e, 0xff, 0x60, 0xd7, 0x1e, 0xff, 0x60, 0xd7, 0x1e, 0xff, 0x60, 0xd7, 0x1e, 0xff,
  0x60, 0xd7, 0x1e, 0xff, 0x60, 0xd7, 0x1e, 0xff, 0x5f, 0xd5, 0x1e, 0xfe, 0x5f, 0xd5, 0x1e, 0xfd,
  0x5f, 0xd5, 0x1d, 0xfb, 0x5e, 0xd3, 0x1d, 0xfb, 0x61, 0xd7, 0x1e, 0xfc, 0x62, 0xdb, 0x1f, 0xfd,
  0x63, 0xde, 0x1f, 0xff, 0x56, 0xc2, 0x1b, 0xcf, 0x3d, 0x8b, 0x12, 0x5f, 0x00, 0x00, 0x00, 0x0b,
  0x00, 0x00, 0x00, 0x00, 0x00, 0x00, 0x00, 0x00, 0x00, 0x00, 0x00, 0x00, 0x00, 0x00, 0x00, 0x00,
  0x00, 0x00, 0x00, 0x00, 0x00, 0x00, 0x00, 0x00, 0x00, 0x00, 0x00, 0x00, 0x00, 0x00, 0x00, 0x00,
  0x00, 0x00, 0x00, 0x00, 0x00, 0x00, 0x00, 0x00, 0x00, 0x00, 0x00, 0x00, 0x00, 0x00, 0x00, 0x00,
  0x00, 0x00, 0x00, 0x00, 0x00, 0x00, 0x00, 0x00, 0x00, 0x00, 0x00, 0x00, 0x00, 0x00, 0x00, 0x00,
  0x00, 0x01, 0x00, 0x00, 0x00, 0x00, 0x00, 0x05, 0x33, 0x78, 0x0e, 0x46, 0x52, 0xbb, 0x19, 0xbc,
  0x5f, 0xd8, 0x1d, 0xfa, 0x60, 0xd8, 0x1e, 0xff, 0x60, 0xd6, 0x1e, 0xfc, 0x60, 0xd7, 0x1e, 0xfb,
  0x5f, 0xd5, 0x1e, 0xfe, 0x60, 0xd6, 0x1e, 0xfe, 0x60, 0xd6, 0x1e, 0xfe, 0x60, 0xd6, 0x1e, 0xfe,
  0x60, 0xd6, 0x1e, 0xfe, 0x60, 0xd7, 0x1e, 0xff, 0x60, 0xd7, 0x1e, 0xff, 0x60, 0xd7, 0x1e, 0xff,
  0x60, 0xd7, 0x1e, 0xff, 0x60, 0xd7, 0x1e, 0xff, 0x60, 0xd7, 0x1e, 0xff, 0x60, 0xd6, 0x1e, 0xfe,
  0x60, 0xd6, 0x1e, 0xfe, 0x60, 0xd6, 0x1e, 0xfe, 0x60, 0xd6, 0x1e, 0xfe, 0x5f, 0xd5, 0x1e, 0xfe,
  0x5f, 0xd8, 0x1e, 0xfb, 0x5f, 0xd6, 0x1e, 0xfc, 0x61, 0xd8, 0x1e, 0xff, 0x60, 0xd7, 0x1d, 0xfa,
  0x51, 0xb8, 0x1a, 0xb9, 0x31, 0x72, 0x0f, 0x43, 0x00, 0x00, 0x00, 0x05, 0x00, 0x01, 0x00, 0x00,
  0x00, 0x00, 0x00, 0x00, 0x00, 0x00, 0x00, 0x00, 0x00, 0x00, 0x00, 0x00, 0x00, 0x00, 0x00, 0x00,
  0x00, 0x00, 0x00, 0x00, 0x00, 0x00, 0x00, 0x00, 0x00, 0x00, 0x00, 0x00, 0x00, 0x00, 0x00, 0x00,
  0x00, 0x00, 0x00, 0x00, 0x00, 0x00, 0x00, 0x00, 0x00, 0x00, 0x00, 0x00, 0x00, 0x00, 0x00, 0x00,
  0x00, 0x00, 0x00, 0x00, 0x00, 0x00, 0x00, 0x00, 0x00, 0x00, 0x00, 0x00, 0x00, 0x00, 0x00, 0x00,
  0x00, 0x00, 0x00, 0x01, 0x00, 0x01, 0x00, 0x00, 0x00, 0x00, 0x00, 0x03, 0x26, 0x59, 0x0c, 0x28,
  0x42, 0x97, 0x12, 0x7b, 0x58, 0xc5, 0x1b, 0xdc, 0x64, 0xe1, 0x20, 0xff, 0x64, 0xe3, 0x1f, 0xff,
  0x61, 0xd9, 0x1e, 0xff, 0x5e, 0xd4, 0x1e, 0xfb, 0x5e, 0xd2, 0x1d, 0xf9, 0x5e, 0xd2, 0x1d, 0xf9,
  0x5e, 0xd4, 0x1d, 0xfa, 0x5e, 0xd4, 0x1e, 0xfc, 0x5e, 0xd4, 0x1e, 0xfc, 0x5e, 0xd4, 0x1e, 0xfd,
  0x5e, 0xd4, 0x1e, 0xfd, 0x5e, 0xd4, 0x1e, 0xfc, 0x5e, 0xd4, 0x1e, 0xfc, 0x5e, 0xd4, 0x1d, 0xfa,
  0x5e, 0xd2, 0x1d, 0xf9, 0x5e, 0xd2, 0x1d, 0xf9, 0x5e, 0xd4, 0x1e, 0xfb, 0x61, 0xd9, 0x1e, 0xff,
  0x65, 0xe4, 0x1f, 0xff, 0x64, 0xe1, 0x1f, 0xff, 0x58, 0xc5, 0x1b, 0xd9, 0x44, 0x96, 0x13, 0x78,
  0x21, 0x50, 0x0d, 0x26, 0x00, 0x00, 0x00, 0x03, 0x00, 0x01, 0x00, 0x00, 0x00, 0x00, 0x00, 0x00,
  0x00, 0x00, 0x00, 0x00, 0x00, 0x00, 0x00, 0x00, 0x00, 0x00, 0x00, 0x00, 0x00, 0x00, 0x00, 0x00,
  0x00, 0x00, 0x00, 0x00, 0x00, 0x00, 0x00, 0x00, 0x00, 0x00, 0x00, 0x00, 0x00, 0x00, 0x00, 0x00,
  0x00, 0x00, 0x00, 0x00, 0x00, 0x00, 0x00, 0x00, 0x00, 0x00, 0x00, 0x00, 0x00, 0x00, 0x00, 0x00,
  0x00, 0x00, 0x00, 0x00, 0x00, 0x00, 0x00, 0x00, 0x00, 0x00, 0x00, 0x00, 0x00, 0x00, 0x00, 0x00,
  0x00, 0x00, 0x00, 0x00, 0x00, 0x00, 0x00, 0x00, 0x00, 0x01, 0x00, 0x00, 0x00, 0x00, 0x00, 0x00,
  0x00, 0x00, 0x00, 0x0e, 0x3a, 0x7f, 0x11, 0x4a, 0x4b, 0xa9, 0x17, 0x95, 0x55, 0xc1, 0x19, 0xce,
  0x5e, 0xd2, 0x1d, 0xfc, 0x68, 0xe8, 0x20, 0xff, 0x68, 0xea, 0x20, 0xff, 0x67, 0xe7, 0x20, 0xff,
  0x65, 0xe4, 0x20, 0xff, 0x64, 0xe1, 0x1f, 0xff, 0x64, 0xde, 0x1f, 0xff, 0x63, 0xdd, 0x1f, 0xff,
  0x63, 0xde, 0x1f, 0xff, 0x64, 0xde, 0x1f, 0xff, 0x64, 0xe1, 0x1f, 0xff, 0x65, 0xe4, 0x20, 0xff,
  0x67, 0xe7, 0x20, 0xff, 0x68, 0xea, 0x20, 0xff, 0x68, 0xe8, 0x20, 0xff, 0x5d, 0xd2, 0x1c, 0xfa,
  0x57, 0xc0, 0x1b, 0xcd, 0x4c, 0xaa, 0x16, 0x93, 0x35, 0x7b, 0x11, 0x48, 0x00, 0x00, 0x00, 0x0d,
  0x00, 0x00, 0x00, 0x00, 0x00, 0x01, 0x00, 0x00, 0x00, 0x00, 0x00, 0x00, 0x00, 0x00, 0x00, 0x00,
  0x00, 0x00, 0x00, 0x00, 0x00, 0x00, 0x00, 0x00, 0x00, 0x00, 0x00, 0x00, 0x00, 0x00, 0x00, 0x00,
  0x00, 0x00, 0x00, 0x00, 0x00, 0x00, 0x00, 0x00, 0x00, 0x00, 0x00, 0x00, 0x00, 0x00, 0x00, 0x00,
  0x00, 0x00, 0x00, 0x00, 0x00, 0x00, 0x00, 0x00, 0x00, 0x00, 0x00, 0x00, 0x00, 0x00, 0x00, 0x00,
  0x00, 0x00, 0x00, 0x00, 0x00, 0x00, 0x00, 0x00, 0x00, 0x00, 0x00, 0x00, 0x00, 0x00, 0x00, 0x00,
  0x00, 0x00, 0x00, 0x00, 0x00, 0x00, 0x00, 0x00, 0x00, 0x00, 0x00, 0x00, 0x00, 0x00, 0x00, 0x01,
  0x00, 0x00, 0x00, 0x00, 0x00, 0x00, 0x00, 0x00, 0x00, 0x00, 0x00, 0x0c, 0x2f, 0x6c, 0x0c, 0x3b,
  0x47, 0x9f, 0x16, 0x7d, 0x54, 0xbb, 0x19, 0xad, 0x58, 0xc8, 0x1d, 0xca, 0x5b, 0xce, 0x1c, 0xdc,
  0x5c, 0xd1, 0x1c, 0xe5, 0x5d, 0xd3, 0x1d, 0xeb, 0x5e, 0xd3, 0x1e, 0xed, 0x5f, 0xd3, 0x1c, 0xee,
  0x5e, 0xd4, 0x1e, 0xee, 0x5f, 0xd2, 0x1e, 0xec, 0x5d, 0xd3, 0x1d, 0xea, 0x5c, 0xd1, 0x1d, 0xe4,
  0x5a, 0xce, 0x1d, 0xdb, 0x57, 0xc9, 0x1c, 0xc8, 0x53, 0xba, 0x19, 0xab, 0x44, 0x9e, 0x14, 0x7a,
  0x2c, 0x66, 0x0d, 0x39, 0x00, 0x00, 0x00, 0x0c, 0x00, 0x00, 0x00, 0x00, 0x00, 0x00, 0x00, 0x00,
  0x00, 0x00, 0x00, 0x01, 0x00, 0x00, 0x00, 0x00, 0x00, 0x00, 0x00, 0x00, 0x00, 0x00, 0x00, 0x00,
  0x00, 0x00, 0x00, 0x00, 0x00, 0x00, 0x00, 0x00, 0x00, 0x00, 0x00, 0x00, 0x00, 0x00, 0x00, 0x00,
  0x00, 0x00, 0x00, 0x00, 0x00, 0x00, 0x00, 0x00, 0x00, 0x00, 0x00, 0x00, 0x00, 0x00, 0x00, 0x00,
  0x00, 0x00, 0x00, 0x00, 0x00, 0x00, 0x00, 0x00, 0x00, 0x00, 0x00, 0x00, 0x00, 0x00, 0x00, 0x00,
  0x00, 0x00, 0x00, 0x00, 0x00, 0x00, 0x00, 0x00, 0x00, 0x00, 0x00, 0x00, 0x00, 0x00, 0x00, 0x00,
  0x00, 0x00, 0x00, 0x00, 0x00, 0x00, 0x00, 0x00, 0x00, 0x00, 0x00, 0x00, 0x00, 0x00, 0x00, 0x00,
  0x00, 0x00, 0x00, 0x01, 0xff, 0xff, 0x00, 0x01, 0x00, 0x01, 0x00, 0x00, 0x00, 0x00, 0x00, 0x00,
  0x00, 0x00, 0x00, 0x05, 0x0b, 0x22, 0x00, 0x16, 0x27, 0x58, 0x09, 0x34, 0x36, 0x78, 0x0e, 0x59,
  0x40, 0x8e, 0x14, 0x7f, 0x48, 0xa3, 0x14, 0x9e, 0x4c, 0xac, 0x16, 0xb3, 0x4f, 0xb3, 0x16, 0xbd,
  0x50, 0xb1, 0x17, 0xbc, 0x4b, 0xab, 0x16, 0xb2, 0x49, 0xa1, 0x15, 0x9c, 0x41, 0x90, 0x14, 0x7d,
  0x37, 0x78, 0x0e, 0x57, 0x23, 0x55, 0x0a, 0x33, 0x0c, 0x18, 0x00, 0x15, 0x00, 0x00, 0x00, 0x05,
  0x00, 0x00, 0x00, 0x00, 0x00, 0x01, 0x00, 0x00, 0xff, 0xff, 0x00, 0x01, 0x00, 0x00, 0x00, 0x01,
  0x00, 0x00, 0x00, 0x00, 0x00, 0x00, 0x00, 0x00, 0x00, 0x00, 0x00, 0x00, 0x00, 0x00, 0x00, 0x00,
  0x00, 0x00, 0x00, 0x00, 0x00, 0x00, 0x00, 0x00, 0x00, 0x00, 0x00, 0x00, 0x00, 0x00, 0x00, 0x00,
  0x00, 0x00, 0x00, 0x00, 0x00, 0x00, 0x00, 0x00, 0x00, 0x00, 0x00, 0x00, 0x00, 0x00, 0x00, 0x00,
  0x00, 0x00, 0x00, 0x00, 0x00, 0x00, 0x00, 0x00, 0x00, 0x00, 0x00, 0x00, 0x00, 0x00, 0x00, 0x00,
  0x00, 0x00, 0x00, 0x00, 0x00, 0x00, 0x00, 0x00, 0x00, 0x00, 0x00, 0x00, 0x00, 0x00, 0x00, 0x00,
  0x00, 0x00, 0x00, 0x00, 0x00, 0x00, 0x00, 0x00, 0x00, 0x00, 0x00, 0x00, 0x00, 0x00, 0x00, 0x00,
  0x00, 0x00, 0x00, 0x00, 0x00, 0x00, 0x00, 0x00, 0x00, 0x00, 0x00, 0x01, 0x00, 0xff, 0x00, 0x01,
  0x00, 0x01, 0x00, 0x00, 0x00, 0x00, 0x00, 0x00, 0x00, 0x00, 0x00, 0x05, 0x2a, 0x46, 0x0e, 0x12,
  0x31, 0x71, 0x15, 0x24, 0x3d, 0x8d, 0x12, 0x36, 0x45, 0x9a, 0x17, 0x42, 0x4a, 0xa2, 0x15, 0x48,
  0x4b, 0xa5, 0x15, 0x47, 0x42, 0x9c, 0x17, 0x41, 0x3e, 0x8b, 0x13, 0x35, 0x31, 0x71, 0x15, 0x24,
  0x2d, 0x4b, 0x0f, 0x11, 0x00, 0x00, 0x00, 0x05, 0x00, 0x00, 0x00, 0x00, 0x00, 0x01, 0x00, 0x00,
  0x00, 0xff, 0x00, 0x01, 0x00, 0x00, 0x00, 0x01, 0x00, 0x00, 0x00, 0x00, 0x00, 0x00, 0x00, 0x00,
  0x00, 0x00, 0x00, 0x00, 0x00, 0x00, 0x00, 0x00, 0x00, 0x00, 0x00, 0x00, 0x00, 0x00, 0x00, 0x00,
  0x00, 0x00, 0x00, 0x00, 0x00, 0x00, 0x00, 0x00, 0x00, 0x00, 0x00, 0x00, 0x00, 0x00, 0x00, 0x00,
  0x00, 0x00, 0x00, 0x00, 0x00, 0x00, 0x00, 0x00, 0x00, 0x00, 0x00, 0x00, 0x00, 0x00, 0x00, 0x00,
  0x00, 0x00, 0x00, 0x00, 0x00, 0x00, 0x00, 0x00, 0x00, 0x00, 0x00, 0x00, 0x00, 0x00, 0x00, 0x00,
  0x00, 0x00, 0x00, 0x00, 0x00, 0x00, 0x00, 0x00, 0x00, 0x00, 0x00, 0x00, 0x00, 0x00, 0x00, 0x00,
  0x00, 0x00, 0x00, 0x00, 0x00, 0x00, 0x00, 0x00, 0x00, 0x00, 0x00, 0x00, 0x00, 0x00, 0x00, 0x00,
  0x00, 0x00, 0x00, 0x00, 0x00, 0x00, 0x00, 0x00, 0x00, 0x00, 0x00, 0x00, 0x00, 0x00, 0x00, 0x00,
  0x00, 0x00, 0x00, 0x00, 0x00, 0x00, 0x00, 0x00, 0x00, 0x00, 0x00, 0x00, 0x00, 0x00, 0x00, 0x00,
  0x00, 0x00, 0x00, 0x00, 0x00, 0x00, 0x00, 0x00, 0x00, 0x00, 0x00, 0x00, 0x00, 0x00, 0x00, 0x00,
  0x00, 0x00, 0x00, 0x00, 0x00, 0x00, 0x00, 0x00, 0x00, 0x00, 0x00, 0x00, 0x00, 0x00, 0x00, 0x00,
  0x00, 0x00, 0x00, 0x00, 0x00, 0x00, 0x00, 0x00, 0x00, 0x00, 0x00, 0x00, 0x00, 0x00, 0x00, 0x00,
  0x00, 0x00, 0x00, 0x00, 0x00, 0x00, 0x00, 0x00, 0x00, 0x00, 0x00, 0x00, 0x00, 0x00, 0x00, 0x00,
  0x00, 0x00, 0x00, 0x00, 0x00, 0x00, 0x00, 0x00, 0x00, 0x00, 0x00, 0x00, 0x00, 0x00, 0x00, 0x00,
  0x00, 0x00, 0x00, 0x00, 0x00, 0x00, 0x00, 0x00, 0x00, 0x00, 0x00, 0x00, 0x00, 0x00, 0x00, 0x00,
  0x00, 0x00, 0x00, 0x00, 0x00, 0x00, 0x00, 0x00, 0x00, 0x00, 0x00, 0x00, 0x00, 0x00, 0x00, 0x00,
  
};

const lv_image_dsc_t logo_SPOT = {
  .header = { .magic = LV_IMAGE_HEADER_MAGIC, .cf = LV_COLOR_FORMAT_ARGB8888, .flags = 0, .w = 48, .h = 48, .stride = 192, .reserved_2 = 0 },
  .data_size = sizeof(logo_SPOT_data),
  .data = logo_SPOT_data,
  .reserved = nullptr,
};

static const LV_ATTRIBUTE_LARGE_CONST uint8_t logo_TSM_data[] = {
  0x00, 0x00, 0x00, 0x00, 0x00, 0x00, 0x00, 0x00, 0x00, 0x00, 0x00, 0x00, 0x00, 0x00, 0x00, 0x00,
  0x00, 0x00, 0x00, 0x00, 0x00, 0x00, 0x00, 0x00, 0x00, 0x00, 0x00, 0x00, 0x00, 0x00, 0x00, 0x00,
  0x00, 0x00, 0x00, 0x00, 0x00, 0x00, 0x00, 0x00, 0x00, 0x00, 0x00, 0x00, 0x00, 0x00, 0x00, 0x00,
  0x00, 0x00, 0x00, 0x00, 0x00, 0x00, 0x00, 0x00, 0x00, 0x00, 0x00, 0x00, 0x00, 0x00, 0x00, 0x00,
  0x00, 0x00, 0x00, 0x00, 0x00, 0x00, 0x00, 0x00, 0x00, 0x00, 0x00, 0x00, 0x00, 0x00, 0x00, 0x00,
  0x00, 0x00, 0x00, 0x00, 0x00, 0x00, 0x00, 0x00, 0x00, 0x00, 0x00, 0x00, 0x00, 0x00, 0x00, 0x00,
  0x00, 0x00, 0x00, 0x00, 0x00, 0x00, 0x00, 0x00, 0x00, 0x00, 0x00, 0x00, 0x00, 0x00, 0x00, 0x00,
  0x00, 0x00, 0x00, 0x00, 0x00, 0x00, 0x00, 0x00, 0x00, 0x00, 0x00, 0x00, 0x00, 0x00, 0x00, 0x00,
  0x00, 0x00, 0x00, 0x00, 0x00, 0x00, 0x00, 0x00, 0x00, 0x00, 0x00, 0x00, 0x00, 0x00, 0x00, 0x00,
  0x00, 0x00, 0x00, 0x00, 0x00, 0x00, 0x00, 0x00, 0x00, 0x00, 0x00, 0x00, 0x00, 0x00, 0x00, 0x00,
  0x00, 0x00, 0x00, 0x00, 0x00, 0x00, 0x00, 0x00, 0x00, 0x00, 0x00, 0x00, 0x00, 0x00, 0x00, 0x00,
  0x00, 0x00, 0x00, 0x00, 0x00, 0x00, 0x00, 0x00, 0x00, 0x00, 0x00, 0x00, 0x00, 0x00, 0x00, 0x00,
  0x00, 0x00, 0x00, 0x00, 0x00, 0x00, 0x00, 0x00, 0x00, 0x00, 0x00, 0x00, 0x00, 0x00, 0x00, 0x00,
  0x00, 0x00, 0x00, 0x00, 0x00, 0x00, 0x00, 0x00, 0x00, 0x00, 0x00, 0x00, 0x00, 0x00, 0x00, 0x00,
  0x00, 0x00, 0x00, 0x00, 0x00, 0x00, 0x00, 0x00, 0x00, 0x00, 0x00, 0x00, 0x00, 0x00, 0x00, 0x00,
  0x00, 0x00, 0x00, 0x00, 0x00, 0x00, 0x00, 0x00, 0x00, 0x00, 0x00, 0x00, 0x00, 0x00, 0x00, 0x00,
  0x00, 0x00, 0x00, 0x00, 0x00, 0x00, 0x00, 0x00, 0x00, 0x00, 0x00, 0x00, 0x00, 0x00, 0x00, 0x00,
  0x00, 0x00, 0x00, 0x00, 0x00, 0x00, 0x00, 0x00, 0x00, 0x00, 0x00, 0x00, 0x00, 0x00, 0x00, 0x00,
  0x00, 0x00, 0x00, 0x00, 0x00, 0x00, 0x00, 0x00, 0x00, 0x00, 0x00, 0x00, 0x00, 0x00, 0x00, 0x00,
  0x00, 0x00, 0x00, 0x00, 0x00, 0x00, 0x00, 0x00, 0x00, 0x00, 0x00, 0x00, 0x00, 0x00, 0x00, 0x00,
  0x00, 0x00, 0x00, 0x00, 0x00, 0x00, 0x00, 0x00, 0x00, 0x00, 0x00, 0x00, 0x00, 0x00, 0x00, 0x00,
  0x00, 0x00, 0x00, 0x00, 0x00, 0x00, 0x00, 0x00, 0x00, 0x00, 0x00, 0x00, 0x00, 0x00, 0x00, 0x00,
  0x00, 0x00, 0x00, 0x00, 0x00, 0x00, 0x00, 0x00, 0x00, 0x00, 0x00, 0x00, 0x00, 0x00, 0x00, 0x00,
  0x00, 0x00, 0x00, 0x00, 0x00, 0x00, 0x00, 0x00, 0x00, 0x00, 0x00, 0x00, 0x00, 0x00, 0x00, 0x00,
  0x00, 0x00, 0x00, 0x00, 0x00, 0x00, 0x00, 0x00, 0x00, 0x00, 0x00, 0x00, 0x00, 0x00, 0x00, 0x00,
  0x00, 0x00, 0x00, 0x00, 0x00, 0x00, 0x00, 0x00, 0x00, 0x00, 0x00, 0x00, 0x00, 0x00, 0x00, 0x00,
  0x00, 0x00, 0x00, 0x00, 0x00, 0x00, 0x00, 0x00, 0x00, 0x00, 0x00, 0x00, 0x00, 0x00, 0x00, 0x00,
  0x00, 0x00, 0x00, 0x00, 0x00, 0x00, 0x00, 0x00, 0x00, 0x00, 0x00, 0x00, 0x00, 0x00, 0x00, 0x00,
  0x00, 0x00, 0x00, 0x00, 0x00, 0x00, 0x00, 0x00, 0x00, 0x00, 0x00, 0x00, 0x00, 0x00, 0x00, 0x00,
  0x00, 0x00, 0x00, 0x00, 0x00, 0x00, 0x00, 0x00, 0x00, 0x00, 0x00, 0x00, 0x00, 0x00, 0x00, 0x00,
  0x00, 0x00, 0x00, 0x00, 0x00, 0x00, 0x00, 0x00, 0x00, 0x00, 0x00, 0x00, 0x00, 0x00, 0x00, 0x00,
  0x00, 0x00, 0x00, 0x00, 0x00, 0x00, 0x00, 0x00, 0x00, 0x00, 0x00, 0x00, 0x00, 0x00, 0x00, 0x00,
  0x00, 0x00, 0x00, 0x00, 0x00, 0x00, 0x00, 0x00, 0x00, 0x00, 0x00, 0x00, 0x00, 0x00, 0x00, 0x00,
  0x00, 0x00, 0x00, 0x00, 0x00, 0x00, 0x00, 0x00, 0x00, 0x00, 0x00, 0x00, 0x00, 0x00, 0x00, 0x00,
  0x00, 0x00, 0x00, 0x00, 0x00, 0x00, 0x00, 0x00, 0x00, 0x00, 0x00, 0x00, 0x00, 0x00, 0x00, 0x00,
  0x00, 0x00, 0x00, 0x00, 0x00, 0x00, 0x00, 0x00, 0x00, 0x00, 0x00, 0x00, 0x00, 0x00, 0x00, 0x00,
  0x00, 0x00, 0x00, 0x00, 0x00, 0x00, 0x00, 0x00, 0x00, 0x00, 0x00, 0x00, 0x00, 0x00, 0x00, 0x00,
  0x00, 0x00, 0x00, 0x00, 0x00, 0x00, 0x00, 0x00, 0x00, 0x00, 0x00, 0x00, 0x00, 0x00, 0x00, 0x00,
  0x00, 0x00, 0x00, 0x00, 0x00, 0x00, 0x00, 0x00, 0x00, 0x00, 0x00, 0x00, 0x00, 0x00, 0x00, 0x00,
  0x00, 0x00, 0x00, 0x00, 0x00, 0x00, 0x00, 0x00, 0x00, 0x00, 0x00, 0x00, 0x00, 0x00, 0x00, 0x00,
  0x00, 0x00, 0x00, 0x00, 0x00, 0x00, 0x00, 0x00, 0x00, 0x00, 0x00, 0x00, 0x00, 0x00, 0x00, 0x00,
  0x00, 0x00, 0x00, 0x00, 0x00, 0x00, 0x00, 0x00, 0x00, 0x00, 0x00, 0x00, 0x00, 0x00, 0x00, 0x00,
  0x00, 0x00, 0x00, 0x00, 0x00, 0x00, 0x00, 0x00, 0x00, 0x00, 0x00, 0x00, 0x00, 0x00, 0x00, 0x00,
  0x00, 0x00, 0x00, 0x00, 0x00, 0x00, 0x00, 0x00, 0x00, 0x00, 0x00, 0x00, 0x00, 0x00, 0x00, 0x00,
  0x00, 0x00, 0x00, 0x00, 0x00, 0x00, 0x00, 0x00, 0x00, 0x00, 0x00, 0x00, 0x00, 0x00, 0x00, 0x00,
  0x00, 0x00, 0x00, 0x00, 0x00, 0x00, 0x00, 0x00, 0x00, 0x00, 0x00, 0x00, 0x00, 0x00, 0x00, 0x00,
  0x00, 0x00, 0x00, 0x00, 0x00, 0x00, 0x00, 0x00, 0x00, 0x00, 0x00, 0x00, 0x00, 0x00, 0x00, 0x00,
  0x00, 0x00, 0x00, 0x00, 0x00, 0x00, 0x00, 0x00, 0x00, 0x00, 0x00, 0x00, 0x00, 0x00, 0x00, 0x00,
  0x00, 0x00, 0x00, 0x00, 0x00, 0x00, 0x00, 0x00, 0x00, 0x00, 0x00, 0x00, 0x00, 0x00, 0x00, 0x00,
  0x00, 0x00, 0x00, 0x00, 0x00, 0x00, 0x00, 0x00, 0x00, 0x00, 0x00, 0x00, 0x00, 0x00, 0x00, 0x00,
  0x00, 0x00, 0x00, 0x00, 0x00, 0x00, 0x00, 0x00, 0x00, 0x00, 0x00, 0x00, 0x00, 0x00, 0x00, 0x00,
  0x00, 0x00, 0x00, 0x00, 0x00, 0x00, 0x00, 0x00, 0x00, 0x00, 0x00, 0x00, 0x00, 0x00, 0x00, 0x00,
  0x00, 0x00, 0x00, 0x00, 0x00, 0x00, 0x00, 0x00, 0x00, 0x00, 0x00, 0x00, 0x00, 0x00, 0x00, 0x00,
  0x00, 0x00, 0x00, 0x00, 0x00, 0x00, 0x00, 0x00, 0x00, 0x00, 0x00, 0x00, 0x00, 0x00, 0x00, 0x00,
  0x00, 0x00, 0x00, 0x00, 0x00, 0x00, 0x00, 0x00, 0x00, 0x00, 0x00, 0x00, 0x00, 0x00, 0x00, 0x00,
  0x00, 0x00, 0x00, 0x00, 0x00, 0x00, 0x00, 0x00, 0x00, 0x00, 0x00, 0x00, 0x00, 0x00, 0x00, 0x00,
  0x00, 0x00, 0x00, 0x00, 0x00, 0x00, 0x00, 0x00, 0x00, 0x00, 0x00, 0x00, 0x00, 0x00, 0x00, 0x00,
  0x00, 0x00, 0x00, 0x00, 0x00, 0x00, 0x00, 0x00, 0x00, 0x00, 0x00, 0x00, 0x00, 0x00, 0x00, 0x00,
  0x00, 0x00, 0x00, 0x00, 0x00, 0x00, 0x00, 0x00, 0x00, 0x00, 0x00, 0x00, 0x00, 0x00, 0x00, 0x00,
  0x00, 0x00, 0x00, 0x00, 0x00, 0x00, 0x00, 0x00, 0x00, 0x00, 0x00, 0x00, 0x00, 0x00, 0x00, 0x00,
  0x00, 0x00, 0x00, 0x00, 0x00, 0x00, 0x00, 0x00, 0x00, 0x00, 0x00, 0x00, 0x00, 0x00, 0x00, 0x00,
  0x00, 0x00, 0x00, 0x00, 0x00, 0x00, 0x00, 0x00, 0x00, 0x00, 0x00, 0x00, 0x00, 0x00, 0x00, 0x00,
  0x00, 0x00, 0x00, 0x00, 0x00, 0x00, 0x00, 0x00, 0x00, 0x00, 0x00, 0x00, 0x00, 0x00, 0x00, 0x00,
  0x00, 0x00, 0x00, 0x00, 0x00, 0x00, 0x00, 0x00, 0x00, 0x00, 0x00, 0x00, 0x00, 0x00, 0x00, 0x00,
  0x00, 0x00, 0x00, 0x00, 0x00, 0x00, 0x00, 0x00, 0x00, 0x00, 0x00, 0x00, 0x00, 0x00, 0x00, 0x00,
  0x00, 0x00, 0x00, 0x00, 0x00, 0x00, 0x00, 0x00, 0x00, 0x00, 0x00, 0x00, 0x00, 0x00, 0x00, 0x00,
  0x00, 0x00, 0x00, 0x00, 0x00, 0x00, 0x00, 0x00, 0x00, 0x00, 0x00, 0x00, 0x00, 0x00, 0x00, 0x00,
  0x00, 0x00, 0x00, 0x00, 0x00, 0x00, 0x00, 0x00, 0x00, 0x00, 0x00, 0x00, 0x00, 0x00, 0x00, 0x00,
  0x00, 0x00, 0x00, 0x00, 0x00, 0x00, 0x00, 0x00, 0x00, 0x00, 0x00, 0x00, 0x00, 0x00, 0x00, 0x00,
  0x00, 0x00, 0x00, 0x00, 0x00, 0x00, 0x00, 0x00, 0x00, 0x00, 0x00, 0x00, 0x00, 0x00, 0x00, 0x00,
  0x00, 0x00, 0x00, 0x00, 0x00, 0x00, 0x00, 0x00, 0x00, 0x00, 0x00, 0x00, 0x00, 0x00, 0x00, 0x00,
  0x00, 0x00, 0x00, 0x00, 0x00, 0x00, 0x00, 0x00, 0x00, 0x00, 0x00, 0x00, 0x00, 0x00, 0x00, 0x00,
  0x00, 0x00, 0x00, 0x00, 0x00, 0x00, 0x00, 0x00, 0x00, 0x00, 0x00, 0x00, 0x00, 0x00, 0x00, 0x00,
  0x00, 0x00, 0x00, 0x00, 0x00, 0x00, 0x00, 0x00, 0x00, 0x00, 0x00, 0x00, 0x00, 0x00, 0x00, 0x00,
  0x00, 0x00, 0x00, 0x00, 0x00, 0x00, 0x00, 0x00, 0x00, 0x00, 0x00, 0x00, 0x00, 0x00, 0x00, 0x00,
  0x00, 0x00, 0x00, 0x00, 0x00, 0x00, 0x00, 0x00, 0x00, 0x00, 0x00, 0x00, 0x00, 0x00, 0x00, 0x00,
  0x00, 0x00, 0x00, 0x00, 0x00, 0x00, 0x00, 0x00, 0x00, 0x00, 0x00, 0x00, 0x00, 0x00, 0x00, 0x00,
  0x00, 0x00, 0x00, 0x00, 0x00, 0x00, 0x00, 0x00, 0x00, 0x00, 0x00, 0x00, 0x00, 0x00, 0x00, 0x00,
  0x00, 0x00, 0x00, 0x00, 0x00, 0x00, 0x00, 0x00, 0x00, 0x00, 0x00, 0x00, 0x00, 0x00, 0x00, 0x00,
  0x00, 0x00, 0x00, 0x00, 0x00, 0x00, 0x00, 0x00, 0x00, 0x00, 0x00, 0x00, 0x00, 0x00, 0x00, 0x00,
  0x00, 0x00, 0x00, 0x00, 0x00, 0x00, 0x00, 0x00, 0x00, 0x00, 0x00, 0x00, 0x00, 0x00, 0x00, 0x00,
  0x00, 0x00, 0x00, 0x00, 0x00, 0x00, 0x00, 0x00, 0x00, 0x00, 0x00, 0x00, 0x00, 0x00, 0x00, 0x00,
  0x00, 0x00, 0x00, 0x00, 0x00, 0x00, 0x00, 0x00, 0x00, 0x00, 0x00, 0x00, 0x00, 0x00, 0x00, 0x00,
  0x00, 0x00, 0x00, 0x00, 0x00, 0x00, 0x00, 0x00, 0x00, 0x00, 0x00, 0x00, 0x00, 0x00, 0x00, 0x00,
  0x00, 0x00, 0x00, 0x00, 0x00, 0x00, 0x00, 0x00, 0x00, 0x00, 0x00, 0x00, 0x00, 0x00, 0x00, 0x00,
  0x00, 0x00, 0x00, 0x00, 0x00, 0x00, 0x00, 0x00, 0x00, 0x00, 0x00, 0x00, 0x00, 0x00, 0x00, 0x00,
  0x00, 0x00, 0x00, 0x00, 0x00, 0x00, 0x00, 0x00, 0x00, 0x00, 0x00, 0x00, 0x00, 0x00, 0x00, 0x00,
  0x00, 0x00, 0x00, 0x00, 0x00, 0x00, 0x00, 0x00, 0x00, 0x00, 0x00, 0x00, 0x00, 0x00, 0x00, 0x00,
  0x00, 0x00, 0x00, 0x00, 0x00, 0x00, 0x00, 0x00, 0x00, 0x00, 0x00, 0x00, 0x00, 0x00, 0x00, 0x00,
  0x00, 0x00, 0x00, 0x00, 0x00, 0x00, 0x00, 0x00, 0x00, 0x00, 0x00, 0x00, 0x00, 0x00, 0x00, 0x00,
  0x00, 0x00, 0x00, 0x00, 0x00, 0x00, 0x00, 0x00, 0x00, 0x00, 0x00, 0x00, 0x00, 0x00, 0x00, 0x00,
  0x00, 0x00, 0x00, 0x00, 0x00, 0x00, 0x00, 0x00, 0x00, 0x00, 0x00, 0x00, 0x00, 0x00, 0x00, 0x00,
  0x00, 0x00, 0x00, 0x00, 0x00, 0x00, 0x00, 0x00, 0x00, 0x00, 0x00, 0x00, 0x00, 0x00, 0x00, 0x00,
  0x00, 0x00, 0x00, 0x00, 0x00, 0x00, 0x00, 0x00, 0x00, 0x00, 0x00, 0x00, 0x00, 0x00, 0x00, 0x00,
  0x00, 0x00, 0x00, 0x00, 0x00, 0x00, 0x00, 0x00, 0x00, 0x00, 0x00, 0x00, 0x00, 0x00, 0x00, 0x00,
  0x00, 0x00, 0x00, 0x00, 0x00, 0x00, 0x00, 0x00, 0x00, 0x00, 0x00, 0x00, 0x00, 0x00, 0x00, 0x00,
  0x00, 0x00, 0x00, 0x00, 0x00, 0x00, 0x00, 0x00, 0x00, 0x00, 0x00, 0x00, 0x00, 0x00, 0x00, 0x00,
  0x00, 0x00, 0x00, 0x00, 0x00, 0x00, 0x00, 0x00, 0x00, 0x00, 0x00, 0x00, 0x00, 0x00, 0x00, 0x00,
  0x00, 0x00, 0x00, 0x00, 0x00, 0x00, 0x00, 0x00, 0x00, 0x00, 0x00, 0x00, 0x00, 0x00, 0x00, 0x00,
  0x00, 0x00, 0x00, 0x00, 0x00, 0x00, 0x00, 0x00, 0x00, 0x00, 0x00, 0x00, 0x00, 0x00, 0x00, 0x00,
  0x00, 0x00, 0x00, 0x00, 0x00, 0x00, 0x00, 0x00, 0x00, 0x00, 0x00, 0x00, 0x00, 0x00, 0x00, 0x00,
  0x00, 0x00, 0x00, 0x00, 0x00, 0x00, 0x00, 0x00, 0x00, 0x00, 0x00, 0x00, 0x00, 0x00, 0x00, 0x00,
  0x00, 0x00, 0x00, 0x00, 0x00, 0x00, 0x00, 0x00, 0x00, 0x00, 0x00, 0x00, 0x00, 0x00, 0x00, 0x00,
  0x00, 0x00, 0x00, 0x00, 0x00, 0x00, 0x00, 0x00, 0x00, 0x00, 0x00, 0x00, 0x00, 0x00, 0x00, 0x00,
  0x00, 0x00, 0x00, 0x00, 0x00, 0x00, 0x00, 0x00, 0x00, 0x00, 0x00, 0x00, 0x00, 0x00, 0x00, 0x00,
  0x00, 0x00, 0x00, 0x00, 0x00, 0x00, 0x00, 0x00, 0x00, 0x00, 0x00, 0x00, 0x00, 0x00, 0x00, 0x00,
  0x00, 0x00, 0x00, 0x00, 0x00, 0x00, 0x00, 0x00, 0x00, 0x00, 0x00, 0x00, 0x00, 0x00, 0x00, 0x00,
  0x00, 0x00, 0x00, 0x00, 0x00, 0x00, 0x00, 0x00, 0x00, 0x00, 0x00, 0x00, 0x00, 0x00, 0x00, 0x00,
  0x00, 0x00, 0x00, 0x00, 0x00, 0x00, 0x00, 0x00, 0x00, 0x00, 0x00, 0x00, 0x00, 0x00, 0x00, 0x00,
  0x00, 0x00, 0x00, 0x00, 0x00, 0x00, 0x00, 0x00, 0x00, 0x00, 0x00, 0x00, 0x00, 0x00, 0x00, 0x00,
  0x00, 0x00, 0x00, 0x00, 0x00, 0x00, 0x00, 0x00, 0x00, 0x00, 0x00, 0x00, 0x00, 0x00, 0x00, 0x00,
  0x00, 0x00, 0x00, 0x00, 0x00, 0x00, 0x00, 0x00, 0x00, 0x00, 0x00, 0x00, 0x00, 0x00, 0x00, 0x00,
  0x00, 0x00, 0x00, 0x00, 0x00, 0x00, 0x00, 0x00, 0x00, 0x00, 0x00, 0x00, 0x00, 0x00, 0x00, 0x00,
  0x00, 0x00, 0x00, 0x00, 0x00, 0x00, 0x00, 0x00, 0x00, 0x00, 0x00, 0x00, 0x00, 0x00, 0x00, 0x00,
  0x00, 0x00, 0x00, 0x00, 0x00, 0x00, 0x00, 0x00, 0x00, 0x00, 0x00, 0x00, 0x00, 0x00, 0x00, 0x00,
  0x00, 0x00, 0x00, 0x00, 0x00, 0x00, 0x00, 0x00, 0x00, 0x00, 0x00, 0x00, 0x00, 0x00, 0x00, 0x00,
  0x00, 0x00, 0x00, 0x00, 0x00, 0x00, 0x00, 0x00, 0x00, 0x00, 0x00, 0x00, 0x00, 0x00, 0x00, 0x00,
  0x00, 0x00, 0x00, 0x00, 0x00, 0x00, 0x00, 0x00, 0x00, 0x00, 0x00, 0x00, 0x00, 0x00, 0x00, 0x00,
  0x00, 0x00, 0x00, 0x00, 0x00, 0x00, 0x00, 0x00, 0x00, 0x00, 0x00, 0x00, 0x00, 0x00, 0x00, 0x00,
  0x00, 0x00, 0x00, 0x00, 0x00, 0x00, 0x00, 0x00, 0x00, 0x00, 0x00, 0x00, 0x00, 0x00, 0x00, 0x00,
  0x00, 0x00, 0x00, 0x00, 0x00, 0x00, 0x00, 0x00, 0x00, 0x00, 0x00, 0x00, 0x00, 0x00, 0x00, 0x00,
  0x00, 0x00, 0x00, 0x00, 0x00, 0x00, 0x00, 0x00, 0x00, 0x00, 0x00, 0x00, 0x00, 0x00, 0x00, 0x00,
  0x00, 0x00, 0x00, 0x00, 0x00, 0x00, 0x00, 0x00, 0x00, 0x00, 0x00, 0x00, 0x00, 0x00, 0x00, 0x00,
  0x00, 0x00, 0x00, 0x00, 0x00, 0x00, 0x00, 0x00, 0x00, 0x00, 0x00, 0x00, 0x00, 0x00, 0x00, 0x00,
  0x00, 0x00, 0x00, 0x00, 0x00, 0x00, 0x00, 0x00, 0x00, 0x00, 0x00, 0x00, 0x00, 0x00, 0x00, 0x00,
  0x00, 0x00, 0x00, 0x00, 0x00, 0x00, 0x00, 0x00, 0x00, 0x00, 0x00, 0x00, 0x00, 0x00, 0x00, 0x00,
  0x00, 0x00, 0x00, 0x00, 0x00, 0x00, 0x00, 0x00, 0x00, 0x00, 0x00, 0x00, 0x00, 0x00, 0x00, 0x00,
  0x00, 0x00, 0x00, 0x00, 0x00, 0x00, 0x00, 0x00, 0x00, 0x00, 0x00, 0x00, 0x00, 0x00, 0x00, 0x00,
  0x00, 0x00, 0x00, 0x00, 0x00, 0x00, 0x00, 0x00, 0x00, 0x00, 0x00, 0x00, 0x00, 0x00, 0x00, 0x00,
  0x00, 0x00, 0x00, 0x00, 0x00, 0x00, 0x00, 0x00, 0x00, 0x00, 0x00, 0x00, 0x00, 0x00, 0x00, 0x00,
  0x00, 0x00, 0x00, 0x00, 0x00, 0x00, 0x00, 0x00, 0x00, 0x00, 0x00, 0x00, 0x00, 0x00, 0x00, 0x00,
  0x00, 0x00, 0x00, 0x00, 0x00, 0x00, 0x00, 0x00, 0x00, 0x00, 0x00, 0x00, 0x00, 0x00, 0x00, 0x00,
  0x00, 0x00, 0x00, 0x00, 0x00, 0x00, 0x00, 0x00, 0x00, 0x00, 0x00, 0x00, 0x00, 0x00, 0x00, 0x00,
  0x00, 0x00, 0x00, 0x00, 0x00, 0x00, 0x00, 0x00, 0x00, 0x00, 0x00, 0x00, 0x00, 0x00, 0x00, 0x00,
  0x00, 0x00, 0x00, 0x00, 0x00, 0x00, 0x00, 0x00, 0x00, 0x00, 0x00, 0x00, 0x00, 0x00, 0x00, 0x00,
  0x00, 0x00, 0x00, 0x00, 0x00, 0x00, 0x00, 0x00, 0x00, 0x00, 0x00, 0x00, 0x00, 0x00, 0x00, 0x00,
  0x00, 0x00, 0x00, 0x00, 0x00, 0x00, 0x00, 0x00, 0x00, 0x00, 0x00, 0x00, 0x00, 0x00, 0x00, 0x00,
  0x00, 0x00, 0x00, 0x00, 0x00, 0x00, 0x00, 0x00, 0x00, 0x00, 0x00, 0x00, 0x00, 0x00, 0x00, 0x00,
  0x00, 0x00, 0x00, 0x00, 0x00, 0x00, 0x00, 0x00, 0x00, 0x00, 0x00, 0x00, 0x00, 0x00, 0x00, 0x00,
  0x00, 0x00, 0x00, 0x00, 0x00, 0x00, 0x00, 0x00, 0x00, 0x00, 0x00, 0x00, 0x00, 0x00, 0x00, 0x00,
  0x00, 0x00, 0x00, 0x00, 0x00, 0x00, 0x00, 0x00, 0x00, 0x00, 0x00, 0x00, 0x00, 0x00, 0x00, 0x00,
  0x00, 0x00, 0x00, 0x00, 0x00, 0x00, 0x00, 0x00, 0x00, 0x00, 0x00, 0x00, 0x00, 0x00, 0x00, 0x00,
  0x00, 0x00, 0x00, 0x00, 0x00, 0x00, 0x00, 0x00, 0x00, 0x00, 0x00, 0x00, 0x00, 0x00, 0x00, 0x00,
  0x00, 0x00, 0x00, 0x00, 0x00, 0x00, 0x00, 0x00, 0x00, 0x00, 0x00, 0x00, 0x00, 0x00, 0x00, 0x00,
  0x00, 0x00, 0x00, 0x00, 0x00, 0x00, 0x00, 0x00, 0x00, 0x00, 0x00, 0x00, 0x00, 0x00, 0x00, 0x00,
  0x00, 0x00, 0x00, 0x00, 0x00, 0x00, 0x00, 0x00, 0x00, 0x00, 0x00, 0x00, 0x00, 0x00, 0x00, 0x00,
  0x00, 0x00, 0x00, 0x00, 0x00, 0x00, 0x00, 0x00, 0x00, 0x00, 0x00, 0x00, 0x00, 0x00, 0x00, 0x00,
  0x00, 0x00, 0x00, 0x00, 0x00, 0x00, 0x00, 0x00, 0x00, 0x00, 0x00, 0x00, 0x00, 0x00, 0x00, 0x00,
  0x00, 0x00, 0x00, 0x00, 0x00, 0x00, 0x00, 0x00, 0x00, 0x00, 0x00, 0x00, 0x00, 0x00, 0x00, 0x00,
  0x00, 0x00, 0x00, 0x00, 0x00, 0x00, 0x00, 0x00, 0x00, 0x00, 0x00, 0x00, 0x00, 0x00, 0x00, 0x00,
  0x00, 0x00, 0x00, 0x00, 0x00, 0x00, 0x00, 0x00, 0x00, 0x00, 0x00, 0x00, 0x00, 0x00, 0x00, 0x00,
  0x00, 0x00, 0x00, 0x00, 0x00, 0x00, 0x00, 0x00, 0x00, 0x00, 0x00, 0x00, 0x00, 0x00, 0x00, 0x00,
  0x00, 0x00, 0x00, 0x00, 0x00, 0x00, 0x00, 0x00, 0x00, 0x00, 0x00, 0x00, 0x00, 0x00, 0x00, 0x00,
  0x00, 0x00, 0x00, 0x00, 0x00, 0x00, 0x00, 0x00, 0x00, 0x00, 0x00, 0x00, 0x00, 0x00, 0x00, 0x00,
  0x00, 0x00, 0x00, 0x00, 0x00, 0x00, 0x00, 0x00, 0x00, 0x00, 0x00, 0x00, 0x00, 0x00, 0x00, 0x00,
  0x00, 0x00, 0x00, 0x00, 0x00, 0x00, 0x00, 0x00, 0x00, 0x00, 0x00, 0x00, 0x00, 0x00, 0x00, 0x00,
  0x00, 0x00, 0x00, 0x00, 0x00, 0x00, 0x00, 0x00, 0x00, 0x00, 0x00, 0x00, 0x00, 0x00, 0x00, 0x00,
  0x00, 0x00, 0x00, 0x00, 0x00, 0x00, 0x00, 0x00, 0x00, 0x00, 0x00, 0x00, 0x00, 0x00, 0x00, 0x00,
  0x00, 0x00, 0x00, 0x00, 0x00, 0x00, 0x00, 0x00, 0x00, 0x00, 0x00, 0x00, 0x00, 0x00, 0x00, 0x00,
  0x00, 0x00, 0x00, 0x00, 0x00, 0x00, 0x00, 0x00, 0x00, 0x00, 0x00, 0x00, 0x00, 0x00, 0x00, 0x00,
  0x00, 0x00, 0x00, 0x00, 0x00, 0x00, 0x00, 0x00, 0x00, 0x00, 0x00, 0x00, 0x00, 0x00, 0x00, 0x00,
  0x00, 0x00, 0x00, 0x00, 0x00, 0x00, 0x00, 0x00, 0x00, 0x00, 0x00, 0x00, 0x00, 0x00, 0x00, 0x00,
  0x00, 0x00, 0x00, 0x00, 0x00, 0x00, 0x00, 0x00, 0x00, 0x00, 0x00, 0x00, 0x00, 0x00, 0x00, 0x00,
  0x00, 0x00, 0x00, 0x00, 0x00, 0x00, 0x00, 0x00, 0x00, 0x00, 0x00, 0x00, 0x00, 0x00, 0x00, 0x00,
  0x00, 0x00, 0x00, 0x00, 0x00, 0x00, 0x00, 0x00, 0x00, 0x00, 0x00, 0x00, 0x00, 0x00, 0x00, 0x00,
  0x00, 0x00, 0x00, 0x00, 0x00, 0x00, 0x00, 0x00, 0x00, 0x00, 0x00, 0x00, 0x00, 0x00, 0x00, 0x00,
  0x00, 0x00, 0x00, 0x00, 0x00, 0x00, 0x00, 0x00, 0x00, 0x00, 0x00, 0x00, 0x00, 0x00, 0x00, 0x00,
  0x00, 0x00, 0x00, 0x00, 0x00, 0x00, 0x00, 0x00, 0x00, 0x00, 0x00, 0x00, 0x00, 0x00, 0x00, 0x00,
  0x00, 0x00, 0x00, 0x00, 0x00, 0x00, 0x00, 0x00, 0x00, 0x00, 0x00, 0x00, 0x00, 0x00, 0x00, 0x00,
  0x00, 0x00, 0x00, 0x00, 0x00, 0x00, 0x00, 0x00, 0x00, 0x00, 0x00, 0x00, 0x00, 0x00, 0x00, 0x00,
  0x00, 0x00, 0x00, 0x00, 0x00, 0x00, 0x00, 0x00, 0x00, 0x00, 0x00, 0x00, 0x00, 0x00, 0x00, 0x00,
  0x00, 0x00, 0x00, 0x00, 0x00, 0x00, 0x00, 0x00, 0x00, 0x00, 0x00, 0x00, 0x00, 0x00, 0x00, 0x00,
  0x00, 0x00, 0x00, 0x00, 0x00, 0x00, 0x00, 0x00, 0x00, 0x00, 0x00, 0x00, 0x00, 0x00, 0x00, 0x00,
  0x00, 0x00, 0x00, 0x00, 0x00, 0x00, 0x00, 0x00, 0x00, 0x00, 0x00, 0x00, 0x00, 0x00, 0x00, 0x00,
  0x00, 0x00, 0x00, 0x00, 0x00, 0x00, 0x00, 0x00, 0x00, 0x00, 0x00, 0x00, 0x00, 0x00, 0x00, 0x00,
  0x00, 0x00, 0x00, 0x00, 0x00, 0x00, 0x00, 0x00, 0x00, 0x00, 0x00, 0x00, 0x00, 0x00, 0x00, 0x00,
  0x00, 0x00, 0x00, 0x00, 0x00, 0x00, 0x00, 0x00, 0x00, 0x00, 0x00, 0x00, 0x00, 0x00, 0x00, 0x00,
  0x00, 0x00, 0x00, 0x00, 0x00, 0x00, 0x00, 0x00, 0x00, 0x00, 0x00, 0x00, 0x00, 0x00, 0x00, 0x00,
  0x00, 0x00, 0x00, 0x00, 0x00, 0x00, 0x00, 0x00, 0x00, 0x00, 0x00, 0x00, 0x00, 0x00, 0x00, 0x00,
  0x00, 0x00, 0x00, 0x00, 0x00, 0x00, 0x00, 0x00, 0x00, 0x00, 0x00, 0x00, 0x00, 0x00, 0x00, 0x00,
  0x00, 0x00, 0x00, 0x00, 0x00, 0x00, 0x00, 0x00, 0x00, 0x00, 0x00, 0x00, 0x00, 0x00, 0x00, 0x00,
  0x00, 0x00, 0x00, 0x00, 0x00, 0x00, 0x00, 0x01, 0x00, 0x00, 0x00, 0x01, 0x00, 0x00, 0x00, 0x00,
  0x00, 0x00, 0x00, 0x00, 0x00, 0x00, 0x00, 0x00, 0x00, 0x00, 0x00, 0x00, 0x00, 0x00, 0x00, 0x00,
  0x00, 0x00, 0x00, 0x00, 0x00, 0x00, 0x00, 0x00, 0x00, 0x00, 0x00, 0x00, 0x00, 0x00, 0x00, 0x00,
  0x00, 0x00, 0x00, 0x00, 0x00, 0x00, 0x00, 0x00, 0x00, 0x00, 0x00, 0x00, 0x00, 0x00, 0x00, 0x00,
  0x00, 0x00, 0x00, 0x00, 0x00, 0x00, 0x00, 0x00, 0x00, 0x00, 0x00, 0x00, 0x00, 0x00, 0x00, 0x00,
  0x00, 0x00, 0x00, 0x00, 0x00, 0x00, 0x00, 0x00, 0x00, 0x00, 0x00, 0x00, 0x00, 0x00, 0x00, 0x00,
  0x00, 0x00, 0x00, 0x00, 0x00, 0x00, 0x00, 0x00, 0x00, 0x00, 0x00, 0x00, 0x00, 0x00, 0x00, 0x00,
  0x00, 0x00, 0x00, 0x00, 0x00, 0x00, 0x00, 0x00, 0x00, 0x00, 0x00, 0x00, 0x00, 0x00, 0x00, 0x00,
  0x00, 0x00, 0x00, 0x00, 0x00, 0x00, 0x00, 0x00, 0x00, 0x00, 0x00, 0x00, 0x00, 0x00, 0x00, 0x00,
  0x00, 0x00, 0x00, 0x00, 0x00, 0x00, 0x00, 0x00, 0x00, 0x00, 0x00, 0x00, 0x00, 0x00, 0x00, 0x00,
  0x00, 0x00, 0x00, 0x00, 0x00, 0x00, 0x00, 0x00, 0x00, 0x00, 0x00, 0x00, 0x00, 0x00, 0x00, 0x00,
  0x00, 0x00, 0x00, 0x00, 0x00, 0x00, 0x00, 0x00, 0x00, 0x00, 0x00, 0x00, 0x00, 0x00, 0x00, 0x00,
  0x00, 0x00, 0x3f, 0x04, 0x00, 0x00, 0x2a, 0x0c, 0x00, 0x00, 0x38, 0x09, 0x00, 0x00, 0x00, 0x02,
  0x00, 0x00, 0x00, 0x00, 0x00, 0x00, 0x00, 0x00, 0x00, 0x00, 0x00, 0x00, 0x00, 0x00, 0x00, 0x00,
  0x00, 0x00, 0x00, 0x00, 0x00, 0x00, 0x00, 0x00, 0x00, 0x00, 0x00, 0x00, 0x00, 0x00, 0x00, 0x00,
  0x00, 0x00, 0x00, 0x00, 0x00, 0x00, 0x00, 0x00, 0x00, 0x00, 0x00, 0x00, 0x00, 0x00, 0x00, 0x00,
  0x00, 0x00, 0x00, 0x00, 0x00, 0x00, 0x00, 0x00, 0x00, 0x00, 0x00, 0x00, 0x00, 0x00, 0x00, 0x00,
  0x00, 0x00, 0x00, 0x00, 0x00, 0x00, 0x00, 0x00, 0x00, 0x00, 0x00, 0x00, 0x00, 0x00, 0x00, 0x00,
  0x00, 0x00, 0x00, 0x00, 0x00, 0x00, 0x00, 0x00, 0x00, 0x00, 0x00, 0x00, 0x00, 0x00, 0x00, 0x00,
  0x00, 0x00, 0x00, 0x00, 0x00, 0x00, 0x00, 0x00, 0x00, 0x00, 0x00, 0x00, 0x00, 0x00, 0x00, 0x00,
  0x00, 0x00, 0x00, 0x00, 0x00, 0x00, 0x00, 0x00, 0x00, 0x00, 0x00, 0x00, 0x00, 0x00, 0x00, 0x00,
  0x00, 0x00, 0x00, 0x00, 0x00, 0x00, 0x00, 0x00, 0x00, 0x00, 0x00, 0x00, 0x00, 0x00, 0x00, 0x00,
  0x00, 0x00, 0x00, 0x00, 0x00, 0x00, 0x00, 0x00, 0x00, 0x00, 0x00, 0x00, 0x00, 0x00, 0x00, 0x00,
  0x00, 0x00, 0x00, 0x00, 0x00, 0x00, 0x00, 0x01, 0x00, 0x00, 0x00, 0x01, 0x00, 0x00, 0x00, 0x03,
  0x00, 0x00, 0x44, 0x0f, 0x10, 0x10, 0x5a, 0x1f, 0x12, 0x09, 0x48, 0x1c, 0x00, 0x00, 0x1c, 0x09,
  0x00, 0x00, 0x00, 0x00, 0x00, 0x00, 0x00, 0x00, 0x00, 0x00, 0x00, 0x00, 0x00, 0x00, 0x00, 0x00,
  0x00, 0x00, 0x00, 0x00, 0x00, 0x00, 0x00, 0x01, 0x00, 0x00, 0x00, 0x01, 0x00, 0x00, 0x00, 0x00,
  0x00, 0x00, 0x00, 0x00, 0x00, 0x00, 0x00, 0x00, 0x00, 0x00, 0x00, 0x00, 0x00, 0x00, 0x00, 0x00,
  0x00, 0x00, 0x00, 0x00, 0x00, 0x00, 0x00, 0x00, 0x00, 0x00, 0x00, 0x00, 0x00, 0x00, 0x00, 0x00,
  0x00, 0x00, 0x00, 0x00, 0x00, 0x00, 0x00, 0x00, 0x00, 0x00, 0x00, 0x00, 0x00, 0x00, 0x00, 0x00,
  0x00, 0x00, 0x00, 0x00, 0x00, 0x00, 0x00, 0x00, 0x00, 0x00, 0x00, 0x00, 0x00, 0x00, 0x00, 0x00,
  0x00, 0x00, 0x00, 0x00, 0x00, 0x00, 0x00, 0x00, 0x00, 0x00, 0x00, 0x00, 0x00, 0x00, 0x00, 0x00,
  0x00, 0x00, 0x00, 0x00, 0x00, 0x00, 0x00, 0x00, 0x00, 0x00, 0x00, 0x00, 0x00, 0x00, 0x00, 0x00,
  0x00, 0x00, 0x00, 0x00, 0x00, 0x00, 0x00, 0x01, 0x00, 0x00, 0x00, 0x01, 0x00, 0x00, 0x00, 0x00,
  0x00, 0x00, 0x00, 0x00, 0x00, 0x00, 0x00, 0x00, 0x00, 0x00, 0x00, 0x00, 0x00, 0x00, 0x00, 0x00,
  0x00, 0x00, 0x00, 0x00, 0x00, 0x00, 0x3f, 0x04, 0x00, 0x00, 0x19, 0x0a, 0x0b, 0x0b, 0x45, 0x16,
  0x12, 0x0e, 0x67, 0x36, 0x17, 0x14, 0x88, 0x56, 0x16, 0x10, 0x7f, 0x4e, 0x0f, 0x07, 0x52, 0x22,
  0x00, 0x00, 0x00, 0x06, 0x00, 0x00, 0x00, 0x01, 0x00, 0x00, 0x00, 0x00, 0x00, 0x00, 0x00, 0x00,
  0x00, 0x00, 0x00, 0x01, 0x00, 0x00, 0x00, 0x07, 0x00, 0x00, 0x19, 0x0a, 0x00, 0x00, 0x33, 0x05,
  0x00, 0x00, 0x00, 0x01, 0x00, 0x00, 0x00, 0x00, 0x00, 0x00, 0x00, 0x00, 0x00, 0x00, 0x00, 0x01,
  0x00, 0x00, 0x00, 0x01, 0x00, 0x00, 0x00, 0x00, 0x00, 0x00, 0x00, 0x01, 0x00, 0x00, 0x00, 0x02,
  0x00, 0x00, 0x00, 0x04, 0x00, 0x00, 0x00, 0x04, 0x00, 0x00, 0x00, 0x01, 0x00, 0x00, 0x00, 0x00,
  0x00, 0x00, 0x00, 0x00, 0x00, 0x00, 0x00, 0x00, 0x00, 0x00, 0x00, 0x02, 0x00, 0x00, 0x00, 0x04,
  0x00, 0x00, 0x00, 0x03, 0x00, 0x00, 0x00, 0x01, 0x00, 0x00, 0x00, 0x00, 0x00, 0x00, 0x00, 0x00,
  0x00, 0x00, 0x00, 0x00, 0x00, 0x00, 0x00, 0x00, 0x00, 0x00, 0x00, 0x00, 0x00, 0x00, 0x00, 0x01,
  0x00, 0x00, 0x00, 0x08, 0x00, 0x00, 0x27, 0x0d, 0x00, 0x00, 0x33, 0x0a, 0x00, 0x00, 0x00, 0x03,
  0x00, 0x00, 0x00, 0x00, 0x00, 0x00, 0x00, 0x01, 0x00, 0x00, 0x00, 0x00, 0x00, 0x00, 0x00, 0x00,
  0x00, 0x00, 0x00, 0x00, 0x0e, 0x0e, 0x55, 0x12, 0x14, 0x0f, 0x64, 0x33, 0x16, 0x13, 0x84, 0x4f,
  0x1e, 0x19, 0xae, 0x8c, 0x24, 0x1d, 0xcd, 0xc5, 0x21, 0x1d, 0xc3, 0xaf, 0x1b, 0x16, 0x8d, 0x5c,
  0x10, 0x08, 0x4a, 0x1f, 0x00, 0x00, 0x00, 0x07, 0x00, 0x00, 0x00, 0x01, 0x00, 0x00, 0x00, 0x03,
  0x00, 0x00, 0x33, 0x0f, 0x0e, 0x0e, 0x5c, 0x24, 0x15, 0x10, 0x61, 0x2f, 0x0f, 0x0f, 0x4f, 0x20,
  0x00, 0x00, 0x27, 0x0d, 0x00, 0x00, 0x00, 0x06, 0x00, 0x00, 0x24, 0x07, 0x00, 0x00, 0x33, 0x0a,
  0x00, 0x00, 0x33, 0x0a, 0x00, 0x00, 0x1c, 0x09, 0x00, 0x00, 0x2e, 0x0b, 0x00, 0x0f, 0x3c, 0x11,
  0x09, 0x12, 0x48, 0x1c, 0x13, 0x13, 0x44, 0x1a, 0x00, 0x00, 0x27, 0x0d, 0x00, 0x00, 0x00, 0x03,
  0x00, 0x00, 0x00, 0x00, 0x00, 0x00, 0x00, 0x03, 0x00, 0x00, 0x27, 0x0d, 0x16, 0x0b, 0x42, 0x17,
  0x0b, 0x0b, 0x42, 0x17, 0x12, 0x00, 0x36, 0x0e, 0x00, 0x00, 0x00, 0x04, 0x00, 0x00, 0x00, 0x00,
  0x00, 0x00, 0x00, 0x00, 0x00, 0x00, 0x00, 0x00, 0x00, 0x00, 0x00, 0x02, 0x00, 0x00, 0x2f, 0x10,
  0x12, 0x0c, 0x5d, 0x29, 0x11, 0x11, 0x6e, 0x3c, 0x10, 0x0b, 0x63, 0x2e, 0x00, 0x0e, 0x38, 0x12,
  0x00, 0x00, 0x00, 0x02, 0x00, 0x00, 0x00, 0x00, 0x00, 0x00, 0x00, 0x00, 0x00, 0x00, 0x00, 0x00,
  0x00, 0x00, 0x00, 0x00, 0x1a, 0x14, 0x96, 0x31, 0x1b, 0x17, 0x9c, 0x81, 0x21, 0x1c, 0xb9, 0xa2,
  0x26, 0x20, 0xdf, 0xe5, 0x2e, 0x26, 0xfd, 0xff, 0x29, 0x24, 0xeb, 0xf7, 0x21, 0x1b, 0xbe, 0xa7,
  0x1a, 0x14, 0x8b, 0x58, 0x15, 0x10, 0x67, 0x2f, 0x0e, 0x0e, 0x50, 0x23, 0x12, 0x0c, 0x5d, 0x29,
  0x13, 0x13, 0x77, 0x40, 0x1b, 0x15, 0x8f, 0x5e, 0x1a, 0x15, 0x96, 0x69, 0x18, 0x15, 0x87, 0x55,
  0x15, 0x11, 0x6d, 0x3a, 0x11, 0x0b, 0x60, 0x2d, 0x0f, 0x0f, 0x64, 0x30, 0x12, 0x12, 0x6c, 0x36,
  0x12, 0x12, 0x6d, 0x38, 0x12, 0x12, 0x6a, 0x37, 0x15, 0x11, 0x70, 0x3b, 0x17, 0x14, 0x7d, 0x4b,
  0x18, 0x15, 0x90, 0x5f, 0x16, 0x16, 0x8d, 0x5c, 0x14, 0x14, 0x71, 0x3f, 0x0e, 0x0e, 0x50, 0x23,
  0x09, 0x09, 0x48, 0x1c, 0x13, 0x0c, 0x59, 0x28, 0x17, 0x0f, 0x79, 0x41, 0x17, 0x14, 0x88, 0x56,
  0x17, 0x14, 0x88, 0x56, 0x17, 0x13, 0x73, 0x42, 0x0e, 0x0e, 0x55, 0x24, 0x12, 0x12, 0x36, 0x0e,
  0x00, 0x00, 0x24, 0x07, 0x00, 0x00, 0x19, 0x0a, 0x10, 0x10, 0x52, 0x1f, 0x15, 0x11, 0x7b, 0x48,
  0x1c, 0x18, 0x9d, 0x73, 0x1d, 0x1a, 0xad, 0x89, 0x1c, 0x17, 0x9f, 0x76, 0x16, 0x13, 0x81, 0x4f,
  0x10, 0x10, 0x61, 0x2f, 0x07, 0x07, 0x3f, 0x20, 0x00, 0x00, 0x33, 0x0a, 0x00, 0x00, 0x00, 0x00,
  0x00, 0x00, 0x00, 0x00, 0x24, 0x1b, 0xbf, 0x54, 0x22, 0x1d, 0xc5, 0xc7, 0x27, 0x20, 0xd6, 0xd7,
  0x29, 0x23, 0xed, 0xfd, 0x2d, 0x26, 0xfc, 0xfe, 0x2a, 0x23, 0xef, 0xfa, 0x23, 0x1d, 0xcc, 0xc4,
  0x1e, 0x19, 0xae, 0x8e, 0x1e, 0x16, 0xa5, 0x7e, 0x1e, 0x1a, 0xab, 0x86, 0x20, 0x19, 0xb4, 0x94,
  0x20, 0x19, 0xb7, 0x9d, 0x20, 0x1b, 0xb8, 0x9c, 0x1f, 0x1a, 0xb5, 0x98, 0x20, 0x1a, 0xb2, 0x8f,
  0x1f, 0x18, 0xac, 0x88, 0x1e, 0x1a, 0xab, 0x87, 0x1e, 0x19, 0xae, 0x8e, 0x20, 0x19, 0xb4, 0x96,
  0x1f, 0x1a, 0xb6, 0x98, 0x1e, 0x1a, 0xb5, 0x98, 0x1f, 0x1a, 0xb7, 0x9c, 0x21, 0x1b, 0xbf, 0xa9,
  0x22, 0x1c, 0xc6, 0xba, 0x22, 0x1d, 0xc7, 0xb7, 0x21, 0x1c, 0xba, 0xa1, 0x1e, 0x18, 0xab, 0x86,
  0x1e, 0x18, 0xa5, 0x7e, 0x1e, 0x1a, 0xac, 0x85, 0x21, 0x19, 0xb5, 0x98, 0x22, 0x1c, 0xc0, 0xab,
  0x22, 0x1b, 0xc5, 0xb1, 0x1f, 0x1a, 0xb9, 0xa2, 0x1b, 0x19, 0xa1, 0x80, 0x17, 0x14, 0x85, 0x56,
  0x13, 0x0f, 0x73, 0x40, 0x17, 0x14, 0x82, 0x4c, 0x1b, 0x19, 0xa0, 0x77, 0x21, 0x1b, 0xbd, 0xa8,
  0x22, 0x1d, 0xcc, 0xbe, 0x22, 0x1e, 0xc8, 0xbb, 0x24, 0x1b, 0xc2, 0xb1, 0x23, 0x1c, 0xc2, 0xac,
  0x21, 0x1c, 0xc1, 0xa9, 0x23, 0x1d, 0xc2, 0xae, 0x22, 0x1b, 0xc3, 0x49, 0x00, 0x00, 0x00, 0x00,
  0x00, 0x00, 0x00, 0x00, 0x25, 0x1e, 0xd1, 0x65, 0x26, 0x20, 0xd5, 0xe6, 0x28, 0x20, 0xde, 0xe4,
  0x2b, 0x23, 0xeb, 0xfd, 0x2a, 0x23, 0xed, 0xfe, 0x27, 0x1f, 0xd9, 0xd9, 0x1f, 0x1a, 0xb5, 0x99,
  0x1e, 0x18, 0xa3, 0x7e, 0x20, 0x1b, 0xb1, 0x97, 0x25, 0x1f, 0xd3, 0xd3, 0x29, 0x21, 0xe9, 0xf4,
  0x28, 0x22, 0xe5, 0xf0, 0x26, 0x1f, 0xd4, 0xd0, 0x22, 0x1d, 0xc8, 0xb7, 0x23, 0x1e, 0xc9, 0xba,
  0x25, 0x1f, 0xd1, 0xcb, 0x26, 0x21, 0xd9, 0xdc, 0x28, 0x20, 0xdf, 0xea, 0x29, 0x23, 0xe4, 0xef,
  0x29, 0x23, 0xe4, 0xf0, 0x27, 0x21, 0xe2, 0xee, 0x27, 0x20, 0xde, 0xe7, 0x27, 0x1f, 0xdd, 0xe4,
  0x25, 0x20, 0xdd, 0xe5, 0x28, 0x21, 0xe0, 0xeb, 0x29, 0x22, 0xe6, 0xf1, 0x28, 0x22, 0xe7, 0xef,
  0x29, 0x22, 0xe1, 0xec, 0x25, 0x1e, 0xd6, 0xd7, 0x22, 0x1d, 0xcc, 0xc1, 0x23, 0x1e, 0xcf, 0xc7,
  0x28, 0x20, 0xde, 0xe2, 0x28, 0x22, 0xe5, 0xf3, 0x28, 0x21, 0xe1, 0xe9, 0x23, 0x1e, 0xcb, 0xc7,
  0x22, 0x1b, 0xbe, 0xaa, 0x23, 0x1d, 0xc3, 0xb3, 0x25, 0x20, 0xd3, 0xd2, 0x26, 0x21, 0xda, 0xdd,
  0x24, 0x1d, 0xca, 0xbe, 0x20, 0x19, 0xb3, 0x97, 0x1f, 0x1a, 0xb0, 0x92, 0x24, 0x1d, 0xc6, 0xb8,
  0x26, 0x20, 0xdd, 0xe4, 0x30, 0x27, 0xff, 0xff, 0x2c, 0x22, 0xf6, 0x7e, 0x00, 0x00, 0x00, 0x00,
  0x00, 0x00, 0x00, 0x00, 0x23, 0x1d, 0xc8, 0x5e, 0x24, 0x1e, 0xcd, 0xd8, 0x26, 0x20, 0xdd, 0xdf,
  0x2a, 0x23, 0xec, 0xfd, 0x29, 0x22, 0xe8, 0xf8, 0x21, 0x1c, 0xbf, 0xa9, 0x17, 0x13, 0x7d, 0x4d,
  0x15, 0x10, 0x67, 0x2f, 0x18, 0x14, 0x7f, 0x4a, 0x20, 0x1c, 0xbd, 0xa3, 0x2a, 0x21, 0xe9, 0xf8,
  0x2d, 0x26, 0xfb, 0xff, 0x29, 0x22, 0xe6, 0xf4, 0x25, 0x1e, 0xd9, 0xd7, 0x27, 0x1f, 0xd5, 0xd0,
  0x26, 0x1f, 0xd9, 0xd8, 0x27, 0x1f, 0xdf, 0xe8, 0x2a, 0x23, 0xe8, 0xfd, 0x2c, 0x25, 0xf4, 0xff,
  0x2c, 0x25, 0xf2, 0xff, 0x28, 0x21, 0xe4, 0xf3, 0x26, 0x1f, 0xd9, 0xdc, 0x25, 0x1e, 0xcf, 0xc7,
  0x24, 0x1d, 0xc9, 0xbf, 0x25, 0x1e, 0xd3, 0xce, 0x29, 0x22, 0xe8, 0xf8, 0x2e, 0x26, 0xff, 0xff,
  0x2b, 0x24, 0xf3, 0xff, 0x24, 0x1e, 0xce, 0xc8, 0x1d, 0x18, 0xad, 0x89, 0x1e, 0x1a, 0xab, 0x86,
  0x24, 0x1c, 0xcb, 0xc2, 0x2c, 0x25, 0xf4, 0xff, 0x30, 0x27, 0xff, 0xff, 0x2d, 0x25, 0xf6, 0xff,
  0x29, 0x22, 0xe8, 0xf6, 0x28, 0x20, 0xe0, 0xea, 0x27, 0x20, 0xd8, 0xdc, 0x22, 0x1e, 0xc2, 0xb2,
  0x1c, 0x17, 0x9c, 0x6d, 0x11, 0x11, 0x74, 0x3b, 0x13, 0x0e, 0x6b, 0x34, 0x19, 0x12, 0x8a, 0x51,
  0x1e, 0x18, 0xaa, 0x7c, 0x22, 0x1e, 0xc6, 0xb0, 0x24, 0x1e, 0xce, 0x54, 0x00, 0x00, 0x00, 0x00,
  0x00, 0x00, 0x00, 0x00, 0x20, 0x1c, 0xaf, 0x47, 0x21, 0x1b, 0xb7, 0xaa, 0x23, 0x1e, 0xd2, 0xc9,
  0x2a, 0x23, 0xef, 0xfb, 0x29, 0x23, 0xec, 0xfa, 0x1f, 0x1b, 0xb1, 0x8b, 0x13, 0x09, 0x3a, 0x1a,
  0x00, 0x00, 0x00, 0x02, 0x00, 0x00, 0x00, 0x09, 0x15, 0x12, 0x7b, 0x46, 0x23, 0x1d, 0xc6, 0xb6,
  0x2a, 0x23, 0xec, 0xfb, 0x2a, 0x23, 0xee, 0xfe, 0x28, 0x21, 0xe4, 0xee, 0x26, 0x21, 0xd6, 0xd0,
  0x23, 0x1c, 0xc8, 0xba, 0x23, 0x1c, 0xc9, 0xb9, 0x26, 0x1f, 0xd6, 0xd4, 0x28, 0x21, 0xe0, 0xe9,
  0x27, 0x21, 0xda, 0xde, 0x24, 0x1d, 0xca, 0xbc, 0x1f, 0x1a, 0xb6, 0x98, 0x1e, 0x18, 0xa4, 0x7f,
  0x1c, 0x18, 0x9e, 0x74, 0x1d, 0x18, 0xaa, 0x8a, 0x24, 0x1f, 0xcf, 0xc5, 0x29, 0x22, 0xe9, 0xf8,
  0x26, 0x20, 0xd9, 0xdc, 0x1d, 0x19, 0xa2, 0x79, 0x12, 0x0e, 0x67, 0x36, 0x13, 0x0e, 0x62, 0x34,
  0x1b, 0x17, 0x9e, 0x77, 0x28, 0x21, 0xe1, 0xe4, 0x30, 0x28, 0xff, 0xfe, 0x2f, 0x27, 0xff, 0xfe,
  0x2a, 0x24, 0xf1, 0xfe, 0x27, 0x20, 0xdb, 0xdc, 0x21, 0x1b, 0xbb, 0xa7, 0x19, 0x16, 0x91, 0x64,
  0x0d, 0x0d, 0x57, 0x26, 0x00, 0x00, 0x24, 0x07, 0x00, 0x00, 0x00, 0x03, 0x00, 0x00, 0x00, 0x07,
  0x0e, 0x00, 0x2a, 0x12, 0x0d, 0x06, 0x44, 0x25, 0x0d, 0x0d, 0x50, 0x13, 0x00, 0x00, 0x00, 0x00,
  0x00, 0x00, 0x00, 0x00, 0x1c, 0x17, 0xa0, 0x36, 0x1d, 0x18, 0xa6, 0x8a, 0x23, 0x1d, 0xc6, 0xb5,
  0x2a, 0x23, 0xee, 0xf6, 0x2d, 0x26, 0xf4, 0xff, 0x20, 0x1a, 0xb1, 0x8e, 0x00, 0x00, 0x1a, 0x13,
  0x00, 0x00, 0x00, 0x00, 0x00, 0x00, 0x00, 0x00, 0x13, 0x0c, 0x59, 0x28, 0x20, 0x1a, 0xae, 0x8e,
  0x27, 0x21, 0xde, 0xe7, 0x2b, 0x24, 0xf0, 0xff, 0x29, 0x22, 0xe6, 0xf7, 0x25, 0x1f, 0xd4, 0xd3,
  0x23, 0x1d, 0xc2, 0xad, 0x22, 0x1a, 0xbc, 0xa5, 0x23, 0x1d, 0xc8, 0xbc, 0x24, 0x20, 0xd3, 0xcf,
  0x24, 0x1e, 0xca, 0xbf, 0x20, 0x1b, 0xb3, 0x95, 0x1b, 0x16, 0x9c, 0x6f, 0x19, 0x14, 0x89, 0x59,
  0x18, 0x12, 0x82, 0x52, 0x1a, 0x13, 0x95, 0x6a, 0x21, 0x1b, 0xbd, 0xa7, 0x25, 0x1f, 0xd8, 0xe0,
  0x22, 0x1d, 0xc6, 0xb8, 0x16, 0x13, 0x7f, 0x4e, 0x0d, 0x0d, 0x35, 0x13, 0x0e, 0x00, 0x38, 0x12,
  0x16, 0x10, 0x7c, 0x4e, 0x26, 0x1f, 0xd7, 0xcc, 0x30, 0x28, 0xff, 0xff, 0x2f, 0x27, 0xff, 0xfe,
  0x2a, 0x22, 0xef, 0xfb, 0x24, 0x20, 0xd2, 0xcf, 0x1e, 0x19, 0xac, 0x8e, 0x14, 0x14, 0x7c, 0x4a,
  0x0b, 0x0b, 0x45, 0x16, 0x00, 0x00, 0x00, 0x00, 0x00, 0x00, 0x00, 0x00, 0x00, 0x00, 0x00, 0x00,
  0x00, 0x00, 0x00, 0x00, 0x00, 0x00, 0x00, 0x03, 0x00, 0x00, 0x00, 0x02, 0x00, 0x00, 0x00, 0x00,
  0x00, 0x00, 0x00, 0x00, 0x1a, 0x16, 0x9c, 0x39, 0x1e, 0x19, 0xa6, 0x8d, 0x23, 0x1d, 0xc6, 0xb4,
  0x29, 0x23, 0xeb, 0xf5, 0x2e, 0x26, 0xfb, 0xfe, 0x24, 0x1f, 0xcc, 0xbc, 0x15, 0x12, 0x74, 0x46,
  0x0a, 0x0a, 0x35, 0x18, 0x08, 0x08, 0x4a, 0x1f, 0x16, 0x14, 0x8c, 0x59, 0x23, 0x1d, 0xc4, 0xb4,
  0x28, 0x23, 0xe4, 0xef, 0x2a, 0x23, 0xec, 0xff, 0x28, 0x21, 0xe7, 0xfb, 0x27, 0x20, 0xe1, 0xea,
  0x26, 0x1f, 0xd8, 0xd8, 0x25, 0x1f, 0xd5, 0xd2, 0x27, 0x22, 0xde, 0xdd, 0x27, 0x22, 0xe1, 0xe7,
  0x26, 0x1e, 0xd5, 0xcf, 0x20, 0x1b, 0xbd, 0xa4, 0x1d, 0x17, 0xa7, 0x80, 0x19, 0x15, 0x9a, 0x6d,
  0x1a, 0x15, 0x9a, 0x6b, 0x1f, 0x18, 0xac, 0x88, 0x25, 0x1e, 0xd2, 0xca, 0x2a, 0x22, 0xec, 0xf8,
  0x24, 0x1e, 0xd5, 0xcf, 0x18, 0x13, 0x8e, 0x5d, 0x09, 0x13, 0x44, 0x1a, 0x0b, 0x0b, 0x42, 0x17,
  0x18, 0x13, 0x8a, 0x5c, 0x26, 0x20, 0xde, 0xdb, 0x31, 0x29, 0xff, 0xfd, 0x30, 0x28, 0xff, 0xfc,
  0x2d, 0x26, 0xfc, 0xff, 0x28, 0x21, 0xe2, 0xee, 0x23, 0x1e, 0xc9, 0xba, 0x1e, 0x18, 0xa6, 0x7f,
  0x12, 0x12, 0x79, 0x45, 0x0f, 0x07, 0x45, 0x21, 0x0c, 0x00, 0x30, 0x15, 0x0b, 0x0b, 0x2e, 0x16,
  0x09, 0x09, 0x48, 0x1c, 0x12, 0x0c, 0x57, 0x29, 0x0c, 0x0c, 0x55, 0x15, 0x00, 0x00, 0x00, 0x00,
  0x00, 0x00, 0x00, 0x00, 0x1b, 0x16, 0x9a, 0x38, 0x1d, 0x17, 0xa5, 0x8b, 0x22, 0x1c, 0xbe, 0xa3,
  0x27, 0x21, 0xdd, 0xe3, 0x2d, 0x26, 0xf9, 0xff, 0x29, 0x23, 0xe9, 0xf7, 0x24, 0x1d, 0xc7, 0xb8,
  0x1f, 0x19, 0xaf, 0x8a, 0x1f, 0x1a, 0xb4, 0x93, 0x24, 0x1e, 0xcb, 0xc2, 0x27, 0x21, 0xe0, 0xec,
  0x28, 0x20, 0xe4, 0xf5, 0x27, 0x1f, 0xe0, 0xe8, 0x27, 0x20, 0xdf, 0xe4, 0x27, 0x20, 0xe3, 0xf0,
  0x29, 0x22, 0xea, 0xff, 0x2c, 0x25, 0xf7, 0xff, 0x2d, 0x26, 0xfa, 0xff, 0x2c, 0x25, 0xf6, 0xff,
  0x28, 0x21, 0xe2, 0xee, 0x24, 0x1d, 0xcc, 0xc6, 0x21, 0x1c, 0xbd, 0xa8, 0x1f, 0x1a, 0xb3, 0x98,
  0x21, 0x1a, 0xb5, 0x99, 0x24, 0x1d, 0xc7, 0xb8, 0x29, 0x22, 0xe4, 0xf5, 0x2f, 0x27, 0xff, 0xff,
  0x27, 0x21, 0xe3, 0xed, 0x1d, 0x17, 0xa6, 0x81, 0x0e, 0x0e, 0x67, 0x36, 0x14, 0x0f, 0x64, 0x33,
  0x1e, 0x18, 0xa3, 0x7e, 0x28, 0x21, 0xe7, 0xef, 0x31, 0x29, 0xff, 0xff, 0x2e, 0x27, 0xfe, 0xff,
  0x2a, 0x23, 0xee, 0xfa, 0x28, 0x22, 0xe6, 0xf5, 0x27, 0x21, 0xe4, 0xf3, 0x27, 0x20, 0xdd, 0xe2,
  0x23, 0x1e, 0xcf, 0xc0, 0x21, 0x1b, 0xc0, 0xa6, 0x1f, 0x1a, 0xb5, 0x92, 0x21, 0x1b, 0xb1, 0x8b,
  0x1e, 0x1b, 0xb3, 0x8d, 0x20, 0x1b, 0xb5, 0xa4, 0x1e, 0x1a, 0xb5, 0x4c, 0x00, 0x00, 0x00, 0x00,
  0x00, 0x00, 0x00, 0x00, 0x0f, 0x17, 0x7b, 0x21, 0x15, 0x12, 0x84, 0x53, 0x1b, 0x16, 0x97, 0x67,
  0x20, 0x1b, 0xb7, 0x9d, 0x25, 0x20, 0xd9, 0xde, 0x29, 0x22, 0xe9, 0xf4, 0x26, 0x20, 0xdf, 0xe9,
  0x24, 0x1e, 0xd1, 0xcf, 0x24, 0x1f, 0xce, 0xcc, 0x26, 0x1f, 0xd4, 0xd3, 0x25, 0x1e, 0xd2, 0xce,
  0x23, 0x1e, 0xc8, 0xbb, 0x21, 0x1c, 0xc0, 0xaa, 0x20, 0x1b, 0xbc, 0xa6, 0x20, 0x1d, 0xc4, 0xb3,
  0x24, 0x1e, 0xd0, 0xcb, 0x26, 0x1f, 0xdd, 0xe2, 0x29, 0x22, 0xe5, 0xe8, 0x28, 0x21, 0xe3, 0xed,
  0x27, 0x1f, 0xd9, 0xdb, 0x23, 0x1e, 0xc9, 0xba, 0x20, 0x1b, 0xb7, 0x9e, 0x1e, 0x19, 0xad, 0x8c,
  0x1e, 0x18, 0xac, 0x88, 0x20, 0x1b, 0xb6, 0x9b, 0x25, 0x1f, 0xd0, 0xc5, 0x28, 0x20, 0xe0, 0xe3,
  0x24, 0x1d, 0xce, 0xc8, 0x1c, 0x16, 0x9d, 0x73, 0x15, 0x11, 0x6d, 0x3a, 0x11, 0x0d, 0x6d, 0x3a,
  0x1b, 0x17, 0xa2, 0x77, 0x25, 0x1e, 0xd3, 0xcb, 0x27, 0x22, 0xe4, 0xe1, 0x22, 0x1f, 0xcd, 0xc5,
  0x1f, 0x1a, 0xb4, 0x9a, 0x20, 0x1b, 0xb8, 0x9c, 0x24, 0x1e, 0xcf, 0xc8, 0x29, 0x22, 0xe6, 0xf6,
  0x2d, 0x25, 0xfc, 0xff, 0x2c, 0x25, 0xfb, 0xff, 0x28, 0x22, 0xea, 0xfd, 0x26, 0x1f, 0xda, 0xe2,
  0x24, 0x1f, 0xce, 0xc4, 0x23, 0x1d, 0xc5, 0xc8, 0x20, 0x1d, 0xc1, 0x57, 0x00, 0x00, 0x00, 0x00,
  0x00, 0x00, 0x00, 0x00, 0x1c, 0x00, 0x38, 0x09, 0x0b, 0x0b, 0x37, 0x17, 0x0d, 0x0d, 0x5b, 0x27,
  0x1b, 0x15, 0x87, 0x55, 0x20, 0x1b, 0xb1, 0x94, 0x23, 0x1c, 0xc6, 0xb4, 0x21, 0x1c, 0xbd, 0xa8,
  0x1f, 0x19, 0xad, 0x8a, 0x1c, 0x18, 0xa7, 0x7d, 0x1d, 0x19, 0xa2, 0x79, 0x1c, 0x15, 0x9e, 0x74,
  0x1b, 0x17, 0x9b, 0x6e, 0x1a, 0x18, 0x97, 0x6a, 0x19, 0x16, 0x94, 0x65, 0x19, 0x17, 0x92, 0x63,
  0x1a, 0x18, 0x95, 0x68, 0x1d, 0x16, 0xa3, 0x7a, 0x1f, 0x1a, 0xb5, 0x91, 0x21, 0x1b, 0xbe, 0xa7,
  0x20, 0x1b, 0xbc, 0xa4, 0x1f, 0x18, 0xab, 0x8a, 0x1a, 0x15, 0x98, 0x6b, 0x18, 0x15, 0x87, 0x53,
  0x19, 0x12, 0x7b, 0x46, 0x17, 0x14, 0x7f, 0x4c, 0x1b, 0x16, 0x94, 0x65, 0x1c, 0x18, 0xa3, 0x7e,
  0x1a, 0x16, 0x9b, 0x73, 0x17, 0x0f, 0x79, 0x41, 0x10, 0x08, 0x4a, 0x1f, 0x0f, 0x07, 0x55, 0x21,
  0x18, 0x14, 0x82, 0x4a, 0x1e, 0x18, 0xa5, 0x7e, 0x1a, 0x18, 0xa1, 0x7b, 0x16, 0x16, 0x7a, 0x4f,
  0x10, 0x0b, 0x5e, 0x2e, 0x13, 0x0e, 0x6b, 0x34, 0x19, 0x14, 0x8e, 0x64, 0x21, 0x1b, 0xbd, 0xa7,
  0x27, 0x22, 0xe0, 0xe0, 0x29, 0x23, 0xed, 0xfa, 0x27, 0x21, 0xe0, 0xe3, 0x21, 0x1b, 0xc0, 0xa8,
  0x1c, 0x18, 0x9f, 0x73, 0x18, 0x15, 0x8a, 0x5e, 0x15, 0x15, 0x86, 0x24, 0x00, 0x00, 0x00, 0x00,
  0x00, 0x00, 0x00, 0x00, 0x00, 0x00, 0x00, 0x01, 0x00, 0x00, 0x00, 0x02, 0x00, 0x00, 0x17, 0x0b,
  0x16, 0x11, 0x60, 0x2d, 0x19, 0x14, 0x95, 0x63, 0x1d, 0x19, 0xa4, 0x79, 0x1a, 0x12, 0x8e, 0x5f,
  0x15, 0x11, 0x72, 0x3c, 0x0f, 0x0f, 0x62, 0x31, 0x0f, 0x0f, 0x62, 0x31, 0x12, 0x0e, 0x6c, 0x36,
  0x14, 0x10, 0x75, 0x3f, 0x16, 0x12, 0x7b, 0x44, 0x14, 0x14, 0x79, 0x3f, 0x14, 0x14, 0x69, 0x33,
  0x11, 0x0b, 0x5e, 0x2b, 0x12, 0x0d, 0x6f, 0x37, 0x18, 0x15, 0x85, 0x54, 0x1a, 0x16, 0x9b, 0x73,
  0x1b, 0x17, 0xa1, 0x78, 0x1a, 0x14, 0x91, 0x62, 0x13, 0x0f, 0x79, 0x41, 0x0c, 0x0c, 0x5d, 0x29,
  0x12, 0x12, 0x55, 0x1b, 0x12, 0x09, 0x4b, 0x1b, 0x12, 0x0c, 0x61, 0x2a, 0x14, 0x10, 0x75, 0x3f,
  0x11, 0x11, 0x6e, 0x3c, 0x11, 0x08, 0x4c, 0x1e, 0x19, 0x00, 0x33, 0x0a, 0x00, 0x00, 0x27, 0x0d,
  0x12, 0x12, 0x5d, 0x29, 0x14, 0x14, 0x81, 0x4b, 0x14, 0x10, 0x77, 0x3e, 0x0a, 0x0a, 0x4a, 0x18,
  0x00, 0x00, 0x48, 0x07, 0x00, 0x00, 0x33, 0x0a, 0x0d, 0x0d, 0x59, 0x25, 0x18, 0x15, 0x8b, 0x5d,
  0x20, 0x1c, 0xba, 0x9f, 0x23, 0x1e, 0xcd, 0xc2, 0x20, 0x1b, 0xb9, 0x9d, 0x1a, 0x17, 0x88, 0x58,
  0x0d, 0x0d, 0x55, 0x27, 0x00, 0x00, 0x38, 0x12, 0x3f, 0x3f, 0x3f, 0x04, 0x00, 0x00, 0x00, 0x00,
  0x00, 0x00, 0x00, 0x00, 0x00, 0x00, 0x00, 0x00, 0x00, 0x00, 0x00, 0x00, 0x00, 0x00, 0x00, 0x02,
  0x09, 0x12, 0x48, 0x1c, 0x16, 0x13, 0x7f, 0x50, 0x1a, 0x15, 0x8b, 0x61, 0x14, 0x10, 0x75, 0x3d,
  0x08, 0x08, 0x4f, 0x1d, 0x0c, 0x00, 0x3f, 0x14, 0x0b, 0x0b, 0x39, 0x16, 0x08, 0x08, 0x4c, 0x1e,
  0x0b, 0x11, 0x5e, 0x2b, 0x13, 0x13, 0x69, 0x35, 0x14, 0x0f, 0x5d, 0x31, 0x08, 0x08, 0x4a, 0x1f,
  0x0c, 0x0c, 0x3f, 0x14, 0x09, 0x09, 0x4b, 0x1b, 0x16, 0x11, 0x6b, 0x39, 0x15, 0x13, 0x89, 0x5d,
  0x18, 0x15, 0x91, 0x69, 0x18, 0x12, 0x81, 0x53, 0x14, 0x0f, 0x62, 0x31, 0x0a, 0x0a, 0x47, 0x19,
  0x00, 0x00, 0x3f, 0x0c, 0x00, 0x00, 0x33, 0x0a, 0x0d, 0x0d, 0x43, 0x13, 0x0d, 0x06, 0x52, 0x25,
  0x15, 0x15, 0x5c, 0x24, 0x00, 0x0f, 0x3f, 0x10, 0x00, 0x00, 0x00, 0x03, 0x00, 0x00, 0x00, 0x05,
  0x12, 0x12, 0x51, 0x1c, 0x13, 0x0e, 0x65, 0x35, 0x14, 0x0d, 0x57, 0x26, 0x00, 0x00, 0x24, 0x07,
  0x00, 0x00, 0x00, 0x00, 0x00, 0x00, 0x00, 0x01, 0x12, 0x00, 0x36, 0x0e, 0x14, 0x14, 0x6d, 0x3f,
  0x1d, 0x17, 0xa0, 0x82, 0x1e, 0x1a, 0xb5, 0xa6, 0x1c, 0x18, 0x9d, 0x7d, 0x12, 0x0e, 0x67, 0x36,
  0x00, 0x00, 0x2a, 0x0c, 0x00, 0x00, 0xff, 0x01, 0x00, 0x00, 0x00, 0x00, 0x00, 0x00, 0x00, 0x00,
  0x00, 0x00, 0x00, 0x00, 0x00, 0x00, 0x00, 0x00, 0x00, 0x00, 0x00, 0x00, 0x00, 0x00, 0x00, 0x00,
  0x00, 0x00, 0x33, 0x05, 0x0f, 0x0f, 0x6f, 0x10, 0x1a, 0x1a, 0x86, 0x13, 0x17, 0x17, 0x73, 0x0b,
  0x00, 0x00, 0x33, 0x05, 0x00, 0x00, 0x55, 0x03, 0x00, 0x00, 0x00, 0x03, 0x00, 0x00, 0x33, 0x05,
  0x00, 0x00, 0x3f, 0x08, 0x19, 0x19, 0x66, 0x0a, 0x1c, 0x00, 0x55, 0x09, 0x00, 0x00, 0x33, 0x05,
  0x00, 0x00, 0x00, 0x03, 0x00, 0x00, 0x3f, 0x04, 0x00, 0x19, 0x66, 0x0a, 0x1c, 0x0e, 0x7f, 0x12,
  0x18, 0x18, 0x91, 0x15, 0x1e, 0x0f, 0x78, 0x11, 0x19, 0x00, 0x4c, 0x0a, 0x00, 0x00, 0x3f, 0x04,
  0x00, 0x00, 0x00, 0x02, 0x00, 0x00, 0x00, 0x01, 0x00, 0x00, 0x55, 0x03, 0x00, 0x00, 0x55, 0x06,
  0x00, 0x00, 0x55, 0x06, 0x00, 0x00, 0x7f, 0x02, 0x00, 0x00, 0x00, 0x00, 0x00, 0x00, 0x00, 0x01,
  0x00, 0x00, 0x66, 0x05, 0x19, 0x00, 0x66, 0x0a, 0x00, 0x24, 0x48, 0x07, 0x00, 0x00, 0x00, 0x01,
  0x00, 0x00, 0x00, 0x00, 0x00, 0x00, 0x00, 0x00, 0x00, 0x00, 0x00, 0x02, 0x15, 0x15, 0x6a, 0x0c,
  0x1d, 0x1d, 0x9c, 0x1a, 0x1e, 0x16, 0xac, 0x22, 0x1e, 0x14, 0x8e, 0x19, 0x1c, 0x00, 0x55, 0x09,
  0x00, 0x00, 0x00, 0x01, 0x00, 0x00, 0x00, 0x00, 0x00, 0x00, 0x00, 0x00, 0x00, 0x00, 0x00, 0x00,
  0x00, 0x00, 0x00, 0x00, 0x00, 0x00, 0x00, 0x00, 0x00, 0x00, 0x00, 0x00, 0x00, 0x00, 0x00, 0x00,
  0x00, 0x00, 0x00, 0x00, 0x00, 0x00, 0x00, 0x00, 0x00, 0x00, 0x00, 0x00, 0x00, 0x00, 0x00, 0x00,
  0x00, 0x00, 0x00, 0x00, 0x00, 0x00, 0x00, 0x00, 0x00, 0x00, 0x00, 0x00, 0x00, 0x00, 0x00, 0x00,
  0x00, 0x00, 0x00, 0x00, 0x00, 0x00, 0x00, 0x00, 0x00, 0x00, 0x00, 0x00, 0x00, 0x00, 0x00, 0x00,
  0x00, 0x00, 0x00, 0x00, 0x00, 0x00, 0x00, 0x00, 0x00, 0x00, 0x00, 0x00, 0x00, 0x00, 0x00, 0x00,
  0x00, 0x00, 0x00, 0x00, 0x00, 0x00, 0x00, 0x00, 0x00, 0x00, 0x00, 0x00, 0x00, 0x00, 0x00, 0x00,
  0x00, 0x00, 0x00, 0x00, 0x00, 0x00, 0x00, 0x00, 0x00, 0x00, 0x00, 0x00, 0x00, 0x00, 0x00, 0x00,
  0x00, 0x00, 0x00, 0x00, 0x00, 0x00, 0x00, 0x00, 0x00, 0x00, 0x00, 0x00, 0x00, 0x00, 0x00, 0x00,
  0x00, 0x00, 0x00, 0x00, 0x00, 0x00, 0x00, 0x00, 0x00, 0x00, 0x00, 0x00, 0x00, 0x00, 0x00, 0x00,
  0x00, 0x00, 0x00, 0x00, 0x00, 0x00, 0x00, 0x00, 0x00, 0x00, 0x00, 0x00, 0x00, 0x00, 0x00, 0x00,
  0x00, 0x00, 0x00, 0x00, 0x00, 0x00, 0x00, 0x00, 0x00, 0x00, 0x00, 0x00, 0x00, 0x00, 0x00, 0x00,
  0x00, 0x00, 0x00, 0x00, 0x00, 0x00, 0x00, 0x00, 0x00, 0x00, 0x00, 0x00, 0x00, 0x00, 0x00, 0x00,
  0x00, 0x00, 0x00, 0x00, 0x00, 0x00, 0x00, 0x00, 0x00, 0x00, 0x00, 0x00, 0x00, 0x00, 0x00, 0x00,
  0x00, 0x00, 0x00, 0x00, 0x00, 0x00, 0x00, 0x01, 0x00, 0x00, 0xff, 0x01, 0x00, 0x00, 0x00, 0x01,
  0x00, 0x00, 0x00, 0x00, 0x00, 0x00, 0x00, 0x00, 0x00, 0x00, 0x00, 0x00, 0x00, 0x00, 0x00, 0x00,
  0x00, 0x00, 0x00, 0x00, 0x00, 0x00, 0x00, 0x01, 0x00, 0x00, 0x00, 0x00, 0x00, 0x00, 0x00, 0x00,
  0x00, 0x00, 0x00, 0x00, 0x00, 0x00, 0x00, 0x00, 0x00, 0x00, 0x00, 0x01, 0x00, 0x00, 0x00, 0x01,
  0x00, 0x00, 0xff, 0x01, 0x00, 0x00, 0x00, 0x01, 0x00, 0x00, 0x00, 0x01, 0x00, 0x00, 0x00, 0x00,
  0x00, 0x00, 0x00, 0x00, 0x00, 0x00, 0x00, 0x00, 0x00, 0x00, 0x00, 0x00, 0x00, 0x00, 0x00, 0x00,
  0x00, 0x00, 0x00, 0x00, 0x00, 0x00, 0x00, 0x00, 0x00, 0x00, 0x00, 0x00, 0x00, 0x00, 0x00, 0x00,
  0x00, 0x00, 0x00, 0x00, 0x00, 0x00, 0x00, 0x01, 0x00, 0x00, 0x00, 0x00, 0x00, 0x00, 0x00, 0x00,
  0x00, 0x00, 0x00, 0x00, 0x00, 0x00, 0x00, 0x00, 0x00, 0x00, 0x00, 0x00, 0x00, 0x00, 0x00, 0x01,
  0x00, 0x00, 0xff, 0x01, 0x00, 0x00, 0x7f, 0x02, 0x00, 0x00, 0xff, 0x01, 0x00, 0x00, 0x00, 0x01,
  0x00, 0x00, 0x00, 0x00, 0x00, 0x00, 0x00, 0x00, 0x00, 0x00, 0x00, 0x00, 0x00, 0x00, 0x00, 0x00,
  0x00, 0x00, 0x00, 0x00, 0x00, 0x00, 0x00, 0x00, 0x00, 0x00, 0x00, 0x00, 0x00, 0x00, 0x00, 0x00,
  0x00, 0x00, 0x00, 0x00, 0x00, 0x00, 0x00, 0x00, 0x00, 0x00, 0x00, 0x00, 0x00, 0x00, 0x00, 0x00,
  0x00, 0x00, 0x00, 0x00, 0x00, 0x00, 0x00, 0x00, 0x00, 0x00, 0x00, 0x00, 0x00, 0x00, 0x00, 0x00,
  0x00, 0x00, 0x00, 0x00, 0x00, 0x00, 0x00, 0x00, 0x00, 0x00, 0x00, 0x00, 0x00, 0x00, 0x00, 0x00,
  0x00, 0x00, 0x00, 0x00, 0x00, 0x00, 0x00, 0x00, 0x00, 0x00, 0x00, 0x00, 0x00, 0x00, 0x00, 0x00,
  0x00, 0x00, 0x00, 0x00, 0x00, 0x00, 0x00, 0x00, 0x00, 0x00, 0x00, 0x00, 0x00, 0x00, 0x00, 0x00,
  0x00, 0x00, 0x00, 0x00, 0x00, 0x00, 0x00, 0x00, 0x00, 0x00, 0x00, 0x00, 0x00, 0x00, 0x00, 0x00,
  0x00, 0x00, 0x00, 0x00, 0x00, 0x00, 0x00, 0x00, 0x00, 0x00, 0x00, 0x00, 0x00, 0x00, 0x00, 0x00,
  0x00, 0x00, 0x00, 0x00, 0x00, 0x00, 0x00, 0x00, 0x00, 0x00, 0x00, 0x00, 0x00, 0x00, 0x00, 0x00,
  0x00, 0x00, 0x00, 0x00, 0x00, 0x00, 0x00, 0x00, 0x00, 0x00, 0x00, 0x00, 0x00, 0x00, 0x00, 0x00,
  0x00, 0x00, 0x00, 0x00, 0x00, 0x00, 0x00, 0x00, 0x00, 0x00, 0x00, 0x00, 0x00, 0x00, 0x00, 0x00,
  0x00, 0x00, 0x00, 0x00, 0x00, 0x00, 0x00, 0x00, 0x00, 0x00, 0x00, 0x00, 0x00, 0x00, 0x00, 0x00,
  0x00, 0x00, 0x00, 0x00, 0x00, 0x00, 0x00, 0x00, 0x00, 0x00, 0x00, 0x00, 0x00, 0x00, 0x00, 0x00,
  0x00, 0x00, 0x00, 0x00, 0x00, 0x00, 0x00, 0x00, 0x00, 0x00, 0x00, 0x00, 0x00, 0x00, 0x00, 0x00,
  0x00, 0x00, 0x00, 0x00, 0x00, 0x00, 0x00, 0x00, 0x00, 0x00, 0x00, 0x00, 0x00, 0x00, 0x00, 0x00,
  0x00, 0x00, 0x00, 0x00, 0x00, 0x00, 0x00, 0x00, 0x00, 0x00, 0x00, 0x00, 0x00, 0x00, 0x00, 0x00,
  0x00, 0x00, 0x00, 0x00, 0x00, 0x00, 0x00, 0x00, 0x00, 0x00, 0x00, 0x00, 0x00, 0x00, 0x00, 0x00,
  0x00, 0x00, 0x00, 0x00, 0x00, 0x00, 0x00, 0x00, 0x00, 0x00, 0x00, 0x00, 0x00, 0x00, 0x00, 0x00,
  0x00, 0x00, 0x00, 0x00, 0x00, 0x00, 0x00, 0x00, 0x00, 0x00, 0x00, 0x00, 0x00, 0x00, 0x00, 0x00,
  0x00, 0x00, 0x00, 0x00, 0x00, 0x00, 0x00, 0x00, 0x00, 0x00, 0x00, 0x00, 0x00, 0x00, 0x00, 0x00,
  0x00, 0x00, 0x00, 0x00, 0x00, 0x00, 0x00, 0x00, 0x00, 0x00, 0x00, 0x00, 0x00, 0x00, 0x00, 0x00,
  0x00, 0x00, 0x00, 0x00, 0x00, 0x00, 0x00, 0x00, 0x00, 0x00, 0x00, 0x00, 0x00, 0x00, 0x00, 0x00,
  0x00, 0x00, 0x00, 0x00, 0x00, 0x00, 0x00, 0x00, 0x00, 0x00, 0x00, 0x00, 0x00, 0x00, 0x00, 0x00,
  0x00, 0x00, 0x00, 0x00, 0x00, 0x00, 0x00, 0x00, 0x00, 0x00, 0x00, 0x00, 0x00, 0x00, 0x00, 0x00,
  0x00, 0x00, 0x00, 0x00, 0x00, 0x00, 0x00, 0x00, 0x00, 0x00, 0x00, 0x00, 0x00, 0x00, 0x00, 0x00,
  0x00, 0x00, 0x00, 0x00, 0x00, 0x00, 0x00, 0x00, 0x00, 0x00, 0x00, 0x00, 0x00, 0x00, 0x00, 0x00,
  0x00, 0x00, 0x00, 0x00, 0x00, 0x00, 0x00, 0x00, 0x00, 0x00, 0x00, 0x00, 0x00, 0x00, 0x00, 0x00,
  0x00, 0x00, 0x00, 0x00, 0x00, 0x00, 0x00, 0x00, 0x00, 0x00, 0x00, 0x00, 0x00, 0x00, 0x00, 0x00,
  0x00, 0x00, 0x00, 0x00, 0x00, 0x00, 0x00, 0x00, 0x00, 0x00, 0x00, 0x00, 0x00, 0x00, 0x00, 0x00,
  0x00, 0x00, 0x00, 0x00, 0x00, 0x00, 0x00, 0x00, 0x00, 0x00, 0x00, 0x00, 0x00, 0x00, 0x00, 0x00,
  0x00, 0x00, 0x00, 0x00, 0x00, 0x00, 0x00, 0x00, 0x00, 0x00, 0x00, 0x00, 0x00, 0x00, 0x00, 0x00,
  0x00, 0x00, 0x00, 0x00, 0x00, 0x00, 0x00, 0x00, 0x00, 0x00, 0x00, 0x00, 0x00, 0x00, 0x00, 0x00,
  0x00, 0x00, 0x00, 0x00, 0x00, 0x00, 0x00, 0x00, 0x00, 0x00, 0x00, 0x00, 0x00, 0x00, 0x00, 0x00,
  0x00, 0x00, 0x00, 0x00, 0x00, 0x00, 0x00, 0x00, 0x00, 0x00, 0x00, 0x00, 0x00, 0x00, 0x00, 0x00,
  0x00, 0x00, 0x00, 0x00, 0x00, 0x00, 0x00, 0x00, 0x00, 0x00, 0x00, 0x00, 0x00, 0x00, 0x00, 0x00,
  0x00, 0x00, 0x00, 0x00, 0x00, 0x00, 0x00, 0x00, 0x00, 0x00, 0x00, 0x00, 0x00, 0x00, 0x00, 0x00,
  0x00, 0x00, 0x00, 0x00, 0x00, 0x00, 0x00, 0x00, 0x00, 0x00, 0x00, 0x00, 0x00, 0x00, 0x00, 0x00,
  0x00, 0x00, 0x00, 0x00, 0x00, 0x00, 0x00, 0x00, 0x00, 0x00, 0x00, 0x00, 0x00, 0x00, 0x00, 0x00,
  0x00, 0x00, 0x00, 0x00, 0x00, 0x00, 0x00, 0x00, 0x00, 0x00, 0x00, 0x00, 0x00, 0x00, 0x00, 0x00,
  0x00, 0x00, 0x00, 0x00, 0x00, 0x00, 0x00, 0x00, 0x00, 0x00, 0x00, 0x00, 0x00, 0x00, 0x00, 0x00,
  0x00, 0x00, 0x00, 0x00, 0x00, 0x00, 0x00, 0x00, 0x00, 0x00, 0x00, 0x00, 0x00, 0x00, 0x00, 0x00,
  0x00, 0x00, 0x00, 0x00, 0x00, 0x00, 0x00, 0x00, 0x00, 0x00, 0x00, 0x00, 0x00, 0x00, 0x00, 0x00,
  0x00, 0x00, 0x00, 0x00, 0x00, 0x00, 0x00, 0x00, 0x00, 0x00, 0x00, 0x00, 0x00, 0x00, 0x00, 0x00,
  0x00, 0x00, 0x00, 0x00, 0x00, 0x00, 0x00, 0x00, 0x00, 0x00, 0x00, 0x00, 0x00, 0x00, 0x00, 0x00,
  0x00, 0x00, 0x00, 0x00, 0x00, 0x00, 0x00, 0x00, 0x00, 0x00, 0x00, 0x00, 0x00, 0x00, 0x00, 0x00,
  0x00, 0x00, 0x00, 0x00, 0x00, 0x00, 0x00, 0x00, 0x00, 0x00, 0x00, 0x00, 0x00, 0x00, 0x00, 0x00,
  0x00, 0x00, 0x00, 0x00, 0x00, 0x00, 0x00, 0x00, 0x00, 0x00, 0x00, 0x00, 0x00, 0x00, 0x00, 0x00,
  0x00, 0x00, 0x00, 0x00, 0x00, 0x00, 0x00, 0x00, 0x00, 0x00, 0x00, 0x00, 0x00, 0x00, 0x00, 0x00,
  0x00, 0x00, 0x00, 0x00, 0x00, 0x00, 0x00, 0x00, 0x00, 0x00, 0x00, 0x00, 0x00, 0x00, 0x00, 0x00,
  0x00, 0x00, 0x00, 0x00, 0x00, 0x00, 0x00, 0x00, 0x00, 0x00, 0x00, 0x00, 0x00, 0x00, 0x00, 0x00,
  0x00, 0x00, 0x00, 0x00, 0x00, 0x00, 0x00, 0x00, 0x00, 0x00, 0x00, 0x00, 0x00, 0x00, 0x00, 0x00,
  0x00, 0x00, 0x00, 0x00, 0x00, 0x00, 0x00, 0x00, 0x00, 0x00, 0x00, 0x00, 0x00, 0x00, 0x00, 0x00,
  0x00, 0x00, 0x00, 0x00, 0x00, 0x00, 0x00, 0x00, 0x00, 0x00, 0x00, 0x00, 0x00, 0x00, 0x00, 0x00,
  0x00, 0x00, 0x00, 0x00, 0x00, 0x00, 0x00, 0x00, 0x00, 0x00, 0x00, 0x00, 0x00, 0x00, 0x00, 0x00,
  0x00, 0x00, 0x00, 0x00, 0x00, 0x00, 0x00, 0x00, 0x00, 0x00, 0x00, 0x00, 0x00, 0x00, 0x00, 0x00,
  0x00, 0x00, 0x00, 0x00, 0x00, 0x00, 0x00, 0x00, 0x00, 0x00, 0x00, 0x00, 0x00, 0x00, 0x00, 0x00,
  0x00, 0x00, 0x00, 0x00, 0x00, 0x00, 0x00, 0x00, 0x00, 0x00, 0x00, 0x00, 0x00, 0x00, 0x00, 0x00,
  0x00, 0x00, 0x00, 0x00, 0x00, 0x00, 0x00, 0x00, 0x00, 0x00, 0x00, 0x00, 0x00, 0x00, 0x00, 0x00,
  0x00, 0x00, 0x00, 0x00, 0x00, 0x00, 0x00, 0x00, 0x00, 0x00, 0x00, 0x00, 0x00, 0x00, 0x00, 0x00,
  0x00, 0x00, 0x00, 0x00, 0x00, 0x00, 0x00, 0x00, 0x00, 0x00, 0x00, 0x00, 0x00, 0x00, 0x00, 0x00,
  0x00, 0x00, 0x00, 0x00, 0x00, 0x00, 0x00, 0x00, 0x00, 0x00, 0x00, 0x00, 0x00, 0x00, 0x00, 0x00,
  0x00, 0x00, 0x00, 0x00, 0x00, 0x00, 0x00, 0x00, 0x00, 0x00, 0x00, 0x00, 0x00, 0x00, 0x00, 0x00,
  0x00, 0x00, 0x00, 0x00, 0x00, 0x00, 0x00, 0x00, 0x00, 0x00, 0x00, 0x00, 0x00, 0x00, 0x00, 0x00,
  0x00, 0x00, 0x00, 0x00, 0x00, 0x00, 0x00, 0x00, 0x00, 0x00, 0x00, 0x00, 0x00, 0x00, 0x00, 0x00,
  0x00, 0x00, 0x00, 0x00, 0x00, 0x00, 0x00, 0x00, 0x00, 0x00, 0x00, 0x00, 0x00, 0x00, 0x00, 0x00,
  0x00, 0x00, 0x00, 0x00, 0x00, 0x00, 0x00, 0x00, 0x00, 0x00, 0x00, 0x00, 0x00, 0x00, 0x00, 0x00,
  0x00, 0x00, 0x00, 0x00, 0x00, 0x00, 0x00, 0x00, 0x00, 0x00, 0x00, 0x00, 0x00, 0x00, 0x00, 0x00,
  0x00, 0x00, 0x00, 0x00, 0x00, 0x00, 0x00, 0x00, 0x00, 0x00, 0x00, 0x00, 0x00, 0x00, 0x00, 0x00,
  0x00, 0x00, 0x00, 0x00, 0x00, 0x00, 0x00, 0x00, 0x00, 0x00, 0x00, 0x00, 0x00, 0x00, 0x00, 0x00,
  0x00, 0x00, 0x00, 0x00, 0x00, 0x00, 0x00, 0x00, 0x00, 0x00, 0x00, 0x00, 0x00, 0x00, 0x00, 0x00,
  0x00, 0x00, 0x00, 0x00, 0x00, 0x00, 0x00, 0x00, 0x00, 0x00, 0x00, 0x00, 0x00, 0x00, 0x00, 0x00,
  0x00, 0x00, 0x00, 0x00, 0x00, 0x00, 0x00, 0x00, 0x00, 0x00, 0x00, 0x00, 0x00, 0x00, 0x00, 0x00,
  0x00, 0x00, 0x00, 0x00, 0x00, 0x00, 0x00, 0x00, 0x00, 0x00, 0x00, 0x00, 0x00, 0x00, 0x00, 0x00,
  0x00, 0x00, 0x00, 0x00, 0x00, 0x00, 0x00, 0x00, 0x00, 0x00, 0x00, 0x00, 0x00, 0x00, 0x00, 0x00,
  0x00, 0x00, 0x00, 0x00, 0x00, 0x00, 0x00, 0x00, 0x00, 0x00, 0x00, 0x00, 0x00, 0x00, 0x00, 0x00,
  0x00, 0x00, 0x00, 0x00, 0x00, 0x00, 0x00, 0x00, 0x00, 0x00, 0x00, 0x00, 0x00, 0x00, 0x00, 0x00,
  0x00, 0x00, 0x00, 0x00, 0x00, 0x00, 0x00, 0x00, 0x00, 0x00, 0x00, 0x00, 0x00, 0x00, 0x00, 0x00,
  0x00, 0x00, 0x00, 0x00, 0x00, 0x00, 0x00, 0x00, 0x00, 0x00, 0x00, 0x00, 0x00, 0x00, 0x00, 0x00,
  0x00, 0x00, 0x00, 0x00, 0x00, 0x00, 0x00, 0x00, 0x00, 0x00, 0x00, 0x00, 0x00, 0x00, 0x00, 0x00,
  0x00, 0x00, 0x00, 0x00, 0x00, 0x00, 0x00, 0x00, 0x00, 0x00, 0x00, 0x00, 0x00, 0x00, 0x00, 0x00,
  0x00, 0x00, 0x00, 0x00, 0x00, 0x00, 0x00, 0x00, 0x00, 0x00, 0x00, 0x00, 0x00, 0x00, 0x00, 0x00,
  0x00, 0x00, 0x00, 0x00, 0x00, 0x00, 0x00, 0x00, 0x00, 0x00, 0x00, 0x00, 0x00, 0x00, 0x00, 0x00,
  0x00, 0x00, 0x00, 0x00, 0x00, 0x00, 0x00, 0x00, 0x00, 0x00, 0x00, 0x00, 0x00, 0x00, 0x00, 0x00,
  0x00, 0x00, 0x00, 0x00, 0x00, 0x00, 0x00, 0x00, 0x00, 0x00, 0x00, 0x00, 0x00, 0x00, 0x00, 0x00,
  0x00, 0x00, 0x00, 0x00, 0x00, 0x00, 0x00, 0x00, 0x00, 0x00, 0x00, 0x00, 0x00, 0x00, 0x00, 0x00,
  0x00, 0x00, 0x00, 0x00, 0x00, 0x00, 0x00, 0x00, 0x00, 0x00, 0x00, 0x00, 0x00, 0x00, 0x00, 0x00,
  0x00, 0x00, 0x00, 0x00, 0x00, 0x00, 0x00, 0x00, 0x00, 0x00, 0x00, 0x00, 0x00, 0x00, 0x00, 0x00,
  0x00, 0x00, 0x00, 0x00, 0x00, 0x00, 0x00, 0x00, 0x00, 0x00, 0x00, 0x00, 0x00, 0x00, 0x00, 0x00,
  0x00, 0x00, 0x00, 0x00, 0x00, 0x00, 0x00, 0x00, 0x00, 0x00, 0x00, 0x00, 0x00, 0x00, 0x00, 0x00,
  0x00, 0x00, 0x00, 0x00, 0x00, 0x00, 0x00, 0x00, 0x00, 0x00, 0x00, 0x00, 0x00, 0x00, 0x00, 0x00,
  0x00, 0x00, 0x00, 0x00, 0x00, 0x00, 0x00, 0x00, 0x00, 0x00, 0x00, 0x00, 0x00, 0x00, 0x00, 0x00,
  0x00, 0x00, 0x00, 0x00, 0x00, 0x00, 0x00, 0x00, 0x00, 0x00, 0x00, 0x00, 0x00, 0x00, 0x00, 0x00,
  0x00, 0x00, 0x00, 0x00, 0x00, 0x00, 0x00, 0x00, 0x00, 0x00, 0x00, 0x00, 0x00, 0x00, 0x00, 0x00,
  0x00, 0x00, 0x00, 0x00, 0x00, 0x00, 0x00, 0x00, 0x00, 0x00, 0x00, 0x00, 0x00, 0x00, 0x00, 0x00,
  0x00, 0x00, 0x00, 0x00, 0x00, 0x00, 0x00, 0x00, 0x00, 0x00, 0x00, 0x00, 0x00, 0x00, 0x00, 0x00,
  0x00, 0x00, 0x00, 0x00, 0x00, 0x00, 0x00, 0x00, 0x00, 0x00, 0x00, 0x00, 0x00, 0x00, 0x00, 0x00,
  0x00, 0x00, 0x00, 0x00, 0x00, 0x00, 0x00, 0x00, 0x00, 0x00, 0x00, 0x00, 0x00, 0x00, 0x00, 0x00,
  0x00, 0x00, 0x00, 0x00, 0x00, 0x00, 0x00, 0x00, 0x00, 0x00, 0x00, 0x00, 0x00, 0x00, 0x00, 0x00,
  0x00, 0x00, 0x00, 0x00, 0x00, 0x00, 0x00, 0x00, 0x00, 0x00, 0x00, 0x00, 0x00, 0x00, 0x00, 0x00,
  0x00, 0x00, 0x00, 0x00, 0x00, 0x00, 0x00, 0x00, 0x00, 0x00, 0x00, 0x00, 0x00, 0x00, 0x00, 0x00,
  0x00, 0x00, 0x00, 0x00, 0x00, 0x00, 0x00, 0x00, 0x00, 0x00, 0x00, 0x00, 0x00, 0x00, 0x00, 0x00,
  0x00, 0x00, 0x00, 0x00, 0x00, 0x00, 0x00, 0x00, 0x00, 0x00, 0x00, 0x00, 0x00, 0x00, 0x00, 0x00,
  0x00, 0x00, 0x00, 0x00, 0x00, 0x00, 0x00, 0x00, 0x00, 0x00, 0x00, 0x00, 0x00, 0x00, 0x00, 0x00,
  0x00, 0x00, 0x00, 0x00, 0x00, 0x00, 0x00, 0x00, 0x00, 0x00, 0x00, 0x00, 0x00, 0x00, 0x00, 0x00,
  0x00, 0x00, 0x00, 0x00, 0x00, 0x00, 0x00, 0x00, 0x00, 0x00, 0x00, 0x00, 0x00, 0x00, 0x00, 0x00,
  0x00, 0x00, 0x00, 0x00, 0x00, 0x00, 0x00, 0x00, 0x00, 0x00, 0x00, 0x00, 0x00, 0x00, 0x00, 0x00,
  0x00, 0x00, 0x00, 0x00, 0x00, 0x00, 0x00, 0x00, 0x00, 0x00, 0x00, 0x00, 0x00, 0x00, 0x00, 0x00,
  0x00, 0x00, 0x00, 0x00, 0x00, 0x00, 0x00, 0x00, 0x00, 0x00, 0x00, 0x00, 0x00, 0x00, 0x00, 0x00,
  0x00, 0x00, 0x00, 0x00, 0x00, 0x00, 0x00, 0x00, 0x00, 0x00, 0x00, 0x00, 0x00, 0x00, 0x00, 0x00,
  0x00, 0x00, 0x00, 0x00, 0x00, 0x00, 0x00, 0x00, 0x00, 0x00, 0x00, 0x00, 0x00, 0x00, 0x00, 0x00,
  0x00, 0x00, 0x00, 0x00, 0x00, 0x00, 0x00, 0x00, 0x00, 0x00, 0x00, 0x00, 0x00, 0x00, 0x00, 0x00,
  0x00, 0x00, 0x00, 0x00, 0x00, 0x00, 0x00, 0x00, 0x00, 0x00, 0x00, 0x00, 0x00, 0x00, 0x00, 0x00,
  0x00, 0x00, 0x00, 0x00, 0x00, 0x00, 0x00, 0x00, 0x00, 0x00, 0x00, 0x00, 0x00, 0x00, 0x00, 0x00,
  0x00, 0x00, 0x00, 0x00, 0x00, 0x00, 0x00, 0x00, 0x00, 0x00, 0x00, 0x00, 0x00, 0x00, 0x00, 0x00,
  0x00, 0x00, 0x00, 0x00, 0x00, 0x00, 0x00, 0x00, 0x00, 0x00, 0x00, 0x00, 0x00, 0x00, 0x00, 0x00,
  0x00, 0x00, 0x00, 0x00, 0x00, 0x00, 0x00, 0x00, 0x00, 0x00, 0x00, 0x00, 0x00, 0x00, 0x00, 0x00,
  0x00, 0x00, 0x00, 0x00, 0x00, 0x00, 0x00, 0x00, 0x00, 0x00, 0x00, 0x00, 0x00, 0x00, 0x00, 0x00,
  0x00, 0x00, 0x00, 0x00, 0x00, 0x00, 0x00, 0x00, 0x00, 0x00, 0x00, 0x00, 0x00, 0x00, 0x00, 0x00,
  0x00, 0x00, 0x00, 0x00, 0x00, 0x00, 0x00, 0x00, 0x00, 0x00, 0x00, 0x00, 0x00, 0x00, 0x00, 0x00,
  0x00, 0x00, 0x00, 0x00, 0x00, 0x00, 0x00, 0x00, 0x00, 0x00, 0x00, 0x00, 0x00, 0x00, 0x00, 0x00,
  0x00, 0x00, 0x00, 0x00, 0x00, 0x00, 0x00, 0x00, 0x00, 0x00, 0x00, 0x00, 0x00, 0x00, 0x00, 0x00,
  0x00, 0x00, 0x00, 0x00, 0x00, 0x00, 0x00, 0x00, 0x00, 0x00, 0x00, 0x00, 0x00, 0x00, 0x00, 0x00,
  0x00, 0x00, 0x00, 0x00, 0x00, 0x00, 0x00, 0x00, 0x00, 0x00, 0x00, 0x00, 0x00, 0x00, 0x00, 0x00,
  0x00, 0x00, 0x00, 0x00, 0x00, 0x00, 0x00, 0x00, 0x00, 0x00, 0x00, 0x00, 0x00, 0x00, 0x00, 0x00,
  0x00, 0x00, 0x00, 0x00, 0x00, 0x00, 0x00, 0x00, 0x00, 0x00, 0x00, 0x00, 0x00, 0x00, 0x00, 0x00,
  0x00, 0x00, 0x00, 0x00, 0x00, 0x00, 0x00, 0x00, 0x00, 0x00, 0x00, 0x00, 0x00, 0x00, 0x00, 0x00,
  0x00, 0x00, 0x00, 0x00, 0x00, 0x00, 0x00, 0x00, 0x00, 0x00, 0x00, 0x00, 0x00, 0x00, 0x00, 0x00,
  0x00, 0x00, 0x00, 0x00, 0x00, 0x00, 0x00, 0x00, 0x00, 0x00, 0x00, 0x00, 0x00, 0x00, 0x00, 0x00,
  0x00, 0x00, 0x00, 0x00, 0x00, 0x00, 0x00, 0x00, 0x00, 0x00, 0x00, 0x00, 0x00, 0x00, 0x00, 0x00,
  0x00, 0x00, 0x00, 0x00, 0x00, 0x00, 0x00, 0x00, 0x00, 0x00, 0x00, 0x00, 0x00, 0x00, 0x00, 0x00,
  0x00, 0x00, 0x00, 0x00, 0x00, 0x00, 0x00, 0x00, 0x00, 0x00, 0x00, 0x00, 0x00, 0x00, 0x00, 0x00,
  0x00, 0x00, 0x00, 0x00, 0x00, 0x00, 0x00, 0x00, 0x00, 0x00, 0x00, 0x00, 0x00, 0x00, 0x00, 0x00,
  0x00, 0x00, 0x00, 0x00, 0x00, 0x00, 0x00, 0x00, 0x00, 0x00, 0x00, 0x00, 0x00, 0x00, 0x00, 0x00,
  0x00, 0x00, 0x00, 0x00, 0x00, 0x00, 0x00, 0x00, 0x00, 0x00, 0x00, 0x00, 0x00, 0x00, 0x00, 0x00,
  0x00, 0x00, 0x00, 0x00, 0x00, 0x00, 0x00, 0x00, 0x00, 0x00, 0x00, 0x00, 0x00, 0x00, 0x00, 0x00,
  0x00, 0x00, 0x00, 0x00, 0x00, 0x00, 0x00, 0x00, 0x00, 0x00, 0x00, 0x00, 0x00, 0x00, 0x00, 0x00,
  0x00, 0x00, 0x00, 0x00, 0x00, 0x00, 0x00, 0x00, 0x00, 0x00, 0x00, 0x00, 0x00, 0x00, 0x00, 0x00,
  0x00, 0x00, 0x00, 0x00, 0x00, 0x00, 0x00, 0x00, 0x00, 0x00, 0x00, 0x00, 0x00, 0x00, 0x00, 0x00,
  0x00, 0x00, 0x00, 0x00, 0x00, 0x00, 0x00, 0x00, 0x00, 0x00, 0x00, 0x00, 0x00, 0x00, 0x00, 0x00,
  0x00, 0x00, 0x00, 0x00, 0x00, 0x00, 0x00, 0x00, 0x00, 0x00, 0x00, 0x00, 0x00, 0x00, 0x00, 0x00,
  0x00, 0x00, 0x00, 0x00, 0x00, 0x00, 0x00, 0x00, 0x00, 0x00, 0x00, 0x00, 0x00, 0x00, 0x00, 0x00,
  0x00, 0x00, 0x00, 0x00, 0x00, 0x00, 0x00, 0x00, 0x00, 0x00, 0x00, 0x00, 0x00, 0x00, 0x00, 0x00,
  0x00, 0x00, 0x00, 0x00, 0x00, 0x00, 0x00, 0x00, 0x00, 0x00, 0x00, 0x00, 0x00, 0x00, 0x00, 0x00,
  0x00, 0x00, 0x00, 0x00, 0x00, 0x00, 0x00, 0x00, 0x00, 0x00, 0x00, 0x00, 0x00, 0x00, 0x00, 0x00,
  0x00, 0x00, 0x00, 0x00, 0x00, 0x00, 0x00, 0x00, 0x00, 0x00, 0x00, 0x00, 0x00, 0x00, 0x00, 0x00,
  0x00, 0x00, 0x00, 0x00, 0x00, 0x00, 0x00, 0x00, 0x00, 0x00, 0x00, 0x00, 0x00, 0x00, 0x00, 0x00,
  0x00, 0x00, 0x00, 0x00, 0x00, 0x00, 0x00, 0x00, 0x00, 0x00, 0x00, 0x00, 0x00, 0x00, 0x00, 0x00,
  0x00, 0x00, 0x00, 0x00, 0x00, 0x00, 0x00, 0x00, 0x00, 0x00, 0x00, 0x00, 0x00, 0x00, 0x00, 0x00,
  0x00, 0x00, 0x00, 0x00, 0x00, 0x00, 0x00, 0x00, 0x00, 0x00, 0x00, 0x00, 0x00, 0x00, 0x00, 0x00,
  0x00, 0x00, 0x00, 0x00, 0x00, 0x00, 0x00, 0x00, 0x00, 0x00, 0x00, 0x00, 0x00, 0x00, 0x00, 0x00,
  0x00, 0x00, 0x00, 0x00, 0x00, 0x00, 0x00, 0x00, 0x00, 0x00, 0x00, 0x00, 0x00, 0x00, 0x00, 0x00,
  0x00, 0x00, 0x00, 0x00, 0x00, 0x00, 0x00, 0x00, 0x00, 0x00, 0x00, 0x00, 0x00, 0x00, 0x00, 0x00,
  0x00, 0x00, 0x00, 0x00, 0x00, 0x00, 0x00, 0x00, 0x00, 0x00, 0x00, 0x00, 0x00, 0x00, 0x00, 0x00,
  0x00, 0x00, 0x00, 0x00, 0x00, 0x00, 0x00, 0x00, 0x00, 0x00, 0x00, 0x00, 0x00, 0x00, 0x00, 0x00,
  0x00, 0x00, 0x00, 0x00, 0x00, 0x00, 0x00, 0x00, 0x00, 0x00, 0x00, 0x00, 0x00, 0x00, 0x00, 0x00,
  0x00, 0x00, 0x00, 0x00, 0x00, 0x00, 0x00, 0x00, 0x00, 0x00, 0x00, 0x00, 0x00, 0x00, 0x00, 0x00,
  
};

const lv_image_dsc_t logo_TSM = {
  .header = { .magic = LV_IMAGE_HEADER_MAGIC, .cf = LV_COLOR_FORMAT_ARGB8888, .flags = 0, .w = 48, .h = 48, .stride = 192, .reserved_2 = 0 },
  .data_size = sizeof(logo_TSM_data),
  .data = logo_TSM_data,
  .reserved = nullptr,
};

namespace logos_data {

const lv_image_dsc_t* find(const char* symbol) {
  if (!symbol) return nullptr;
  if (std::strcmp(symbol, "ADBE") == 0) return &logo_ADBE;
  if (std::strcmp(symbol, "AMD") == 0) return &logo_AMD;
  if (std::strcmp(symbol, "ARM") == 0) return &logo_ARM;
  if (std::strcmp(symbol, "DELL") == 0) return &logo_DELL;
  if (std::strcmp(symbol, "GOOGL") == 0) return &logo_GOOGL;
  if (std::strcmp(symbol, "HPE") == 0) return &logo_HPE;
  if (std::strcmp(symbol, "IBM") == 0) return &logo_IBM;
  if (std::strcmp(symbol, "MU") == 0) return &logo_MU;
  if (std::strcmp(symbol, "QCOM") == 0) return &logo_QCOM;
  if (std::strcmp(symbol, "SPOT") == 0) return &logo_SPOT;
  if (std::strcmp(symbol, "TSM") == 0) return &logo_TSM;
  return nullptr;
}

}  // namespace logos_data
